date,SPX,NASDAQ,FTSE100,N225,DAX,HSI,ASX200,US5Y_TR,US10Y_TR,US30Y_TR,GOLD_F,WTI_F,SILVER_F,COPPER_F,USDX,EURUSD,GBPUSD,JPYUSD
1927-12-31,,,,,,,,,,,,,,,,,,
1928-01-31,,,,,,,,,,,,,,,,,,
1928-02-29,,,,,,,,,,,,,,,,,,
1928-03-31,,,,,,,,,,,,,,,,,,
1928-04-30,,,,,,,,,,,,,,,,,,
1928-05-31,,,,,,,,,,,,,,,,,,
1928-06-30,,,,,,,,,,,,,,,,,,
1928-07-31,,,,,,,,,,,,,,,,,,
1928-08-31,,,,,,,,,,,,,,,,,,
1928-09-30,,,,,,,,,,,,,,,,,,
1928-10-31,,,,,,,,,,,,,,,,,,
1928-11-30,,,,,,,,,,,,,,,,,,
1928-12-31,,,,,,,,,,,,,,,,,,
1929-01-31,,,,,,,,,,,,,,,,,,
1929-02-28,,,,,,,,,,,,,,,,,,
1929-03-31,,,,,,,,,,,,,,,,,,
1929-04-30,,,,,,,,,,,,,,,,,,
1929-05-31,,,,,,,,,,,,,,,,,,
1929-06-30,,,,,,,,,,,,,,,,,,
1929-07-31,,,,,,,,,,,,,,,,,,
1929-08-31,,,,,,,,,,,,,,,,,,
1929-09-30,,,,,,,,,,,,,,,,,,
1929-10-31,,,,,,,,,,,,,,,,,,
1929-11-30,,,,,,,,,,,,,,,,,,
1929-12-31,,,,,,,,,,,,,,,,,,
1930-01-31,,,,,,,,,,,,,,,,,,
1930-02-28,,,,,,,,,,,,,,,,,,
1930-03-31,,,,,,,,,,,,,,,,,,
1930-04-30,,,,,,,,,,,,,,,,,,
1930-05-31,,,,,,,,,,,,,,,,,,
1930-06-30,,,,,,,,,,,,,,,,,,
1930-07-31,,,,,,,,,,,,,,,,,,
1930-08-31,,,,,,,,,,,,,,,,,,
1930-09-30,,,,,,,,,,,,,,,,,,
1930-10-31,,,,,,,,,,,,,,,,,,
1930-11-30,,,,,,,,,,,,,,,,,,
1930-12-31,,,,,,,,,,,,,,,,,,
1931-01-31,,,,,,,,,,,,,,,,,,
1931-02-28,,,,,,,,,,,,,,,,,,
1931-03-31,,,,,,,,,,,,,,,,,,
1931-04-30,,,,,,,,,,,,,,,,,,
1931-05-31,,,,,,,,,,,,,,,,,,
1931-06-30,,,,,,,,,,,,,,,,,,
1931-07-31,,,,,,,,,,,,,,,,,,
1931-08-31,,,,,,,,,,,,,,,,,,
1931-09-30,,,,,,,,,,,,,,,,,,
1931-10-31,,,,,,,,,,,,,,,,,,
1931-11-30,,,,,,,,,,,,,,,,,,
1931-12-31,,,,,,,,,,,,,,,,,,
1932-01-31,,,,,,,,,,,,,,,,,,
1932-02-29,,,,,,,,,,,,,,,,,,
1932-03-31,,,,,,,,,,,,,,,,,,
1932-04-30,,,,,,,,,,,,,,,,,,
1932-05-31,,,,,,,,,,,,,,,,,,
1932-06-30,,,,,,,,,,,,,,,,,,
1932-07-31,,,,,,,,,,,,,,,,,,
1932-08-31,,,,,,,,,,,,,,,,,,
1932-09-30,,,,,,,,,,,,,,,,,,
1932-10-31,,,,,,,,,,,,,,,,,,
1932-11-30,1.0,,,,,,,,,,,,,,,,,
1932-12-31,1.0,,,,,,,,,,,,,,,,,
1933-01-31,1.0,,,,,,,,,,,,,,,,,
1933-02-28,1.0,,,,,,,,,,,,,,,,,
1933-03-31,1.0,,,,,,,,,,,,,,,,,
1933-04-30,1.0,,,,,,,,,,,,,,,,,
1933-05-31,1.0,,,,,,,,,,,,,,,,,
1933-06-30,1.0,,,,,,,,,,,,,,,,,
1933-07-31,1.0,,,,,,,,,,,,,,,,,
1933-08-31,1.0,,,,,,,,,,,,,,,,,
1933-09-30,1.0,,,,,,,,,,,,,,,,,
1933-10-31,1.0,,,,,,,,,,,,,,,,,
1933-11-30,1.0,,,,,,,,,,,,,,,,,
1933-12-31,1.0,,,,,,,,,,,,,,,,,
1934-01-31,1.0,,,,,,,,,,,,,,,,,
1934-02-28,1.0,,,,,,,,,,,,,,,,,
1934-03-31,1.0,,,,,,,,,,,,,,,,,
1934-04-30,1.0,,,,,,,,,,,,,,,,,
1934-05-31,1.0,,,,,,,,,,,,,,,,,
1934-06-30,1.0,,,,,,,,,,,,,,,,,
1934-07-31,1.0,,,,,,,,,,,,,,,,,
1934-08-31,1.0,,,,,,,,,,,,,,,,,
1934-09-30,1.0,,,,,,,,,,,,,,,,,
1934-10-31,1.0,,,,,,,,,,,,,,,,,
1934-11-30,1.0,,,,,,,,,,,,,,,,,
1934-12-31,1.0,,,,,,,,,,,,,,,,,
1935-01-31,1.0,,,,,,,,,,,,,,,,,
1935-02-28,1.0,,,,,,,,,,,,,,,,,
1935-03-31,1.0,,,,,,,,,,,,,,,,,
1935-04-30,1.0,,,,,,,,,,,,,,,,,
1935-05-31,1.0,,,,,,,,,,,,,,,,,
1935-06-30,1.0,,,,,,,,,,,,,,,,,
1935-07-31,1.0,,,,,,,,,,,,,,,,,
1935-08-31,1.0,,,,,,,,,,,,,,,,,
1935-09-30,1.0,,,,,,,,,,,,,,,,,
1935-10-31,1.0,,,,,,,,,,,,,,,,,
1935-11-30,1.0,,,,,,,,,,,,,,,,,
1935-12-31,1.0,,,,,,,,,,,,,,,,,
1936-01-31,1.0,,,,,,,,,,,,,,,,,
1936-02-29,1.0,,,,,,,,,,,,,,,,,
1936-03-31,1.0,,,,,,,,,,,,,,,,,
1936-04-30,1.0,,,,,,,,,,,,,,,,,
1936-05-31,1.0,,,,,,,,,,,,,,,,,
1936-06-30,1.0,,,,,,,,,,,,,,,,,
1936-07-31,1.0,,,,,,,,,,,,,,,,,
1936-08-31,1.0,,,,,,,,,,,,,,,,,
1936-09-30,1.0,,,,,,,,,,,,,,,,,
1936-10-31,1.0,,,,,,,,,,,,,,,,,
1936-11-30,1.0,,,,,,,,,,,,,,,,,
1936-12-31,1.0,,,,,,,,,,,,,,,,,
1937-01-31,1.0,,,,,,,,,,,,,,,,,
1937-02-28,1.0,,,,,,,,,,,,,,,,,
1937-03-31,1.0,,,,,,,,,,,,,,,,,
1937-04-30,1.0,,,,,,,,,,,,,,,,,
1937-05-31,1.0,,,,,,,,,,,,,,,,,
1937-06-30,1.0,,,,,,,,,,,,,,,,,
1937-07-31,1.0,,,,,,,,,,,,,,,,,
1937-08-31,1.0,,,,,,,,,,,,,,,,,
1937-09-30,1.0,,,,,,,,,,,,,,,,,
1937-10-31,1.0,,,,,,,,,,,,,,,,,
1937-11-30,1.0,,,,,,,,,,,,,,,,,
1937-12-31,1.0,,,,,,,,,,,,,,,,,
1938-01-31,1.0,,,,,,,,,,,,,,,,,
1938-02-28,1.0,,,,,,,,,,,,,,,,,
1938-03-31,1.0,,,,,,,,,,,,,,,,,
1938-04-30,1.0,,,,,,,,,,,,,,,,,
1938-05-31,1.0,,,,,,,,,,,,,,,,,
1938-06-30,1.0,,,,,,,,,,,,,,,,,
1938-07-31,1.0,,,,,,,,,,,,,,,,,
1938-08-31,1.0,,,,,,,,,,,,,,,,,
1938-09-30,1.0,,,,,,,,,,,,,,,,,
1938-10-31,1.0,,,,,,,,,,,,,,,,,
1938-11-30,1.0,,,,,,,,,,,,,,,,,
1938-12-31,1.0,,,,,,,,,,,,,,,,,
1939-01-31,1.0,,,,,,,,,,,,,,,,,
1939-02-28,1.0,,,,,,,,,,,,,,,,,
1939-03-31,1.0,,,,,,,,,,,,,,,,,
1939-04-30,1.0,,,,,,,,,,,,,,,,,
1939-05-31,1.0,,,,,,,,,,,,,,,,,
1939-06-30,1.0,,,,,,,,,,,,,,,,,
1939-07-31,1.0,,,,,,,,,,,,,,,,,
1939-08-31,1.0,,,,,,,,,,,,,,,,,
1939-09-30,1.0,,,,,,,,,,,,,,,,,
1939-10-31,1.0,,,,,,,,,,,,,,,,,
1939-11-30,1.0,,,,,,,,,,,,,,,,,
1939-12-31,1.0,,,,,,,,,,,,,,,,,
1940-01-31,1.0,,,,,,,,,,,,,,,,,
1940-02-29,1.0,,,,,,,,,,,,,,,,,
1940-03-31,1.0,,,,,,,,,,,,,,,,,
1940-04-30,1.0,,,,,,,,,,,,,,,,,
1940-05-31,1.0,,,,,,,,,,,,,,,,,
1940-06-30,1.0,,,,,,,,,,,,,,,,,
1940-07-31,1.0,,,,,,,,,,,,,,,,,
1940-08-31,1.0,,,,,,,,,,,,,,,,,
1940-09-30,1.0,,,,,,,,,,,,,,,,,
1940-10-31,1.0,,,,,,,,,,,,,,,,,
1940-11-30,1.0,,,,,,,,,,,,,,,,,
1940-12-31,1.0,,,,,,,,,,,,,,,,,
1941-01-31,1.0,,,,,,,,,,,,,,,,,
1941-02-28,1.0,,,,,,,,,,,,,,,,,
1941-03-31,1.0,,,,,,,,,,,,,,,,,
1941-04-30,1.0,,,,,,,,,,,,,,,,,
1941-05-31,1.0,,,,,,,,,,,,,,,,,
1941-06-30,1.0,,,,,,,,,,,,,,,,,
1941-07-31,1.0,,,,,,,,,,,,,,,,,
1941-08-31,1.0,,,,,,,,,,,,,,,,,
1941-09-30,1.0,,,,,,,,,,,,,,,,,
1941-10-31,1.0,,,,,,,,,,,,,,,,,
1941-11-30,1.0,,,,,,,,,,,,,,,,,
1941-12-31,1.0,,,,,,,,,,,,,,,,,
1942-01-31,1.0,,,,,,,,,,,,,,,,,
1942-02-28,1.0,,,,,,,,,,,,,,,,,
1942-03-31,1.0,,,,,,,,,,,,,,,,,
1942-04-30,1.0,,,,,,,,,,,,,,,,,
1942-05-31,1.0,,,,,,,,,,,,,,,,,
1942-06-30,1.0,,,,,,,,,,,,,,,,,
1942-07-31,1.0,,,,,,,,,,,,,,,,,
1942-08-31,1.0,,,,,,,,,,,,,,,,,
1942-09-30,1.0,,,,,,,,,,,,,,,,,
1942-10-31,1.0,,,,,,,,,,,,,,,,,
1942-11-30,1.0,,,,,,,,,,,,,,,,,
1942-12-31,1.0,,,,,,,,,,,,,,,,,
1943-01-31,1.0,,,,,,,,,,,,,,,,,
1943-02-28,1.0,,,,,,,,,,,,,,,,,
1943-03-31,1.0,,,,,,,,,,,,,,,,,
1943-04-30,1.0,,,,,,,,,,,,,,,,,
1943-05-31,1.0,,,,,,,,,,,,,,,,,
1943-06-30,1.0,,,,,,,,,,,,,,,,,
1943-07-31,1.0,,,,,,,,,,,,,,,,,
1943-08-31,1.0,,,,,,,,,,,,,,,,,
1943-09-30,1.0,,,,,,,,,,,,,,,,,
1943-10-31,1.0,,,,,,,,,,,,,,,,,
1943-11-30,1.0,,,,,,,,,,,,,,,,,
1943-12-31,1.0,,,,,,,,,,,,,,,,,
1944-01-31,1.0,,,,,,,,,,,,,,,,,
1944-02-29,1.0,,,,,,,,,,,,,,,,,
1944-03-31,1.0,,,,,,,,,,,,,,,,,
1944-04-30,1.0,,,,,,,,,,,,,,,,,
1944-05-31,1.0,,,,,,,,,,,,,,,,,
1944-06-30,1.0,,,,,,,,,,,,,,,,,
1944-07-31,1.0,,,,,,,,,,,,,,,,,
1944-08-31,1.0,,,,,,,,,,,,,,,,,
1944-09-30,1.0,,,,,,,,,,,,,,,,,
1944-10-31,1.0,,,,,,,,,,,,,,,,,
1944-11-30,1.0,,,,,,,,,,,,,,,,,
1944-12-31,1.0,,,,,,,,,,,,,,,,,
1945-01-31,1.0,,,,,,,,,,,,,,,,,
1945-02-28,1.0,,,,,,,,,,,,,,,,,
1945-03-31,1.0,,,,,,,,,,,,,,,,,
1945-04-30,1.0,,,,,,,,,,,,,,,,,
1945-05-31,1.0,,,,,,,,,,,,,,,,,
1945-06-30,1.0,,,,,,,,,,,,,,,,,
1945-07-31,1.0,,,,,,,,,,,,,,,,,
1945-08-31,1.0,,,,,,,,,,,,,,,,,
1945-09-30,1.0,,,,,,,,,,,,,,,,,
1945-10-31,1.0,,,,,,,,,,,,,,,,,
1945-11-30,1.0,,,,,,,,,,,,,,,,,
1945-12-31,1.0,,,,,,,,,,,,,,,,,
1946-01-31,1.0,,,,,,,,,,,,,,,,,
1946-02-28,1.0,,,,,,,,,,,,,,,,,
1946-03-31,1.0,,,,,,,,,,,,,,,,,
1946-04-30,1.0,,,,,,,,,,,,,,,,,
1946-05-31,1.0,,,,,,,,,,,,,,,,,
1946-06-30,1.0,,,,,,,,,,,,,,,,,
1946-07-31,1.0,,,,,,,,,,,,,,,,,
1946-08-31,1.0,,,,,,,,,,,,,,,,,
1946-09-30,1.0,,,,,,,,,,,,,,,,,
1946-10-31,1.0,,,,,,,,,,,,,,,,,
1946-11-30,1.0,,,,,,,,,,,,,,,,,
1946-12-31,1.0,,,,,,,,,,,,,,,,,
1947-01-31,1.0,,,,,,,,,,,,,,,,,
1947-02-28,1.0,,,,,,,,,,,,,,,,,
1947-03-31,1.0,,,,,,,,,,,,,,,,,
1947-04-30,1.0,,,,,,,,,,,,,,,,,
1947-05-31,1.0,,,,,,,,,,,,,,,,,
1947-06-30,1.0,,,,,,,,,,,,,,,,,
1947-07-31,1.0,,,,,,,,,,,,,,,,,
1947-08-31,1.0,,,,,,,,,,,,,,,,,
1947-09-30,1.0,,,,,,,,,,,,,,,,,
1947-10-31,1.0,,,,,,,,,,,,,,,,,
1947-11-30,1.0,,,,,,,,,,,,,,,,,
1947-12-31,1.0,,,,,,,,,,,,,,,,,
1948-01-31,1.0,,,,,,,,,,,,,,,,,
1948-02-29,1.0,,,,,,,,,,,,,,,,,
1948-03-31,1.0,,,,,,,,,,,,,,,,,
1948-04-30,1.0,,,,,,,,,,,,,,,,,
1948-05-31,1.0,,,,,,,,,,,,,,,,,
1948-06-30,1.0,,,,,,,,,,,,,,,,,
1948-07-31,1.0,,,,,,,,,,,,,,,,,
1948-08-31,1.0,,,,,,,,,,,,,,,,,
1948-09-30,1.0,,,,,,,,,,,,,,,,,
1948-10-31,1.0,,,,,,,,,,,,,,,,,
1948-11-30,1.0,,,,,,,,,,,,,,,,,
1948-12-31,1.0,,,,,,,,,,,,,,,,,
1949-01-31,1.0,,,,,,,,,,,,,,,,,
1949-02-28,1.0,,,,,,,,,,,,,,,,,
1949-03-31,1.0,,,,,,,,,,,,,,,,,
1949-04-30,1.0,,,,,,,,,,,,,,,,,
1949-05-31,1.0,,,,,,,,,,,,,,,,,
1949-06-30,1.0,,,,,,,,,,,,,,,,,
1949-07-31,1.0,,,,,,,,,,,,,,,,,
1949-08-31,1.0,,,,,,,,,,,,,,,,,
1949-09-30,1.0,,,,,,,,,,,,,,,,,
1949-10-31,1.0,,,,,,,,,,,,,,,,,
1949-11-30,1.0,,,,,,,,,,,,,,,,,
1949-12-31,1.0,,,,,,,,,,,,,,,,,
1950-01-31,1.0,,,,,,,,,,,,,,,,,
1950-02-28,1.0,,,,,,,,,,,,,,,,,
1950-03-31,1.0,,,,,,,,,,,,,,,,,
1950-04-30,1.0,,,,,,,,,,,,,,,,,
1950-05-31,1.0,,,,,,,,,,,,,,,,,
1950-06-30,1.0,,,,,,,,,,,,,,,,,
1950-07-31,1.0,,,,,,,,,,,,,,,,,
1950-08-31,1.0,,,,,,,,,,,,,,,,,
1950-09-30,1.0,,,,,,,,,,,,,,,,,
1950-10-31,1.0,,,,,,,,,,,,,,,,,
1950-11-30,1.0,,,,,,,,,,,,,,,,,
1950-12-31,1.0,,,,,,,,,,,,,,,,,
1951-01-31,1.0,,,,,,,,,,,,,,,,,
1951-02-28,1.0,,,,,,,,,,,,,,,,,
1951-03-31,1.0,,,,,,,,,,,,,,,,,
1951-04-30,1.0,,,,,,,,,,,,,,,,,
1951-05-31,1.0,,,,,,,,,,,,,,,,,
1951-06-30,1.0,,,,,,,,,,,,,,,,,
1951-07-31,1.0,,,,,,,,,,,,,,,,,
1951-08-31,1.0,,,,,,,,,,,,,,,,,
1951-09-30,1.0,,,,,,,,,,,,,,,,,
1951-10-31,1.0,,,,,,,,,,,,,,,,,
1951-11-30,1.0,,,,,,,,,,,,,,,,,
1951-12-31,1.0,,,,,,,,,,,,,,,,,
1952-01-31,1.0,,,,,,,,,,,,,,,,,
1952-02-29,1.0,,,,,,,,,,,,,,,,,
1952-03-31,1.0,,,,,,,,,,,,,,,,,
1952-04-30,1.0,,,,,,,,,,,,,,,,,
1952-05-31,1.0,,,,,,,,,,,,,,,,,
1952-06-30,1.0,,,,,,,,,,,,,,,,,
1952-07-31,1.0,,,,,,,,,,,,,,,,,
1952-08-31,1.0,,,,,,,,,,,,,,,,,
1952-09-30,1.0,,,,,,,,,,,,,,,,,
1952-10-31,1.0,,,,,,,,,,,,,,,,,
1952-11-30,1.0,,,,,,,,,,,,,,,,,
1952-12-31,1.0,,,,,,,,,,,,,,,,,
1953-01-31,1.0,,,,,,,,,,,,,,,,,
1953-02-28,1.0,,,,,,,,,,,,,,,,,
1953-03-31,1.0,,,,,,,,,,,,,,,,,
1953-04-30,1.0,,,,,,,,,,,,,,,,,
1953-05-31,1.0,,,,,,,,,,,,,,,,,
1953-06-30,1.0,,,,,,,,,,,,,,,,,
1953-07-31,1.0,,,,,,,,,,,,,,,,,
1953-08-31,1.0,,,,,,,,,,,,,,,,,
1953-09-30,1.0,,,,,,,,,,,,,,,,,
1953-10-31,1.0,,,,,,,,,,,,,,,,,
1953-11-30,1.0,,,,,,,,,,,,,,,,,
1953-12-31,1.0,,,,,,,,,,,,,,,,,
1954-01-31,1.0,,,,,,,,,,,,,,,,,
1954-02-28,1.0,,,,,,,,,,,,,,,,,
1954-03-31,1.0,,,,,,,,,,,,,,,,,
1954-04-30,1.0,,,,,,,,,,,,,,,,,
1954-05-31,1.0,,,,,,,,,,,,,,,,,
1954-06-30,1.0,,,,,,,,,,,,,,,,,
1954-07-31,1.0,,,,,,,,,,,,,,,,,
1954-08-31,1.0,,,,,,,,,,,,,,,,,
1954-09-30,1.0,,,,,,,,,,,,,,,,,
1954-10-31,1.0,,,,,,,,,,,,,,,,,
1954-11-30,1.0,,,,,,,,,,,,,,,,,
1954-12-31,1.0,,,,,,,,,,,,,,,,,
1955-01-31,1.0,,,,,,,,,,,,,,,,,
1955-02-28,1.0,,,,,,,,,,,,,,,,,
1955-03-31,1.0,,,,,,,,,,,,,,,,,
1955-04-30,1.0,,,,,,,,,,,,,,,,,
1955-05-31,1.0,,,,,,,,,,,,,,,,,
1955-06-30,1.0,,,,,,,,,,,,,,,,,
1955-07-31,1.0,,,,,,,,,,,,,,,,,
1955-08-31,1.0,,,,,,,,,,,,,,,,,
1955-09-30,1.0,,,,,,,,,,,,,,,,,
1955-10-31,1.0,,,,,,,,,,,,,,,,,
1955-11-30,1.0,,,,,,,,,,,,,,,,,
1955-12-31,1.0,,,,,,,,,,,,,,,,,
1956-01-31,1.0,,,,,,,,,,,,,,,,,
1956-02-29,1.0,,,,,,,,,,,,,,,,,
1956-03-31,1.0,,,,,,,,,,,,,,,,,
1956-04-30,1.0,,,,,,,,,,,,,,,,,
1956-05-31,1.0,,,,,,,,,,,,,,,,,
1956-06-30,1.0,,,,,,,,,,,,,,,,,
1956-07-31,1.0,,,,,,,,,,,,,,,,,
1956-08-31,1.0,,,,,,,,,,,,,,,,,
1956-09-30,1.0,,,,,,,,,,,,,,,,,
1956-10-31,1.0,,,,,,,,,,,,,,,,,
1956-11-30,1.0,,,,,,,,,,,,,,,,,
1956-12-31,1.0,,,,,,,,,,,,,,,,,
1957-01-31,1.0,,,,,,,,,,,,,,,,,
1957-02-28,1.0,,,,,,,,,,,,,,,,,
1957-03-31,1.0,,,,,,,,,,,,,,,,,
1957-04-30,1.0,,,,,,,,,,,,,,,,,
1957-05-31,1.0,,,,,,,,,,,,,,,,,
1957-06-30,1.0,,,,,,,,,,,,,,,,,
1957-07-31,1.0,,,,,,,,,,,,,,,,,
1957-08-31,1.0,,,,,,,,,,,,,,,,,
1957-09-30,1.0,,,,,,,,,,,,,,,,,
1957-10-31,1.0,,,,,,,,,,,,,,,,,
1957-11-30,1.0,,,,,,,,,,,,,,,,,
1957-12-31,1.0,,,,,,,,,,,,,,,,,
1958-01-31,1.0,,,,,,,,,,,,,,,,,
1958-02-28,1.0,,,,,,,,,,,,,,,,,
1958-03-31,1.0,,,,,,,,,,,,,,,,,
1958-04-30,1.0,,,,,,,,,,,,,,,,,
1958-05-31,1.0,,,,,,,,,,,,,,,,,
1958-06-30,1.0,,,,,,,,,,,,,,,,,
1958-07-31,1.0,,,,,,,,,,,,,,,,,
1958-08-31,1.0,,,,,,,,,,,,,,,,,
1958-09-30,1.0,,,,,,,,,,,,,,,,,
1958-10-31,1.0,,,,,,,,,,,,,,,,,
1958-11-30,1.0,,,,,,,,,,,,,,,,,
1958-12-31,1.0,,,,,,,,,,,,,,,,,
1959-01-31,1.0,,,,,,,,,,,,,,,,,
1959-02-28,1.0,,,,,,,,,,,,,,,,,
1959-03-31,1.0,,,,,,,,,,,,,,,,,
1959-04-30,1.0,,,,,,,,,,,,,,,,,
1959-05-31,1.0,,,,,,,,,,,,,,,,,
1959-06-30,1.0,,,,,,,,,,,,,,,,,
1959-07-31,1.0,,,,,,,,,,,,,,,,,
1959-08-31,1.0,,,,,,,,,,,,,,,,,
1959-09-30,1.0,,,,,,,,,,,,,,,,,
1959-10-31,1.0,,,,,,,,,,,,,,,,,
1959-11-30,1.0,,,,,,,,,,,,,,,,,
1959-12-31,1.0,,,,,,,,,,,,,,,,,
1960-01-31,1.0,,,,,,,,,,,,,,,,,
1960-02-29,1.0,,,,,,,,,,,,,,,,,
1960-03-31,1.0,,,,,,,,,,,,,,,,,
1960-04-30,1.0,,,,,,,,,,,,,,,,,
1960-05-31,1.0,,,,,,,,,,,,,,,,,
1960-06-30,1.0,,,,,,,,,,,,,,,,,
1960-07-31,1.0,,,,,,,,,,,,,,,,,
1960-08-31,1.0,,,,,,,,,,,,,,,,,
1960-09-30,1.0,,,,,,,,,,,,,,,,,
1960-10-31,1.0,,,,,,,,,,,,,,,,,
1960-11-30,1.0,,,,,,,,,,,,,,,,,
1960-12-31,1.0,,,,,,,,,,,,,,,,,
1961-01-31,1.0,,,,,,,,,,,,,,,,,
1961-02-28,1.0,,,,,,,,,,,,,,,,,
1961-03-31,1.0,,,,,,,,,,,,,,,,,
1961-04-30,1.0,,,,,,,,,,,,,,,,,
1961-05-31,1.0,,,,,,,,,,,,,,,,,
1961-06-30,1.0,,,,,,,,,,,,,,,,,
1961-07-31,1.0,,,,,,,,,,,,,,,,,
1961-08-31,1.0,,,,,,,,,,,,,,,,,
1961-09-30,1.0,,,,,,,,,,,,,,,,,
1961-10-31,1.0,,,,,,,,,,,,,,,,,
1961-11-30,1.0,,,,,,,,,,,,,,,,,
1961-12-31,1.0,,,,,,,,,,,,,,,,,
1962-01-31,1.0,,,,,,,,,,,,,,,,,
1962-02-28,1.0,,,,,,,,,,,,,,,,,
1962-03-31,1.0,,,,,,,,,,,,,,,,,
1962-04-30,1.0,,,,,,,,,,,,,,,,,
1962-05-31,1.0,,,,,,,,,,,,,,,,,
1962-06-30,1.0,,,,,,,,,,,,,,,,,
1962-07-31,1.0,,,,,,,,,,,,,,,,,
1962-08-31,1.0,,,,,,,,,,,,,,,,,
1962-09-30,1.0,,,,,,,,,,,,,,,,,
1962-10-31,1.0,,,,,,,,,,,,,,,,,
1962-11-30,1.0,,,,,,,,,,,,,,,,,
1962-12-31,1.0,,,,,,,,,,,,,,,,,
1963-01-31,1.0,,,,,,,,,,,,,,,,,
1963-02-28,1.0,,,,,,,,,,,,,,,,,
1963-03-31,1.0,,,,,,,,,,,,,,,,,
1963-04-30,1.0,,,,,,,,,,,,,,,,,
1963-05-31,1.0,,,,,,,,,,,,,,,,,
1963-06-30,1.0,,,,,,,,,,,,,,,,,
1963-07-31,1.0,,,,,,,,,,,,,,,,,
1963-08-31,1.0,,,,,,,,,,,,,,,,,
1963-09-30,1.0,,,,,,,,,,,,,,,,,
1963-10-31,1.0,,,,,,,,,,,,,,,,,
1963-11-30,1.0,,,,,,,,,,,,,,,,,
1963-12-31,1.0,,,,,,,0.0101,0.0148,,,,,,,,,
1964-01-31,1.0,,,,,,,0.0107,0.0142,,,,,,,,,
1964-02-29,1.0,,,,,,,0.0103,0.0139,,,,,,,,,
1964-03-31,1.0,,,,,,,0.0097,0.013,,,,,,,,,
1964-04-30,1.0,,,,,,,0.0098,0.0131,,,,,,,,,
1964-05-31,1.0,,,,,,,0.0104,0.0134,,,,,,,,,
1964-06-30,1.0,,,,,,,0.0106,0.0142,,,,,,,,,
1964-07-31,1.0,,,,,,,0.0102,0.0133,,,,,,,,,
1964-08-31,1.0,,,,,,,0.0107,0.0138,,,,,,,,,
1964-09-30,1.0,,,,,,,0.011,0.0149,,,,,,,,,
1964-10-31,1.0,,,,,,,0.011,0.0149,,,,,,,,,
1964-11-30,1.0,,,,,,,0.0118,0.0156,,,,,,,,,
1964-12-31,0.9998,,,,,,,0.0117,0.0157,,,,,,,,,
1965-01-31,1.002,,,,,,,0.0081,0.0138,,,,,,,,,
1965-02-28,1.0021,,,,,,,0.0063,0.0125,,,,,,,,,
1965-03-31,1.0043,,,,,,,0.0081,0.0152,,,,,,,,,
1965-04-30,1.0055,,,,,,,0.0082,0.0186,,,,,,,,,
1965-05-31,1.0064,,,,,,,0.0102,0.0179,,,,,,,,,
1965-06-30,1.0406,,,,,,,-0.0005,-0.0048,,,,,,,,,
1965-07-31,1.0419,,,,,,,0.0042,0.0005,,,,,,,,,
1965-08-31,1.0386,,,,,,,0.0029,-0.0001,,,,,,,,,
1965-09-30,1.0372,,,,,,,0.0073,0.0092,,,,,,,,,
1965-10-31,1.0315,,,,,,,0.0088,0.0115,,,,,,,,,
1965-11-30,1.072,,,,,,,-0.0083,0.0136,,,,,,,,,
1965-12-31,1.0533,,,,,,,0.0121,0.0262,,,,,,,,,
1966-01-31,1.0673,,,,,,,0.0246,0.0297,,,,,,,,,
1966-02-28,1.0751,,,,,,,0.0297,0.0723,,,,,,,,,
1966-03-31,1.0969,,,,,,,0.0275,0.0645,,,,,,,,,
1966-04-30,1.1272,,,,,,,0.0291,0.0679,,,,,,,,,
1966-05-31,1.228,,,,,,,0.0439,0.0594,,,,,,,,,
1966-06-30,1.2472,,,,,,,0.0507,0.0819,,,,,,,,,
1966-07-31,1.2518,,,,,,,0.0591,0.0905,,,,,,,,,
1966-08-31,1.47,,,,,,,0.1493,0.2022,,,,,,,,,
1966-09-30,1.456,,,,,,,0.173,0.2353,,,,,,,,,
1966-10-31,1.5595,,,,,,,0.208,0.285,,,,,,,,,
1966-11-30,1.5631,,,,,,,0.2177,0.3139,,,,,,,,,
1966-12-31,1.5289,,,0.9004,,,,0.2839,0.4295,,,,,,,,,
1967-01-31,1.7025,,,0.7229,,,,0.2921,0.4554,,,,,,,,,
1967-02-28,1.6938,,,0.7008,,,,0.2989,0.4739,,,,,,,,,
1967-03-31,1.7061,,,0.4843,,,,0.3387,0.5133,,,,,,,,,
1967-04-30,1.7103,,,0.4774,,,,0.3377,0.5124,,,,,,,,,
1967-05-31,1.7809,,,0.3278,,,,0.3144,0.489,,,,,,,,,
1967-06-30,1.7379,,,0.3497,,,,0.3574,0.5334,,,,,,,,,
1967-07-31,1.7926,,,0.2698,,,,0.3839,0.5481,,,,,,,,,
1967-08-31,1.812,,,0.4019,,,,0.404,0.5712,,,,,,,,,
1967-09-30,1.9368,,,0.3725,,,,0.4354,0.6089,,,,,,,,,
1967-10-31,1.9226,,,0.2223,,,,0.4429,0.632,,,,,,,,,
1967-11-30,1.923,,,0.2204,,,,0.4432,0.6338,,,,,,,,,
1967-12-31,1.9299,,,0.222,,,,0.4401,0.6345,,,,,,,,,
1968-01-31,1.9143,,,0.2526,,,,0.4467,0.6412,,,,,,,,,
1968-02-29,1.9166,,,0.2454,,,,0.4465,0.6413,,,,,,,,,
1968-03-31,1.9112,,,0.2117,,,,0.4491,0.6457,,,,,,,,,
1968-04-30,1.9372,,,0.4094,,,,0.3571,0.5727,,,,,,,,,
1968-05-31,1.9364,,,0.3803,,,,0.3586,0.5728,,,,,,,,,
1968-06-30,1.821,,,0.3777,,,,0.38,0.6202,,,,,,,,,
1968-07-31,1.751,,,0.4178,,,,0.392,0.6383,,,,,,,,,
1968-08-31,1.7123,,,0.4267,,,,0.3887,0.626,,,,,,,,,
1968-09-30,1.6752,,,0.6027,,,,0.3674,0.5771,,,,,,,,,
1968-10-31,1.6253,,,0.6699,,,,0.3648,0.5765,,,,,,,,,
1968-11-30,1.6289,,,0.744,,,,0.3652,0.5768,,,,,,,,,
1968-12-31,1.6461,,,0.7614,,,,0.3919,0.5967,,,,,,,,,
1969-01-31,1.5969,,,0.8536,,,,0.3867,0.5851,,,,,,,,,
1969-02-28,1.6266,,,0.9607,,,,0.3825,0.5341,,,,,,,,,
1969-03-31,1.6326,,,0.9934,,,,0.3779,0.5144,,,,,,,,,
1969-04-30,1.6256,,,1.0161,,,,0.3734,0.519,,,,,,,,,
1969-05-31,1.5817,,,0.989,,,,0.384,0.5545,,,,,,,,,
1969-06-30,1.6233,,,0.979,,,,0.3873,0.5366,,,,,,,,,
1969-07-31,1.6677,,,1.043,,,,0.358,0.4876,,,,,,,,,
1969-08-31,1.6387,,,1.1032,,,,0.3491,0.4783,,,,,,,,,
1969-09-30,1.6641,,,1.013,,,,0.3825,0.5146,,,,,,,,,
1969-10-31,1.554,,,1.0876,,,,0.4341,0.5965,,,,,,,,,
1969-11-30,1.5811,,,1.024,,,,0.44,0.608,,,,,,,,,
1969-12-31,1.6296,,,0.9611,,,,0.4306,0.586,,,,,,,,,
1970-01-31,1.6394,,,1.0691,,,,0.4104,0.524,,,,,,,,,
1970-02-28,1.5706,,,0.999,,,,0.4947,0.6629,,,,,,,,,
1970-03-31,1.5557,,,1.1184,,,,0.4823,0.6415,,,,,,,,,
1970-04-30,1.388,,,1.4437,,,,0.4206,0.6061,,,,,,,,,
1970-05-31,1.3936,,,1.5165,,,,0.4048,0.6017,,,,,,,,,
1970-06-30,1.4028,,,1.529,,,,0.3943,0.5973,,,,,,,,,
1970-07-31,1.4337,,,1.5217,,,,0.3893,0.612,,,,,,,,,
1970-08-31,1.4496,,,1.4659,,,,0.39,0.6113,,,,,,,,,
1970-09-30,1.4484,,,1.4663,,,,0.3943,0.6172,,,,,,,,,
1970-10-31,1.4538,,,1.5512,,,,0.3925,0.6111,,,,,,,,,
1970-11-30,1.474,,,1.4265,,,,0.4333,0.6662,,,,,,,,,
1970-12-31,1.4911,,,1.4142,,,,0.432,0.6627,,,,,,,,,
1971-01-31,1.475,,,1.4146,,,,0.4278,0.6826,,,,,,,,,
1971-02-28,1.452,,,1.4381,,,,0.4377,0.6722,,,,,,,,,
1971-03-31,1.4173,,,1.4455,,,,0.4303,0.7069,,,,,,,,,
1971-04-30,1.3512,,,1.4228,,,,0.4772,0.7488,,,,,,,,,
1971-05-31,1.3655,,,1.4109,,,,0.4723,0.7513,,,,,,,,,
1971-06-30,1.3752,,,1.4066,,,,0.4714,0.7468,,,,,,,,,
1971-07-31,1.3997,,,1.3935,,,,0.4661,0.7407,,,,,,,,,
1971-08-31,1.3909,,,1.4239,,,,0.4545,0.7306,,,,,,,,,
1971-09-30,1.367,,,1.4032,,,,0.4638,0.7659,,,,,,,,,
1971-10-31,1.396,,,1.4207,,,,0.443,0.7403,,,,,,,,,
1971-11-30,1.3819,,,1.4476,,,,0.4383,0.7322,,,,,,,,,
1971-12-31,1.4188,,,1.5225,,,,0.4059,0.6528,,,,,,,,,
1972-01-31,1.4343,,,1.5085,,,,0.4043,0.6528,,,,,,,,,
1972-02-29,1.4229,,,1.5075,,,,0.4067,0.663,,,,,,,,,
1972-03-31,1.4157,,,1.5085,,,,0.4055,0.6703,,,,,,,,,
1972-04-30,1.4134,,,1.5083,,,,0.4076,0.6708,,,,,,,,,
1972-05-31,1.3567,,,1.6162,,,,0.3885,0.6386,,,,,,,,,
1972-06-30,1.3403,,,1.6252,,,,0.3883,0.6462,,,,,,,,,
1972-07-31,1.3062,,,1.6138,,,,0.4018,0.6781,,,,,,,,,
1972-08-31,1.3057,,,1.6159,,,,0.4015,0.6769,,,,,,,,,
1972-09-30,1.3003,,,1.6873,,,,0.3722,0.6402,,,,,,,,,
1972-10-31,1.3067,,,1.7295,,,,0.3485,0.6154,,,,,,,,,
1972-11-30,1.3015,,,1.7709,,,,0.3342,0.5934,,,,,,,,,
1972-12-31,1.2955,,,1.8277,,,,0.3143,0.5625,,,,,,-0.075,,,
1973-01-31,1.2281,1.1011,,1.8454,,,,0.3262,0.6003,,,,,,-0.053,,,
1973-02-28,1.2525,1.2254,,1.9377,,,,0.2847,0.5252,,,,,,0.1739,,,
1973-03-31,1.254,1.2447,,1.9317,,,,0.2855,0.5288,,,,,,0.1569,,,
1973-04-30,1.3053,1.3492,,2.0822,,,,0.2035,0.409,,,,,,0.0879,,,
1973-05-31,1.2473,1.3889,,2.0868,,,,0.2321,0.4339,,,,,,0.1267,,,
1973-06-30,1.2393,1.3932,,2.0868,,,,0.2356,0.4383,,,,,,0.1422,,,
1973-07-31,1.1834,1.4058,,2.1669,,,,0.2297,0.42,,,,,,0.1419,,,
1973-08-31,1.2189,1.4253,,2.1882,,,,0.196,0.3969,,,,,,0.0889,,,
1973-09-30,1.2198,1.4275,,2.1873,,,,0.1959,0.397,,,,,,0.089,,,
1973-10-31,1.2157,1.4285,,2.1912,,,,0.1991,0.394,,,,,,0.0875,,,
1973-11-30,1.3833,1.6994,,2.1905,,,,0.132,0.2941,,,,,,-0.0863,,,
1973-12-31,1.316,1.6804,,2.2792,,,,0.133,0.3085,,,,,,-0.1142,,,
1974-01-31,1.3046,1.6893,,2.3393,,,,0.1186,0.2572,,,,,,-0.1068,,,
1974-02-28,1.3121,1.6955,,2.3277,,,,0.0976,0.2615,,,,,,-0.0939,,,
1974-03-31,1.3292,1.6993,,2.3535,,,,0.1101,0.1805,,,,,,-0.0486,,,
1974-04-30,1.3681,1.7691,,2.2565,,,,0.1191,0.1799,,,,,,-0.0357,,,
1974-05-31,1.3656,1.826,,2.2603,,,,0.1093,0.1449,,,,,,-0.0551,,,
1974-06-30,1.337,1.8335,,2.2542,,,,0.1238,0.1541,,,,,,-0.067,,,
1974-07-31,1.3904,1.8487,,2.1753,,,,0.1217,0.1737,,,,,,-0.0806,,,
1974-08-31,1.4496,1.8803,,2.137,,,,0.1344,0.2037,,,,,,-0.1601,,,
1974-09-30,1.586,1.9362,,2.0634,,,,0.07,0.1367,,,,,,-0.1326,,,
1974-10-31,1.8047,2.1736,,1.6311,,,,0.0944,0.1709,,,,,,-0.1417,,,
1974-11-30,1.82,2.1977,,1.612,,,,0.0966,0.1742,,,,,,-0.1428,,,
1974-12-31,1.8252,2.2308,,1.5925,,,,0.0458,0.162,,,,,,-0.0806,,,
1975-01-31,1.9267,2.3925,,1.4208,,,,0.0536,0.134,,,,,,-0.0994,,,
1975-02-28,1.9588,2.3622,,1.4457,,,,0.062,0.1346,,,,,,-0.1278,,,
1975-03-31,1.9644,2.3689,,1.4435,,,,0.0612,0.1126,,,,,,-0.1122,,,
1975-04-30,1.9795,2.3763,,1.437,,,,0.0491,0.1051,,,,,,-0.109,,,
1975-05-31,2.1461,2.6016,,1.2065,,,,0.0615,0.1108,,,,,,-0.1213,,,
1975-06-30,2.1421,2.5993,,1.2026,,,,0.0526,0.1206,,,,,,-0.0971,,,
1975-07-31,2.1922,2.626,,1.204,,,,0.0557,0.1253,,,,,,-0.1631,,,
1975-08-31,2.1547,2.6151,,1.234,,,,0.0595,0.1311,,,,,,-0.1708,,,
1975-09-30,2.1654,2.6336,,1.2174,,,,0.0626,0.1466,,,,,,-0.2006,,,
1975-10-31,2.1162,2.5,,1.334,,,,0.1331,0.2192,,,,,,-0.2427,,,
1975-11-30,2.1679,2.61,,1.2793,,,,0.1272,0.2025,,,,,,-0.2501,,,
1975-12-31,2.1873,2.6379,,1.2297,,,,0.1407,0.2236,,,,,,-0.2583,,,
1976-01-31,2.1893,2.5969,,1.2471,,,,0.1336,0.1947,,,,,,-0.2145,,,
1976-02-29,2.1822,2.5923,,1.252,,,,0.128,0.1947,,,,,,-0.2706,,,
1976-03-31,2.1876,2.5882,,1.2399,,,,0.1304,0.2001,,,,,,-0.2637,,,
1976-04-30,2.2777,2.6377,,1.092,,,,0.1482,0.2231,,,,,,-0.2815,,,
1976-05-31,2.2753,2.6247,,1.0902,,,,0.1554,0.224,,,,,,-0.3033,,,
1976-06-30,2.2724,2.6047,,1.1043,,,,0.163,0.2294,,,,,,-0.301,,,
1976-07-31,2.2642,2.5726,,1.0845,,,,0.1803,0.245,,,,,,-0.294,,,
1976-08-31,2.2543,2.5643,,1.0783,,,,0.1928,0.2534,,,,,,-0.2846,,,
1976-09-30,2.2451,2.5451,,1.1035,,,,0.1875,0.2493,,,,,,-0.2838,,,
1976-10-31,2.2512,2.5461,,1.1122,,,,0.1842,0.2411,,,,,,-0.2837,,,
1976-11-30,2.1764,2.4355,,1.1401,,,,0.2,0.2621,,,,,,-0.2122,,,
1976-12-31,2.1479,2.4145,,1.2117,,,,0.179,0.2642,,,,,,-0.2174,,,
1977-01-31,2.1643,2.3735,,1.1807,,,,0.2113,0.3084,,,,,,-0.2381,,,
1977-02-28,2.1707,2.3761,,1.1798,,,,0.2116,0.3087,,,,,,-0.2469,,,
1977-03-31,2.2082,2.4194,,1.2068,,,,0.1812,0.2809,,,,,,-0.2965,,,
1977-04-30,2.2139,2.4102,,1.2686,,,,0.1581,0.266,,,,,,-0.3167,,,
1977-05-31,2.2113,2.3719,,1.2982,,,,0.1604,0.2692,,,,,,-0.3109,,,
1977-06-30,2.2527,2.366,,1.2793,,,,0.1509,0.2695,,,,,,-0.3184,,,
1977-07-31,2.2414,2.3338,,1.3295,,,,0.1577,0.2608,,,,,,-0.3231,,,
1977-08-31,2.2952,2.3312,,1.2663,,,,0.1509,0.2475,,,,,,-0.2911,,,
1977-09-30,2.2057,2.2655,,1.3229,,,,0.2427,0.3141,,,,,,-0.3509,,,
1977-10-31,1.9774,2.0169,,1.6719,,,,0.2743,0.3349,,,,,,-0.2755,,,
1977-11-30,1.9641,2.0073,,1.6933,,,,0.278,0.3373,,,,,,-0.28,,,
1977-12-31,1.9674,1.9483,,1.6879,,,,0.3012,0.3824,,,,,,-0.2872,,,
1978-01-31,1.9127,1.7339,,1.7812,,,,0.3529,0.4856,,,,,,-0.2663,,,
1978-02-28,1.9038,1.7428,,1.6975,,,,0.3549,0.5029,,,,,,-0.2018,,,
1978-03-31,1.9009,1.7506,,1.6921,,,,0.36,0.5218,,,,,,-0.2254,,,
1978-04-30,1.9525,1.7981,,1.6054,,,,0.3334,0.4792,,,,,,-0.1686,,,
1978-05-31,1.9394,1.7714,,1.673,,,,0.3121,0.4652,,,,,,-0.1611,,,
1978-06-30,1.9285,1.7579,,1.6665,,,,0.3383,0.4758,,,,,,-0.1671,,,
1978-07-31,1.9081,1.7495,,1.6244,,,,0.3324,0.4653,,,,,,-0.0797,,,
1978-08-31,1.9662,1.7424,,1.5222,,,,0.3425,0.4978,,,,,,-0.071,,,
1978-09-30,2.0058,1.6834,,1.4647,,,,0.3419,0.4954,,,,,,0.0088,,,
1978-10-31,1.9327,2.1982,,0.7806,,,,0.3069,0.4075,,,,,,0.3741,,,
1978-11-30,1.871,2.1392,,0.7545,,,,0.312,0.4056,,,,,,0.5177,,,
1978-12-31,1.8562,2.1216,,0.7538,,,,0.3184,0.4133,,,,,,0.5368,,,
1979-01-31,1.7092,2.0889,,0.6505,,,,0.38,0.5081,0.4626,,,,,0.6634,,,
1979-02-28,1.7078,2.0661,,0.6832,,,,0.3888,0.5123,0.4859,,,,,0.6419,,,
1979-03-31,1.7262,2.112,,0.6699,,,,0.3781,0.4939,0.4824,,,,,0.6199,,,
1979-04-30,1.7254,2.1111,,0.6709,,,,0.3773,0.4917,0.4779,,,,,0.6236,,,
1979-05-31,1.7377,2.1085,,0.6717,,,,0.363,0.4758,0.4732,,,,,0.6434,,,
1979-06-30,1.7407,2.157,,0.6233,,,,0.3645,0.485,0.5038,,,,,0.6297,,,
1979-07-31,1.7439,2.1666,,0.5917,,,,0.3715,0.4901,0.504,,,,,0.6361,,,
1979-08-31,1.7762,2.1926,,0.5926,,,,0.3464,0.4626,0.4819,,,,,0.6295,,,
1979-09-30,1.7676,2.2071,,0.5806,,,,0.3437,0.4615,0.4881,,,,,0.6395,,,
1979-10-31,1.6987,2.2038,,0.5515,,,,0.5125,0.6529,0.7263,,,,,0.3806,,,
1979-11-30,1.7135,2.2173,,0.5373,,,,0.5315,0.6581,0.7255,,,,,0.3424,,,
1979-12-31,1.7465,2.2867,,0.3259,,,,0.5787,0.6645,0.7214,,,,,0.3976,,,
1980-01-31,1.7181,2.3094,,0.3109,,,,0.5652,0.6395,0.7355,,,,,0.4414,,,
1980-02-29,1.5384,2.1475,,0.3041,,,,0.7238,0.7997,0.8858,,,,,0.3294,,,
1980-03-31,1.6483,2.3846,,0.3632,,,,0.6502,0.7216,0.8166,,,,,0.15,,,
1980-04-30,1.459,2.1124,,0.4143,,,,0.8357,0.959,1.0765,,,,,-0.0481,,,
1980-05-31,1.4541,2.1146,,0.3734,,,,0.8647,0.98,1.1216,,,,,-0.0725,,,
1980-06-30,1.4382,2.1155,,0.3729,,,,0.8702,0.9768,1.1352,,,,,-0.074,,,
1980-07-31,1.4397,2.1355,,0.3492,,,,0.8717,0.9796,1.1395,,,,,-0.0776,,,
1980-08-31,1.4519,2.1192,,0.3079,,,,0.8978,0.992,1.1429,,,,,-0.085,,,
1980-09-30,1.4519,2.1193,,0.3082,,,,0.898,0.992,1.1427,,,,,-0.0846,,,
1980-10-31,1.429,2.1209,,0.2669,,,,0.9306,1.0309,1.1898,,,,,-0.1246,,,
1980-11-30,1.4888,2.134,,0.2575,,,,0.9029,1.003,1.1692,,,,,-0.1016,,,
1980-12-31,1.5018,2.1529,,0.2597,,,,0.8993,0.9974,1.1584,,,,,-0.1216,,,
1981-01-31,1.4853,2.1421,,0.2829,,,,0.9063,1.0064,1.1697,,,,,-0.1473,,,
1981-02-28,1.4438,2.12,,0.3076,,,,0.922,1.0254,1.1961,,,,,-0.1725,,,
1981-03-31,1.4404,2.1166,,0.3001,,,,0.9267,1.0346,1.213,,,,,-0.1688,,,
1981-04-30,1.4033,2.0879,,0.2748,,,,0.9772,1.0947,1.2884,,,,,-0.2261,,,
1981-05-31,1.3714,2.0652,,0.2471,,,,0.9799,1.1129,1.3157,,,,,-0.185,,,
1981-06-30,1.3683,2.0805,,0.2377,,,,0.9836,1.1189,1.3225,,,,,-0.2059,,,
1981-07-31,1.3359,2.0735,,0.2491,,,,0.9949,1.1308,1.3315,,,,,-0.2129,,,
1981-08-31,1.3635,2.065,,0.2618,,,,0.9627,1.0906,1.3051,,,,,-0.1504,,,
1981-09-30,1.376,2.0869,,0.3377,,,,0.9012,1.0419,1.2476,,,,,-0.0965,,,
1981-10-31,1.3036,1.9058,,0.3962,,,,1.0448,1.2361,1.4606,,,,,-0.3477,,,
1981-11-30,1.2716,1.803,,0.381,,,,1.1239,1.3293,1.5961,,,,,-0.4792,,,
1981-12-31,1.2827,1.8081,,0.3586,,,,1.1303,1.3306,1.598,,,,,-0.4916,,,
1982-01-31,1.2961,1.8238,,0.3282,,,,1.1502,1.3561,1.6342,,,,,-0.5485,,,
1982-02-28,1.3158,1.8475,,0.3421,,,,1.1455,1.352,1.6242,,,,,-0.5897,,,
1982-03-31,1.2959,1.832,,0.3624,,,,1.1644,1.371,1.6357,,,,,-0.6069,,,
1982-04-30,1.3068,1.838,,0.3664,,,,1.1661,1.3721,1.6388,,,,,-0.6285,,,
1982-05-31,1.3179,1.8475,,0.3707,,,,1.1588,1.3621,1.6305,,,,,-0.628,,,
1982-06-30,1.307,1.8504,,0.3883,,,,1.161,1.3621,1.6179,,,,,-0.64,,,
1982-07-31,1.294,1.8333,,0.3807,,,,1.1727,1.3772,1.6314,,,,,-0.6401,,,
1982-08-31,1.3739,1.7365,,0.3272,,,,1.1682,1.3766,1.6561,,,,,-0.5701,,,
1982-09-30,1.3317,1.7333,,0.2821,,,,1.1776,1.4125,1.6791,,,,,-0.5501,,,
1982-10-31,1.3572,1.7128,,0.3405,,,,1.0851,1.3324,1.5851,,,,,-0.426,,,
1982-11-30,1.3421,1.7314,,0.4171,,,,1.0608,1.2972,1.585,,,,,-0.4375,,,
1982-12-31,1.3424,1.7229,,0.4159,,,,1.0637,1.3026,1.5915,,,,,-0.439,,,
1983-01-31,1.3585,1.7448,,0.4227,,,,1.0566,1.2888,1.5664,,,,,-0.4378,,,
1983-02-28,1.4444,1.8286,,0.4388,,,,0.9857,1.2356,1.5332,,,,,-0.4662,,,
1983-03-31,1.3558,1.6289,,0.412,,,,1.056,1.3193,1.622,,,,,-0.3939,,,
1983-04-30,1.495,1.7471,,0.3677,,,,0.9499,1.2003,1.5159,,,,,-0.2759,,,
1983-05-31,1.4963,1.6902,,0.3881,,,,0.9411,1.2057,1.5218,,,,,-0.2432,,,
1983-06-30,1.5015,1.6869,,0.3991,,,,0.9349,1.2038,1.5074,,,,,-0.2336,,,
1983-07-31,1.5039,1.7176,,0.3598,,,,0.9335,1.2104,1.522,,,,,-0.2472,,,
1983-08-31,1.5116,1.784,,0.3648,,,,0.9012,1.1912,1.5098,,,,,-0.2627,,,
1983-09-30,1.5046,1.7751,,0.3729,,,,0.907,1.1994,1.5205,,,,,-0.2797,,,
1983-10-31,1.4961,1.8378,,0.3795,,,,0.8755,1.1709,1.4921,,,,,-0.2519,,,
1983-11-30,1.4446,1.8148,,0.3875,,,,0.8969,1.197,1.5168,,,,,-0.2576,,,
1983-12-31,1.4363,1.8122,,0.3699,,,,0.9054,1.2053,1.5308,,,,,-0.2599,,,
1984-01-31,1.4169,1.8067,,0.382,,,,0.9045,1.2026,1.5249,,,,,-0.2376,,,
1984-02-29,1.4392,1.836,,0.3852,,,,0.8548,1.1439,1.4535,,,,,-0.1126,,,
1984-03-31,1.4351,1.8208,,0.3701,,,,0.8621,1.1542,1.4619,,,,,-0.1042,,,
1984-04-30,1.4269,1.8604,,0.4001,,,,0.8451,1.1308,1.43,,,,,-0.0932,,,
1984-05-31,1.4062,1.7639,,0.602,,,,0.8326,1.1092,1.3918,,,,,-0.1057,,,
1984-06-30,1.3995,1.7556,,0.6303,,,,0.824,1.0971,1.3852,,,,,-0.0916,,,
1984-07-31,1.4076,1.7477,,0.6142,,,,0.8146,1.0914,1.3819,,,,,-0.0573,,,
1984-08-31,1.4698,1.8016,,0.6898,,,,0.772,1.0438,1.3396,,,,,-0.1167,,,
1984-09-30,1.471,1.7779,,0.6393,,,,0.8205,1.0822,1.3902,,,,,-0.1811,,,
1984-10-31,1.4624,1.7187,,0.715,,,,0.8017,1.0627,1.4033,,,,,-0.1639,,,
1984-11-30,1.5198,1.802,,0.7649,,,,0.7251,0.9883,1.3052,,,,,-0.1053,,,
1984-12-31,1.5337,1.8358,,0.8093,,,,0.691,0.9579,1.2752,,,,,-0.1028,,,
1985-01-31,1.5403,1.91,,0.8214,,,,0.6592,0.9281,1.2282,,,,,-0.0871,,,
1985-02-28,1.4884,1.8754,,0.7586,,,,0.6923,0.9763,1.2905,,,,,-0.0815,,,
1985-03-31,1.4887,1.8782,,0.7148,,,,0.681,0.9645,1.2927,,,,,-0.02,,,
1985-04-30,1.4853,1.8689,,0.722,,,,0.6752,0.9611,1.2891,,,,,-0.0017,,,
1985-05-31,1.4435,1.7878,,0.6894,,,,0.7223,1.0334,1.357,,,,,-0.0334,,,
1985-06-30,1.4517,1.7793,,0.6733,,,,0.6996,1.0103,1.3452,,,,,0.0406,,,
1985-07-31,1.4078,1.6866,,0.7378,,,,0.6968,1.0058,1.327,,,,,0.1383,,,
1985-08-31,1.3155,1.7359,,0.8361,,,,0.678,0.9976,1.2996,,,,,0.1373,,,
1985-09-30,1.3666,1.764,,0.8996,,,,0.6295,0.9179,1.2311,,,,,0.1913,,,
1985-10-31,1.3258,1.7291,,0.9839,,,,0.6233,0.9117,1.2837,,,,,0.1424,,,
1985-11-30,1.3731,1.7034,,0.8518,,,,0.6402,0.9678,1.311,,,,,0.1527,,,
1985-12-31,1.3736,1.6811,1.105,0.8376,,,,0.6476,0.9831,1.3453,,,,,0.1318,,,
1986-01-31,1.3714,1.6605,1.1002,0.8434,,,,0.649,0.9879,1.3534,,,,,0.1345,,,
1986-02-28,1.3871,1.6256,1.1393,0.862,,,,0.6315,1.0204,1.4709,,,,,0.0025,,,
1986-03-31,1.2736,1.4516,1.1326,1.12,,,,0.6061,0.9891,1.4905,,,,,0.069,,,
1986-04-30,1.2407,1.3807,1.137,1.1589,,,,0.6077,0.9962,1.5107,,,,,0.105,,,
1986-05-31,1.2465,1.4434,1.1278,1.1652,,,,0.5833,0.9632,1.4675,,,,,0.1308,,,
1986-06-30,1.2305,1.427,1.1251,1.1802,,,,0.594,0.9869,1.4907,,,,,0.0907,,,
1986-07-31,1.271,1.4837,1.181,1.2169,,,,0.5228,0.9005,1.4164,,,,,0.1888,,,
1986-08-31,1.3132,1.4545,1.2067,1.2327,,,,0.5273,0.8912,1.3926,,,,,0.1885,,,
1986-09-30,1.3789,1.4892,1.2405,1.2173,,,,0.5273,0.8776,1.3536,,,,,0.156,,,
1986-10-31,1.3995,1.4425,1.2422,1.227,,,,0.5317,0.8778,1.3517,,,,,0.1697,,,
1986-11-30,1.4,1.4336,1.238,1.2419,,,,0.5318,0.8787,1.3542,,,,,0.1598,,,
1986-12-31,1.4091,1.4368,1.2225,1.2391,,,,0.532,0.8761,1.3504,,,,,0.1735,,,
1987-01-31,1.5053,1.5226,1.2543,1.2411,,,,0.5006,0.8198,1.2576,,,,,0.1259,,,
1987-02-28,1.5205,1.5437,1.3263,1.2565,,,,0.4921,0.8122,1.2548,,,,,0.048,,,
1987-03-31,1.5127,1.5346,1.3475,1.2643,,,,0.4906,0.8117,1.2603,,,,,0.0571,,,
1987-04-30,1.5123,1.5389,1.3226,1.1788,,,,0.5117,0.8403,1.3001,,,,,0.0859,,,
1987-05-31,1.583,1.6216,1.2023,1.0388,,,,0.4641,0.7996,1.3067,,,,,0.1622,,,
1987-06-30,1.5882,1.6209,1.2062,1.0319,,,,0.4661,0.8024,1.3086,,,,,0.1547,,,
1987-07-31,1.5808,1.6175,1.2024,1.0327,,,,0.4688,0.8079,1.3188,,,,,0.1499,,,
1987-08-31,1.5009,1.5224,1.1809,1.0036,,,,0.5043,0.8643,1.3728,,,,,0.1616,,,
1987-09-30,1.5098,1.5268,1.1017,1.0062,,,,0.5283,0.8954,1.4164,,,,,0.1247,,,
1987-10-31,1.7966,1.994,1.6863,1.1488,,,,0.2147,0.3994,0.6309,,,,,0.2139,,,
1987-11-30,1.8186,1.9573,1.7348,1.1092,,,,0.2092,0.391,0.6104,,,,,0.2527,,,
1987-12-31,1.8343,1.9784,1.7543,1.0677,,,,0.2078,0.3917,0.6109,,,,,0.2324,,,
1988-01-31,1.7748,1.8572,1.7429,1.1327,,,,0.2213,0.4101,0.6453,,,,,0.2993,,,
1988-02-29,1.7803,1.8794,1.7156,1.1527,,,,0.2108,0.3936,0.6194,,,,,0.3263,,,
1988-03-31,1.7876,1.8476,1.7172,1.1311,,,,0.2231,0.4133,0.6509,,,,,0.312,,,
1988-04-30,1.7868,1.8474,1.7166,1.1283,,,,0.2244,0.4147,0.6526,,,,,0.3123,,,
1988-05-31,1.808,1.9015,1.7847,1.1778,,,,0.1849,0.3608,0.5967,,,,,0.3066,,,
1988-06-30,1.7864,1.8999,1.7604,1.135,,,,0.1905,0.3717,0.6176,,,,,0.3535,,,
1988-07-31,1.811,1.9532,1.8057,1.0983,,,,0.1891,0.3699,0.6267,,,,,0.2994,,,
1988-08-31,1.8166,1.945,1.8154,1.1086,,,,0.1916,0.3693,0.6221,,,,,0.277,,,
1988-09-30,1.8173,1.9242,1.8159,1.1022,,,,0.2008,0.3834,0.6366,,,,,0.2509,,,
1988-10-31,1.8133,1.9226,1.802,1.1114,,,,0.1973,0.3776,0.6289,,,,,0.2601,,,
1988-11-30,1.7915,1.8986,1.7993,1.0994,,,,0.2044,0.3827,0.6324,,,,,0.2924,,,
1988-12-31,1.7992,1.9159,1.8553,1.1201,,2.7366,,0.1887,0.359,0.5992,,,,,0.3047,,,
1989-01-31,1.7805,1.8773,1.9279,1.084,,2.7552,,0.1813,0.3483,0.5834,,,,,0.3539,,,
1989-02-28,1.8021,1.8796,1.949,1.1111,,2.7347,,0.163,0.2887,0.4692,,,,,0.4443,,,
1989-03-31,1.9455,2.049,2.0583,0.9522,,2.7082,,0.114,0.2085,0.3067,,,,,0.4547,,,
1989-04-30,1.9456,2.0672,2.039,0.936,,2.6816,,0.1282,0.2219,0.3205,,,,,0.4308,,,
1989-05-31,1.9233,2.0534,2.0121,0.9075,,2.5059,,0.1474,0.2547,0.3523,,,,,0.4526,,,
1989-06-30,1.9444,2.0731,2.0266,0.8881,,2.4984,,0.1339,0.2261,0.3184,,,,,0.4912,,,
1989-07-31,1.9638,2.0285,2.0285,0.9074,,2.5615,,0.1649,0.249,0.3068,,,,,0.4199,,,
1989-08-31,1.9576,2.0585,2.0284,0.8955,,2.5644,,0.1441,0.2287,0.2853,,,,,0.4408,,,
1989-09-30,1.9541,2.0643,2.0884,0.8596,,2.4997,,0.115,0.1868,0.2271,,,,,0.5068,,,
1989-10-31,1.9544,2.0724,2.1107,0.8788,,2.4936,,0.1019,0.1704,0.207,,,,,0.5005,,,
1989-11-30,1.9521,2.0728,2.1309,0.8722,,2.4858,,0.1017,0.1673,0.1992,,,,,0.5039,,,
1989-12-31,1.944,2.0607,2.1545,0.888,0.6245,2.4879,,0.0986,0.1647,0.1944,,,,,0.4911,,,
1990-01-31,1.8511,1.999,2.089,0.9143,0.492,2.5304,,0.1228,0.2128,0.2796,,,,,0.5469,,,
1990-02-28,1.8645,1.9626,2.0608,0.9502,0.5133,2.4609,,0.1246,0.2172,0.2848,,,,,0.5624,,,
1990-03-31,1.8415,1.937,2.0504,1.0266,0.4049,2.4338,,0.1269,0.2186,0.2848,,,,,0.5539,,,
1990-04-30,1.8219,1.9132,2.0877,1.0638,0.6237,2.3835,,0.1231,0.216,0.2831,,,,,0.5404,,,
1990-05-31,1.7783,1.8684,2.039,1.1432,0.4737,2.1692,,0.1531,0.2567,0.3485,,,,,0.4678,,,
1990-06-30,1.7699,1.8703,2.0352,1.1589,0.4725,2.1531,,0.1515,0.2549,0.3446,,,,,0.4674,,,
1990-07-31,1.7578,1.8821,2.0298,1.169,0.4662,2.1064,,0.1484,0.2556,0.3523,,,,,0.4797,,,
1990-08-31,1.6766,1.8511,1.8484,1.338,0.9377,1.9861,,0.1566,0.2855,0.4246,,,,,0.4086,,,
1990-09-30,1.6061,1.8293,1.832,1.5148,1.2457,2.011,,0.1333,0.2454,0.366,,,,,0.3852,,,
1990-10-31,1.3419,1.4387,1.5361,1.7264,1.2787,1.2376,,0.2885,0.4802,0.7315,,,,,0.3162,,,
1990-11-30,1.3033,1.4697,1.4863,1.7547,1.265,1.2352,,0.308,0.5083,0.7789,,,,,0.2661,,,
1990-12-31,1.2786,1.4445,1.4448,1.825,1.2428,1.2058,,0.3106,0.5095,0.7804,,,,,0.2957,,,
1991-01-31,1.3331,1.5505,1.4799,1.7689,1.4753,1.2687,,0.2913,0.4781,0.7355,,,,,0.2047,,,
1991-02-28,1.2927,1.5286,1.518,1.8045,1.4077,1.3093,,0.2563,0.4275,0.6642,,,,,0.2347,,,
1991-03-31,1.2744,1.5689,1.5161,1.8218,1.3649,1.3558,,0.246,0.411,0.6345,,,,,0.2746,,,
1991-04-30,1.275,1.5688,1.5151,1.8208,1.3626,1.3588,,0.2461,0.4115,0.6352,,,,,0.2747,,,
1991-05-31,1.284,1.5701,1.5057,1.8167,1.389,1.3446,,0.2382,0.4007,0.6231,,,,,0.2911,,,
1991-06-30,1.3078,1.5765,1.5112,1.9013,1.4088,1.2991,,0.2325,0.3864,0.5935,,,,,0.2031,,,
1991-07-31,1.3113,1.5814,1.5354,1.9084,1.391,1.3413,,0.2281,0.3747,0.574,,,,,0.189,,,
1991-08-31,1.2968,1.5883,1.5129,1.9187,1.4042,1.279,,0.2284,0.3785,0.5823,,,,,0.2013,,,
1991-09-30,1.2961,1.5954,1.5132,1.9228,1.3838,1.3066,,0.2224,0.3671,0.568,,,,,0.2097,,,
1991-10-31,1.2965,1.596,1.5106,1.9269,1.3828,1.3087,,0.2231,0.3673,0.5676,,,,,0.2087,,,
1991-11-30,1.3144,1.5962,1.5283,2.0504,1.3585,1.2855,,0.194,0.3371,0.539,,,,,0.198,,,
1991-12-31,1.3761,1.6532,1.4945,1.9905,1.3001,1.2607,,0.2119,0.377,0.587,,,,,0.1311,,,
1992-01-31,1.3666,1.7058,1.3922,2.0281,1.4084,1.1596,,0.2223,0.386,0.5975,,,,,0.0775,,,
1992-02-29,1.3577,1.7203,1.3873,2.0707,1.4086,1.1633,,0.211,0.3734,0.5781,,,,,0.0692,,,
1992-03-31,1.347,1.7317,1.3929,2.0846,1.3889,1.1499,,0.2255,0.3856,0.5832,,,,,0.0439,,,
1992-04-30,1.3382,1.7268,1.4048,2.0837,1.386,1.154,,0.2181,0.381,0.5797,,,,,0.0462,,,
1992-05-31,1.3051,1.6946,1.4178,2.1119,1.4005,1.3589,,0.2169,0.3767,0.5756,,,,,-0.0201,,,
1992-06-30,1.2895,1.6896,1.4492,2.1654,1.3878,1.3564,,0.1939,0.3472,0.5442,,,,,0.0187,,,
1992-07-31,1.2383,1.7005,1.4372,2.1465,1.402,1.3031,,0.1796,0.3355,0.5401,,,,,0.064,,,
1992-08-31,1.2434,1.7061,1.4427,2.0998,1.4117,1.3211,,0.1783,0.3347,0.5394,,,,,0.07,,,
1992-09-30,1.2405,1.7149,1.4625,2.1078,1.394,1.3303,,0.1787,0.3371,0.538,,,,,0.0712,,,
1992-10-31,1.2223,1.7069,1.4492,2.0931,1.3706,1.365,,0.17,0.3265,0.5317,,,,,0.1141,,,
1992-11-30,1.2253,1.7403,1.442,2.0978,1.3602,1.3145,,0.1599,0.3175,0.5322,,,,,0.1419,,,
1992-12-31,1.2241,1.7486,1.4301,2.0849,1.3249,1.3123,,0.1627,0.3214,0.5373,,,,,0.151,,,
1993-01-31,1.1842,1.7138,1.4562,2.2044,1.4776,1.3316,,0.1427,0.2892,0.4895,,,,,0.1473,,,
1993-02-28,1.1684,1.6523,1.4363,2.1698,1.5064,1.3858,,0.1481,0.2997,0.5054,,,,,0.1597,,,
1993-03-31,1.1913,1.6762,1.4415,2.1405,1.5764,1.3897,,0.1399,0.2913,0.4972,,,,,0.1581,,,
1993-04-30,1.1995,1.6888,1.4128,2.2173,1.5491,1.3966,,0.1194,0.2628,0.4599,,,,,0.1586,,,
1993-05-31,1.1626,1.7398,1.346,2.2074,1.7248,1.5142,,0.0976,0.2406,0.4294,,,,,0.1799,,,
1993-06-30,1.158,1.7345,1.3483,2.1922,1.7368,1.4975,,0.1005,0.2466,0.4386,,,,,0.1914,,,
1993-07-31,1.1575,1.7011,1.343,2.2141,1.7893,1.5209,,0.1019,0.2453,0.4386,,,,,0.1651,,,
1993-08-31,1.101,1.6365,1.51,2.273,1.7329,1.5342,,0.063,0.1792,0.3673,,,,,0.139,,,
1993-09-30,1.1819,1.5777,1.5917,2.0986,1.3484,1.3696,,0.0674,0.2169,0.4565,,,,,0.1562,,,
1993-10-31,1.1841,1.6129,1.5803,1.7077,1.3547,1.6393,,0.0479,0.1916,0.4307,,,,,0.244,,,
1993-11-30,1.0929,1.5518,1.4163,2.007,1.2452,1.619,,0.0916,0.2648,0.5141,,,,,0.1973,,,
1993-12-31,0.9495,1.3713,1.4207,1.9204,1.3306,2.1406,,0.063,0.2184,0.4076,,,,,0.1778,,,
1994-01-31,0.9431,1.3218,1.4297,2.0272,1.3061,2.0855,,0.0669,0.2239,0.4152,,,,,0.1807,,,
1994-02-28,0.8959,1.2025,1.373,1.6876,1.2115,2.319,,0.1628,0.3628,0.6215,,,,,0.1632,,,
1994-03-31,0.8988,1.2056,1.3834,1.5458,1.0355,2.4204,,0.2267,0.4497,0.7102,,,,,0.124,,,
1994-04-30,0.896,1.2097,1.3823,1.536,1.034,2.4154,,0.2311,0.4543,0.7158,,,,,0.1254,,,
1994-05-31,0.8799,1.2,1.4038,1.5324,1.0231,2.417,,0.2361,0.4622,0.7303,,,,,0.1154,,,
1994-06-30,0.8396,1.1619,1.371,1.3779,1.0325,2.5523,,0.2339,0.4617,0.7353,,,,,0.2339,,,
1994-07-31,0.8232,1.1215,1.3514,1.3196,1.1099,2.5342,,0.2385,0.4766,0.7586,,,,,0.2665,,,
1994-08-31,0.8359,1.1391,1.3706,1.3288,1.1085,2.5284,,0.2295,0.461,0.7357,,,,,0.2624,,,
1994-09-30,0.8213,1.0572,1.3951,1.3144,1.2096,2.4292,,0.2515,0.4843,0.7633,,,,,0.2741,,,
1994-10-31,0.8215,1.0556,1.3989,1.3097,1.2132,2.4298,1.4874,0.2505,0.4838,0.7639,,,,,0.273,,,
1994-11-30,0.816,1.0547,1.3314,1.2401,1.2061,2.6164,1.5584,0.2799,0.4989,0.7602,,,,,0.1963,,,
1994-12-31,0.6836,0.9324,1.3715,1.2855,1.2842,2.7505,1.5581,0.2539,0.4435,0.6957,,,,,0.2991,,,
1995-01-31,0.6632,0.9044,1.3701,1.3267,1.283,2.8031,1.5779,0.2444,0.4358,0.6815,,,,,0.2879,,,
1995-02-28,0.68,0.9257,1.3546,1.2452,1.2807,2.8475,1.5937,0.2605,0.4515,0.6972,,,,,0.2571,,,
1995-03-31,0.6565,0.8714,1.3119,1.186,1.3467,2.9341,1.5939,0.2505,0.4423,0.6976,,,,,0.3031,,,
1995-04-30,0.6642,0.8799,1.3101,1.2055,1.3666,2.879,1.6242,0.253,0.4436,0.697,,,,,0.3011,,,
1995-05-31,0.7034,0.884,1.3092,0.9995,1.3484,2.8543,1.5087,0.2818,0.4931,0.7846,,,,,0.3418,,,
1995-06-30,0.6972,0.8335,1.2557,0.8509,1.3687,3.0027,1.5095,0.3203,0.5408,0.8332,,,,,0.2971,,,
1995-07-31,0.7209,0.8894,1.2369,1.0132,1.3577,2.902,1.5097,0.3077,0.5131,0.7808,,,,,0.2783,,,
1995-08-31,0.6983,0.8634,1.2069,1.1425,1.3214,2.8508,1.4984,0.3176,0.5241,0.7969,,,,,0.2781,,,
1995-09-30,0.7037,0.8609,1.1884,1.1482,1.3272,2.8649,1.4949,0.3156,0.5217,0.7994,,,,,0.2701,,,
1995-10-31,0.7153,0.8616,1.1745,1.1788,1.3412,2.8148,1.5068,0.3251,0.5347,0.8101,,,,,0.2316,,,
1995-11-30,0.7247,0.8162,1.1653,1.1901,1.3364,2.8091,1.523,0.3398,0.5511,0.8172,,,,,0.2255,,,
1995-12-31,0.726,0.8115,1.1652,1.1989,1.3283,2.7954,1.5331,0.3415,0.5557,0.8247,,,,,0.2266,,,
1996-01-31,0.7335,0.7745,1.1528,1.2139,1.38,2.8354,1.528,0.3293,0.5256,0.7717,,,,,0.2592,,,
1996-02-29,0.7344,0.7915,1.1531,1.2588,1.3309,2.7923,1.4939,0.3358,0.54,0.8001,,,,,0.2521,,,
1996-03-31,0.7312,0.791,1.1577,1.2052,1.3356,2.8033,1.5,0.3414,0.5458,0.811,,,,,0.2551,,,
1996-04-30,0.7278,0.8068,1.1607,1.2194,1.3258,2.795,1.5066,0.3372,0.5375,0.8002,,,,,0.2587,,,
1996-05-31,0.7223,0.7887,1.1673,1.228,1.3304,2.776,1.5082,0.3418,0.5429,0.8051,,,,,0.2607,,,
1996-06-30,0.7276,0.8134,1.1688,1.2328,1.318,2.8002,1.5157,0.334,0.5303,0.7892,,,,,0.2458,,,
1996-07-31,0.7821,0.9351,1.1162,1.2886,1.2903,2.7242,1.4641,0.3197,0.5064,0.752,,,,,0.2568,,,
1996-08-31,0.7906,0.9399,1.1101,1.3005,1.2837,2.7871,1.4581,0.3046,0.4767,0.6693,,,,,0.297,,,
1996-09-30,0.8105,0.9926,1.0721,1.321,1.2746,2.7396,1.3924,0.312,0.4871,0.6818,,,,,0.3088,,,
1996-10-31,0.8462,1.0271,1.0704,1.412,1.2263,2.5732,1.3559,0.3326,0.5166,0.7088,,,,,0.2821,,,
1996-11-30,0.906,1.0288,1.0927,1.1646,1.3071,2.6481,1.2913,0.3327,0.5108,0.7096,,,,,0.3234,,,
1996-12-31,1.068,1.1391,1.024,1.2434,1.2252,2.1789,1.2321,0.3934,0.5955,0.8535,,,,,0.3358,,,
1997-01-31,1.0896,1.1682,1.038,1.0751,1.2951,2.2169,1.187,0.3862,0.5837,0.8301,,,,,0.3851,,,
1997-02-28,1.0895,1.2178,1.0114,1.1586,1.3033,2.1927,1.1555,0.3678,0.5547,0.7776,,,,,0.3994,,,
1997-03-31,1.1329,1.268,0.8723,1.218,1.4424,2.1262,1.1028,0.3557,0.5266,0.763,,,,,0.4004,,,
1997-04-30,1.1584,1.2456,0.8734,1.2811,1.4036,2.0829,1.1021,0.3529,0.5265,0.7596,,,,,0.4205,,,
1997-05-31,1.1599,1.3475,0.853,1.3095,1.3256,2.2269,1.1144,0.3302,0.489,0.7042,,,,,0.3365,,,
1997-06-30,1.1681,1.3199,0.8325,1.4075,1.2978,2.1789,1.1142,0.3448,0.5092,0.7204,,,,,0.2878,,,
1997-07-31,1.1849,1.4038,0.8352,1.2166,1.5212,2.0199,0.9357,0.3512,0.5319,0.789,,,,,0.3653,,,
1997-08-31,1.1958,1.2152,0.7552,1.304,1.6347,2.0938,0.9432,0.3355,0.5205,0.7877,,,,,0.3328,,,
1997-09-30,1.2279,1.3146,0.7168,1.2615,1.5459,2.2073,0.9742,0.3246,0.5049,0.7663,,,,,0.2707,,,
1997-10-31,1.126,1.2601,0.8339,1.2244,1.561,2.6375,1.1044,0.2233,0.3417,0.511,,,,,0.2633,,,
1997-11-30,1.0966,1.2349,0.8433,1.2209,1.6058,2.5715,1.0401,0.2125,0.3424,0.5237,,,,,0.3285,,,
1997-12-31,1.0936,1.2218,0.8493,1.214,1.6153,2.5638,1.052,0.2121,0.3435,0.5269,,,,,0.3301,,,
1998-01-31,1.1224,1.2363,0.839,1.2129,1.6023,2.4684,1.0256,0.2324,0.3694,0.5587,,,,,0.3273,,,
1998-02-28,1.1374,1.2702,0.8645,1.2219,1.5756,2.6289,0.9603,0.197,0.3247,0.4913,,,,,0.3078,,,
1998-03-31,1.1617,1.2917,0.8945,1.1872,1.5276,2.6666,0.961,0.1962,0.3244,0.4906,,,,,0.2763,,,
1998-04-30,1.1511,1.271,0.8932,1.2045,1.4929,2.7282,0.9272,0.1925,0.3201,0.4866,,,,,0.2947,,,
1998-05-31,1.1804,1.344,0.908,1.2997,1.4574,2.7562,0.9833,0.1554,0.257,0.3812,,,,,0.2907,,,
1998-06-30,1.1866,1.376,0.9011,1.2807,1.4515,2.7498,0.9802,0.1574,0.2601,0.3846,,,,,0.2849,,,
1998-07-31,1.2121,1.3623,0.8936,1.1299,1.4531,2.8073,0.9441,0.1704,0.2867,0.436,,,,,0.2988,,,
1998-08-31,1.3955,1.6454,1.01,1.2231,1.6966,2.4159,0.9883,0.0625,0.1289,0.1716,,,,,0.2602,,,
1998-09-30,1.4053,1.6881,0.9828,1.1963,1.6449,2.4336,0.9965,0.0747,0.1489,0.1881,,,,,0.2408,,,
1998-10-31,1.4126,1.6425,1.013,1.163,1.6047,2.6765,0.959,0.0697,0.121,0.1463,,,,,0.1918,,,0.2439
1998-11-30,1.4087,1.6892,1.0193,1.2015,1.6073,2.6369,0.9583,0.0469,0.0941,0.1364,,,,,0.2015,,,0.1653
1998-12-31,1.41,1.6942,1.0214,1.1918,1.6136,2.6368,0.957,0.0463,0.0923,0.1328,,,,,0.2039,,,0.1615
1999-01-31,1.4305,1.7876,1.0272,1.1891,1.5887,2.548,0.9569,0.0413,0.0943,0.1446,,,,,0.1918,,,0.1486
1999-02-28,1.4524,1.8749,0.9724,1.1608,1.6291,2.4753,0.9524,0.0517,0.1096,0.1627,,,,,0.1587,,,0.1683
1999-03-31,1.4383,1.8761,0.9512,1.2531,1.5714,2.5114,0.9459,0.0484,0.1018,0.1388,,,,,0.1637,,,0.1676
1999-04-30,1.3975,1.7988,0.9368,1.2635,1.5965,2.6408,0.9548,0.0405,0.0875,0.123,,,,,0.1604,,,0.1544
1999-05-31,1.3788,1.7698,0.9597,1.2316,1.6035,2.6242,0.9871,0.0565,0.1071,0.1447,,,,,0.1371,,,0.1687
1999-06-30,1.375,1.7658,0.9356,1.2896,1.6038,2.647,0.9769,0.054,0.095,0.1247,,,,,0.1326,,,0.1703
1999-07-31,1.3768,1.7177,0.9644,1.2225,1.6433,2.7049,0.9601,0.0551,0.0961,0.1286,,,,,0.1305,,,0.1285
1999-08-31,1.3814,1.7106,0.9623,1.2287,1.6407,2.6966,0.9623,0.0569,0.0989,0.1309,,,,,0.1307,,,0.121
1999-09-30,1.3956,1.6996,0.9936,1.1721,1.6611,2.7136,0.9857,0.0457,0.0836,0.1176,,,,,0.1319,,,0.0993
1999-10-31,1.4047,1.7146,0.998,1.1776,1.6738,2.7048,0.9736,0.0402,0.0761,0.1065,,,,,0.1325,,,0.1066
1999-11-30,1.3477,1.7648,1.0216,1.1772,1.6644,2.7694,0.9987,0.0247,0.0458,0.0567,,,,,0.1541,,,0.1211
1999-12-31,1.3222,1.8942,1.0274,1.1152,1.7728,2.7753,1.0179,0.0036,0.0069,0.0036,,,,,0.1423,,,0.097
2000-01-31,1.3369,1.8876,1.0916,1.0598,1.751,2.7777,1.0045,0.0169,0.0231,0.0098,,,,,0.1028,,,0.1498
2000-02-29,1.28,1.9544,1.0552,1.0514,1.7864,2.7866,0.9876,0.0196,0.0363,0.0439,,,,,0.1052,,,0.124
2000-03-31,1.2855,1.8888,1.0857,1.0536,1.8398,2.789,0.9946,0.0094,0.0223,0.0196,,,,,0.1009,,,0.1198
2000-04-30,1.2518,2.0251,1.0672,1.1162,1.7927,2.7642,0.9407,0.0182,0.0363,0.0404,,,,,0.0305,,,0.1967
2000-05-31,1.2435,2.0849,1.038,1.1493,1.8273,2.6889,0.9148,0.0148,0.04,0.0499,,,,,0.0684,,,0.1215
2000-06-30,1.2224,2.1499,1.0183,1.1697,1.7556,2.7068,0.9333,0.0225,0.0476,0.0545,,,,,0.0513,,,0.1241
2000-07-31,1.2257,2.2158,1.0081,1.2885,1.6584,2.7733,1.0047,-0.0046,0.0027,-0.0311,,,,,-0.0038,,,0.1916
2000-08-31,1.2377,2.3936,1.0693,1.2793,1.5669,2.7522,0.9858,-0.022,-0.0207,-0.0942,,,,,-0.0017,,,0.204
2000-09-30,1.2461,2.4734,1.0484,1.3263,1.57,2.7241,0.909,-0.0351,-0.0252,-0.0691,,,,,0.0141,,,0.2281
2000-10-31,1.3264,2.7015,1.0078,1.3848,1.533,2.4923,0.8067,-0.0136,0.0161,-0.0115,,,,,-0.0396,,,0.2592
2000-11-30,1.3624,2.8691,1.0198,1.29,1.5884,2.4455,0.7635,-0.0343,-0.0139,-0.0462,,,,,-0.0174,,,0.2769
2000-12-31,1.3611,2.8943,1.0038,1.3243,1.5766,2.4213,0.7593,-0.0401,-0.0227,-0.054,,,,,-0.0049,,,0.2945
2001-01-31,1.3635,2.9237,0.9839,1.2926,1.5767,2.4703,0.7707,-0.0409,-0.0307,-0.0649,,,,,-0.004,,,0.2729
2001-02-28,1.3966,3.0889,0.9862,1.3266,1.6195,2.2937,0.7614,-0.0386,-0.0475,-0.0824,,,,,-0.0047,,,0.2729
2001-03-31,1.389,3.1057,0.9826,1.2457,1.5874,2.3563,0.7883,-0.0392,-0.04,-0.0524,,,,,-0.0636,,,0.3706
2001-04-30,1.4178,3.1499,1.0077,1.2618,1.6118,2.294,0.8139,-0.0524,-0.0682,-0.0918,,,,,-0.0841,,,0.3783
2001-05-31,1.4153,3.1446,1.014,1.2783,1.6467,2.25,0.8058,-0.0509,-0.0641,-0.0841,,,,,-0.0877,,,0.3557
2001-06-30,1.414,3.1293,1.022,1.2797,1.6391,2.2705,0.8052,-0.0518,-0.0666,-0.0921,,,,,-0.0878,,,0.3671
2001-07-31,1.4013,3.1278,1.0211,1.3202,1.6396,2.2657,0.8299,-0.0629,-0.0838,-0.1152,,,,,-0.0735,,,0.3569
2001-08-31,1.3237,3.1848,0.9638,1.2972,1.5791,2.4529,0.7508,-0.0225,-0.0385,-0.0165,,,,,-0.0698,,,0.4257
2001-09-30,1.3103,3.1162,1.023,1.3257,1.7437,2.3781,0.7907,-0.0754,-0.0892,-0.0299,,,,,-0.0372,,,0.3981
2001-10-31,1.254,3.2295,0.9796,1.3875,1.7566,2.0959,0.8426,-0.0628,-0.0461,0.0848,,,,,0.0037,,,0.1799
2001-11-30,1.2751,3.2969,0.9631,1.3327,1.7895,2.2059,0.8301,-0.0701,-0.0664,0.027,,,,,-0.0136,,,0.2375
2001-12-31,1.2649,3.2772,0.9585,1.346,1.7881,2.2141,0.8275,-0.0684,-0.0652,0.0307,,,,,-0.0088,,,0.2297
2002-01-31,1.2568,3.2307,0.9673,1.3402,1.7911,2.2906,0.8246,-0.0679,-0.0662,0.0276,,,,,-0.0237,,,0.2499
2002-02-28,1.2561,3.2367,1.0048,1.3364,1.7808,2.3335,0.8305,-0.0862,-0.0955,-0.0091,,,,,-0.0094,,,0.2379
2002-03-31,1.267,3.2781,1.0245,1.2888,1.8667,2.3164,0.8226,-0.103,-0.1163,-0.0219,,,,,-0.0221,,,0.2422
2002-04-30,1.3048,3.4644,1.0323,1.2789,1.8664,2.1611,0.8098,-0.1043,-0.1155,-0.0183,,,,,-0.0243,,,0.2569
2002-05-31,1.3286,3.5624,1.0237,1.2887,1.8805,2.1466,0.7668,-0.125,-0.1415,-0.0414,,,,,-0.008,,,0.2418
2002-06-30,1.3333,3.5443,1.0892,1.2763,1.9088,2.0778,0.801,-0.1339,-0.1419,-0.0294,,,,,0.0539,,,0.1898
2002-07-31,1.3549,3.5158,1.133,1.3044,1.9847,2.035,0.8237,-0.1583,-0.1683,-0.0653,,0.5315,,,0.0314,,,0.2042
2002-08-31,1.3568,3.503,1.1309,1.3022,1.9774,2.0233,0.831,-0.1545,-0.1601,-0.0513,-0.1042,0.5796,-0.0014,0.8126,0.0298,,,0.1978
2002-09-30,1.3967,3.3969,1.1967,1.2324,2.1741,1.9971,0.8375,-0.1795,-0.2044,-0.1041,-0.1599,0.4264,-0.0519,0.8013,0.0283,,,0.2283
2002-10-31,1.4168,3.437,1.2372,1.143,2.2286,1.9916,0.854,-0.1794,-0.2178,-0.139,-0.1925,0.2302,-0.0559,0.9062,0.0218,,,0.2063
2002-11-30,1.4885,3.4857,1.2317,1.1901,2.2598,1.9042,0.8194,-0.1958,-0.2285,-0.1216,-0.1952,0.2038,-0.0785,0.9384,-0.0182,,,0.1848
2002-12-31,1.5255,3.4071,1.2522,1.2564,2.1891,1.9053,0.8132,-0.2032,-0.2261,-0.1053,-0.2784,0.0459,-0.1634,0.9796,0.0197,,,0.1662
2003-01-31,1.5144,3.4009,1.2504,1.2899,2.2083,1.8664,0.8161,-0.2066,-0.2299,-0.1028,-0.3036,0.0064,-0.168,0.8967,0.0464,,,0.1464
2003-02-28,1.6351,3.3208,1.3342,1.3209,2.1428,1.8195,0.8423,-0.2187,-0.2622,-0.1692,-0.3223,0.0278,-0.1858,0.888,0.0363,,,0.1981
2003-03-31,1.5704,3.4379,1.3123,1.3263,2.2011,1.8584,0.8638,-0.2324,-0.2948,-0.2089,-0.3178,0.0498,-0.1834,0.8949,0.0417,,,0.1241
2003-04-30,1.6357,3.339,1.3965,1.1787,2.4877,1.7224,0.8926,-0.2479,-0.3168,-0.2169,-0.2819,-0.2439,-0.0878,0.8501,0.0656,,,0.0634
2003-05-31,1.6399,3.2708,1.4059,1.2043,2.4142,1.7553,0.8493,-0.216,-0.2618,-0.1332,-0.1562,-0.0192,-0.1173,0.9124,0.0078,,,0.0636
2003-06-30,1.6834,3.1949,1.4703,1.2056,2.6011,1.7013,0.7899,-0.2463,-0.3033,-0.1772,-0.1952,-0.0072,-0.1097,0.8719,0.0386,,,0.0419
2003-07-31,1.682,3.2118,1.48,1.2281,2.6317,1.7246,0.7997,-0.2667,-0.3416,-0.2409,-0.1839,-0.0026,-0.0365,0.9187,0.0524,,,0.0384
2003-08-31,1.6581,3.1747,1.4503,1.2388,2.6875,1.819,0.825,-0.2864,-0.3743,-0.2344,-0.1254,-0.0123,-0.0388,0.8726,0.0279,,,0.036
2003-09-30,1.6715,3.1713,1.4535,1.2235,2.7351,1.8091,0.8566,-0.2915,-0.3927,-0.2735,-0.1582,-0.1087,-0.0667,0.9503,0.032,,,0.0325
2003-10-31,1.676,3.1345,1.4679,1.2082,2.7934,1.8317,0.856,-0.3065,-0.4152,-0.3112,-0.1754,-0.0987,-0.0917,1.0723,0.0429,,,0.044
2003-11-30,1.6581,3.0017,1.4883,1.2642,2.8098,1.8382,0.8894,-0.3046,-0.4103,-0.2964,-0.1668,-0.0522,-0.1052,1.0911,0.032,,,0.0293
2003-12-31,1.6354,2.8543,1.455,1.2735,2.7377,1.7667,0.8831,-0.2797,-0.3797,-0.2677,-0.1086,0.0244,0.042,1.2225,-0.0138,,,0.0515
2004-01-31,1.6342,2.7999,1.4475,1.2898,2.7333,1.7638,0.8515,-0.284,-0.3704,-0.2476,-0.1065,-0.0251,0.0362,1.2972,-0.0212,,,0.08
2004-02-29,1.5817,2.5665,1.4583,1.2722,2.7312,1.7631,0.9053,-0.2825,-0.3511,-0.2078,-0.1472,-0.0289,-0.0222,1.4133,0.0153,,,0.0373
2004-03-31,1.5778,2.4895,1.4811,1.4081,2.8145,1.6152,0.8834,-0.2977,-0.3785,-0.2539,-0.2017,-0.122,-0.0377,1.3735,0.1115,,,-0.0593
2004-04-30,1.484,2.3311,1.3389,1.2893,2.6218,1.6186,0.8109,-0.2155,-0.2501,-0.0757,-0.0602,-0.2545,0.3261,1.5498,0.0608,,,0.0033
2004-05-31,1.4865,2.3361,1.3323,1.2705,2.614,1.6201,0.8158,-0.2183,-0.2545,-0.0794,-0.0593,-0.2418,0.3243,1.5532,0.0628,,,0.0087
2004-06-30,1.4833,2.3437,1.3296,1.2678,2.6165,1.6201,0.8236,-0.219,-0.2551,-0.079,-0.0576,-0.2605,0.3174,1.5382,0.0652,,,-0.001
2004-07-31,1.4789,2.2872,1.3311,1.1964,2.6135,1.5931,0.7947,-0.2064,-0.2343,-0.0494,-0.0869,-0.1997,0.3489,1.5404,0.0662,,,-0.0187
2004-08-31,1.4736,2.2521,1.3726,1.1153,2.6037,1.5421,0.8182,-0.2092,-0.2212,-0.0197,-0.056,-0.1997,0.3316,1.5968,0.0304,,,0.0599
2004-09-30,1.483,2.1426,1.3938,1.0125,2.5783,1.4927,0.7702,-0.1765,-0.2111,-0.0501,0.0964,-0.5285,0.677,1.7223,0.0452,,,0.0342
2004-10-31,1.5435,2.0767,1.4277,0.9697,2.6309,1.562,0.7239,-0.2034,-0.2595,-0.1847,0.1988,-0.348,0.9104,1.8904,0.0062,,,0.0977
2004-11-30,1.5138,1.988,1.4353,0.9631,2.6057,1.504,0.7414,-0.1891,-0.2338,-0.1325,0.2833,-0.2643,1.024,1.7887,-0.0435,,,0.1373
2004-12-31,1.516,1.9911,1.4375,0.9532,2.6213,1.5083,0.7477,-0.1946,-0.2441,-0.1484,0.2906,-0.2507,1.0761,1.7488,-0.0379,,,0.1129
2005-01-31,1.523,2.0113,1.4436,0.9253,2.6408,1.4834,0.7586,-0.1971,-0.2481,-0.1528,0.3014,-0.2998,1.0242,1.8401,-0.0177,,,0.095
2005-02-28,1.5179,1.9341,1.451,0.9766,2.6468,1.4795,0.7524,-0.2015,-0.2546,-0.1696,0.3414,-0.2119,1.105,1.8122,-0.0192,,,0.0864
2005-03-31,1.51,1.918,1.4391,0.9612,2.603,1.4881,0.7656,-0.1819,-0.2245,-0.1298,0.354,-0.3225,1.1177,1.7963,-0.0391,,,0.1057
2005-04-30,1.4818,1.8897,1.4319,1.0233,2.5768,1.4771,0.776,-0.1799,-0.2271,-0.1416,0.3533,-0.2076,1.1332,1.7741,-0.0605,,,0.1047
2005-05-31,1.4816,1.9039,1.4379,1.0466,2.5827,1.4367,0.7911,-0.1717,-0.2115,-0.1239,0.3265,-0.2349,1.2319,1.7455,-0.0278,,,0.0832
2005-06-30,1.4561,1.8536,1.404,0.9327,2.664,1.4362,0.7674,-0.1584,-0.1973,-0.1112,0.2627,-0.136,1.2045,1.9222,-0.1353,,,0.1674
2005-07-31,1.4082,1.8164,1.3323,0.8545,2.568,1.5133,0.7333,-0.1178,-0.1717,-0.0953,0.1548,-0.161,1.1786,1.8057,-0.0982,,,0.1592
2005-08-31,1.4054,1.8082,1.33,0.8527,2.5648,1.5058,0.7342,-0.114,-0.1639,-0.0806,0.1588,-0.1377,1.159,1.8007,-0.0999,,,0.163
2005-09-30,1.2429,1.7344,1.1295,1.035,2.0571,1.4483,0.7014,-0.0107,-0.0165,0.051,0.4113,-0.1253,1.6365,2.0619,-0.0846,,,0.0363
2005-10-31,1.1529,1.5739,1.0682,1.1351,1.8967,1.5324,0.7674,0.0198,0.0561,0.193,0.4764,0.3252,1.611,1.8594,-0.1076,,,0.1043
2005-11-30,1.114,1.4835,1.0377,1.1831,1.8797,1.4778,0.8095,0.0518,0.0935,0.2082,0.5789,0.253,1.7688,1.9124,-0.0718,0.4135,0.3417,0.054
2005-12-31,1.0031,1.2531,0.9865,1.1272,1.6459,1.3445,0.8343,0.1628,0.243,0.4189,1.0176,0.8471,2.3305,1.8205,-0.2289,0.4071,0.3181,0.1952
2006-01-31,0.9794,1.3166,0.7368,1.0814,1.5922,1.4603,0.8371,0.138,0.1991,0.3578,1.432,1.2589,2.6573,2.2837,-0.3419,0.4529,0.3906,0.1844
2006-02-28,0.9475,1.3431,0.7585,1.1254,1.4417,1.4104,0.7609,0.1678,0.2357,0.3465,1.3787,1.5465,2.5801,2.2772,-0.3641,0.4745,0.4073,0.1819
2006-03-31,0.9726,1.3765,0.7512,1.0537,1.3226,1.2514,0.8661,0.1591,0.1861,0.1938,1.327,1.2809,2.7933,2.2496,-0.3904,0.4872,0.3687,0.1611
2006-04-30,0.7877,1.1002,0.5519,1.0326,0.7993,1.3386,0.8076,0.143,0.1368,0.0438,1.596,1.8455,3.1045,3.076,-0.4469,0.5702,0.4892,0.2683
2006-05-31,0.7741,1.0976,0.6616,1.1777,0.9779,1.307,0.9743,0.0905,0.0426,-0.0816,1.4708,1.6062,3.3445,2.5856,-0.3007,0.4614,0.3566,0.2294
2006-06-30,0.7574,1.0763,0.6211,1.1548,0.9714,1.2385,0.9373,0.0883,0.0411,-0.0839,1.5248,1.5271,3.4781,2.6901,-0.3046,0.4522,0.3696,0.2535
2006-07-31,0.7589,1.0919,0.6229,1.1629,0.9831,1.2397,0.9447,0.0817,0.0292,-0.1033,1.5228,1.5283,3.4892,2.6969,-0.3016,0.4525,0.3684,0.2526
2006-08-31,0.7608,1.0778,0.6349,1.1179,1.0138,1.196,0.9475,0.0897,0.0314,-0.1243,1.4878,1.5162,3.5864,2.7656,-0.3204,0.4521,0.3727,0.2189
2006-09-30,0.7027,0.9974,0.5994,1.095,0.9056,1.1962,0.9175,0.11,0.0623,-0.0932,1.5593,1.5917,3.7131,2.7564,-0.3828,0.4597,0.392,0.2695
2006-10-31,0.6548,0.9182,0.5619,1.0995,0.7671,1.1238,0.9265,0.1418,0.1096,-0.0293,1.6369,1.6646,3.9208,2.6423,-0.3985,0.461,0.3964,0.2599
2006-11-30,0.6578,0.9351,0.5396,1.0438,0.7592,1.1353,0.902,0.1448,0.1184,-0.0091,1.686,1.7109,4.0079,2.5104,-0.4321,0.4876,0.4161,0.2704
2006-12-31,0.5747,0.9634,0.486,0.9258,0.6437,1.1185,0.8713,0.1453,0.1356,0.0313,1.7348,1.7607,4.1644,2.544,-0.3817,0.3949,0.3526,0.2643
2007-01-31,0.5582,0.9279,0.5147,0.9287,0.6211,1.0889,0.8809,0.1446,0.1353,0.038,1.7453,1.8177,4.1016,2.6017,-0.3931,0.4143,0.3391,0.261
2007-02-28,0.5573,0.9827,0.5039,0.9382,0.67,1.0555,0.8862,0.133,0.1207,0.021,1.8413,1.7613,4.1459,2.4477,-0.4099,0.4284,0.3134,0.3189
2007-03-31,0.5705,0.9963,0.5236,0.9124,0.7015,1.1072,0.89,0.128,0.1123,0.0097,1.8113,1.7876,4.0657,2.4785,-0.4142,0.4388,0.3209,0.2959
2007-04-30,0.6315,1.0557,0.7424,1.0915,1.0359,1.0114,1.0174,-0.0228,-0.1249,-0.3818,1.6933,2.3405,3.6808,2.4797,-0.3526,0.4134,0.228,0.0701
2007-05-31,0.6014,1.0307,0.71,1.0451,0.9658,1.0038,1.0007,-0.0094,-0.1051,-0.3467,1.7256,2.3825,3.6686,2.5437,-0.3681,0.4336,0.2496,0.0914
2007-06-30,0.6383,1.0692,0.721,1.0972,0.9898,0.9647,1.0306,-0.0039,-0.0891,-0.3238,1.7432,2.2178,3.6876,2.4675,-0.3673,0.4284,0.2298,0.1095
2007-07-31,0.6485,1.0915,0.7257,1.111,1.0034,0.9724,1.034,-0.0056,-0.0922,-0.3277,1.7498,2.1796,3.6618,2.456,-0.3719,0.4333,0.2307,0.116
2007-08-31,0.6243,1.0378,0.7397,1.1549,0.9827,0.9371,1.0054,-0.0243,-0.1088,-0.3245,1.7333,2.2232,3.7258,2.5354,-0.3715,0.4365,0.2349,0.0832
2007-09-30,0.6601,1.0208,0.7112,1.1234,0.9246,1.2103,1.015,-0.0166,-0.1138,-0.3166,1.8677,2.0792,3.8232,2.357,-0.4299,0.5073,0.2476,0.1189
2007-10-31,0.6453,1.0639,0.7392,1.0573,0.8911,1.4212,0.9957,-0.0106,-0.0948,-0.286,1.8887,2.2572,3.7101,2.1494,-0.4314,0.5015,0.2596,0.0947
2007-11-30,0.7108,1.1502,0.8197,1.1802,0.9048,1.5643,1.0274,-0.0917,-0.1819,-0.3915,1.7863,2.3597,3.5147,2.2626,-0.3614,0.3959,0.2467,-0.0346
2007-12-31,0.7413,1.1818,0.8356,1.2371,0.9121,1.5925,1.0695,-0.0869,-0.1696,-0.3629,1.7213,2.222,3.391,2.3126,-0.3754,0.4155,0.2728,-0.0322
2008-01-31,0.8298,1.3132,1.0142,1.4321,1.2425,1.8695,1.291,-0.1527,-0.2317,-0.35,1.3635,2.3038,2.8569,1.9846,-0.281,0.3214,0.2386,-0.1627
2008-02-29,0.7592,1.2332,0.9814,1.3886,1.1827,1.8569,1.2392,-0.1238,-0.2056,-0.3466,1.3744,2.3473,2.9486,2.138,-0.2911,0.3336,0.2193,-0.1243
2008-03-31,0.7183,1.144,0.9941,1.5032,1.215,1.8659,1.2615,-0.1325,-0.2308,-0.3893,1.4417,2.3703,3.1074,2.078,-0.1992,0.2156,0.1933,-0.2384
2008-04-30,0.7392,1.1507,1.0416,1.5387,1.2079,2.0523,1.2618,-0.1432,-0.2243,-0.3602,1.3845,2.3086,2.9907,2.0536,-0.1744,0.1838,0.2153,-0.2475
2008-05-31,0.7177,1.0665,1.0303,1.5263,1.1616,2.1377,1.254,-0.1438,-0.2344,-0.3836,1.4733,2.2701,2.9763,2.1643,-0.2321,0.2497,0.2778,-0.2024
2008-06-30,0.8599,1.2096,1.1144,1.5743,1.3077,2.2591,1.3432,-0.145,-0.2404,-0.441,1.3524,1.9993,2.8783,1.9806,-0.2328,0.2405,0.2713,-0.1665
2008-07-31,0.8256,1.106,1.1245,1.5411,1.2233,2.1572,1.3767,-0.1286,-0.2079,-0.3739,1.4225,2.1348,2.8398,1.9982,-0.263,0.2686,0.3023,-0.1194
2008-08-31,0.7472,0.9997,0.9581,1.4828,1.1818,2.1801,1.2185,-0.1396,-0.2298,-0.4302,1.576,2.1577,3.2351,2.0883,-0.3757,0.2626,0.4597,-0.1118
2008-09-30,0.896,1.1945,1.1743,1.5487,1.2279,2.2269,1.2807,-0.1084,-0.1493,-0.3509,1.0151,2.2188,2.8388,2.203,-0.4178,0.3949,0.4509,-0.1492
2008-10-31,1.0765,1.2688,0.987,1.6755,1.1778,1.9762,1.1171,-0.0921,-0.0505,-0.1666,1.2433,2.3476,2.311,2.5639,-0.5097,0.5855,0.5979,-0.3683
2008-11-30,1.0887,1.2802,0.9956,1.6212,1.1804,1.9983,1.1287,-0.1062,-0.0823,-0.2281,1.1917,2.5224,2.2833,2.5877,-0.5442,0.6209,0.645,-0.3549
2008-12-31,1.1034,1.3158,0.9953,1.5928,1.1769,2.0425,1.1155,-0.0984,-0.0537,-0.1592,1.2171,2.4049,2.3169,2.509,-0.579,0.6798,0.6308,-0.3401
2009-01-31,1.1478,1.318,1.0232,1.6287,1.2206,2.0667,1.1178,-0.0714,0.0188,0.0459,1.0948,2.3501,2.1114,2.4242,-0.6175,0.7487,0.5943,-0.3395
2009-02-28,1.1983,1.3351,1.0554,1.6254,1.2782,2.0578,1.1329,-0.0649,0.0314,0.0667,1.0734,2.2457,2.0541,2.3498,-0.6223,0.7449,0.5938,-0.2739
2009-03-31,1.2664,1.4167,1.0281,1.623,1.2933,2.0715,1.1533,-0.0314,0.0952,0.1608,0.9668,2.2355,1.7955,2.4165,-0.6354,0.7625,0.59,-0.2694
2009-04-30,1.3773,1.5906,1.1234,1.7612,1.4971,2.1987,1.2013,-0.0419,0.0801,0.1292,0.7856,2.202,1.5321,2.1348,-0.6035,0.7181,0.5665,-0.3162
2009-05-31,1.3283,1.4589,1.0656,1.6953,1.3806,2.2263,1.0824,-0.0737,0.0131,0.0176,0.8379,2.4782,1.7679,2.1223,-0.6344,0.7622,0.6956,-0.2299
2009-06-30,1.3329,1.4592,1.0778,1.6979,1.3862,2.2362,1.0867,-0.0747,0.0119,0.0168,0.8303,2.4885,1.7499,2.1084,-0.6338,0.7633,0.6932,-0.2351
2009-07-31,1.356,1.4853,1.1212,1.6725,1.4403,2.2462,1.1229,-0.0731,0.0096,0.01,0.8049,2.3642,1.6814,2.1765,-0.6277,0.7415,0.6774,-0.2104
2009-08-31,1.3597,1.4728,1.1472,1.6593,1.4361,2.2127,1.1348,-0.0725,0.0073,0.0104,0.8045,2.3776,1.6592,2.2137,-0.6256,0.7402,0.659,-0.1943
2009-09-30,1.3736,1.4959,1.165,1.6251,1.4461,2.2167,1.1589,-0.0704,0.0117,0.0252,0.8066,2.3198,1.6705,2.1836,-0.6245,0.736,0.6388,-0.1793
2009-10-31,1.3681,1.488,1.1603,1.6227,1.4396,2.2133,1.15,-0.0697,0.0128,0.0258,0.8112,2.3485,1.6625,2.2009,-0.6253,0.738,0.6334,-0.1802
2009-11-30,1.3867,1.4938,1.1754,1.5676,1.4492,2.1765,1.1395,-0.061,0.0192,0.0198,0.8572,2.2909,1.6704,2.2476,-0.6181,0.7259,0.6143,-0.155
2009-12-31,1.3919,1.4925,1.182,1.5789,1.4588,2.1901,1.1476,-0.0629,0.0165,0.0136,0.8552,2.2847,1.6586,2.2268,-0.6186,0.7276,0.6161,-0.1592
2010-01-31,1.3853,1.4994,1.1835,1.5612,1.4699,2.2032,1.1656,-0.0723,0.0018,-0.0032,0.8572,2.2976,1.6612,2.2375,-0.6197,0.7362,0.6082,-0.1727
2010-02-28,1.3971,1.5146,1.1929,1.5524,1.4678,2.21,1.1655,-0.0742,-0.0025,-0.0135,0.858,2.3071,1.6517,2.2416,-0.6108,0.7238,0.5905,-0.1718
2010-03-31,1.4118,1.5345,1.2087,1.596,1.5019,2.1899,1.1759,-0.0811,-0.013,-0.0258,0.8359,2.2839,1.6686,2.2259,-0.5938,0.7033,0.5827,-0.2052
2010-04-30,1.4045,1.5319,1.2057,1.6033,1.4812,2.1982,1.1697,-0.0798,-0.0102,-0.0227,0.844,2.3132,1.6934,2.1824,-0.5895,0.6983,0.5751,-0.1988
2010-05-31,1.424,1.5531,1.2194,1.6408,1.4548,2.1846,1.193,-0.0881,-0.0342,-0.0649,0.8084,2.368,1.6596,2.1754,-0.6169,0.7402,0.5932,-0.2105
2010-06-30,1.4283,1.5586,1.2234,1.6416,1.453,2.1804,1.1945,-0.0889,-0.0362,-0.0688,0.8086,2.3627,1.6622,2.1794,-0.6157,0.7401,0.5885,-0.2118
2010-07-31,1.4585,1.583,1.2572,1.6442,1.4637,2.1619,1.2116,-0.0864,-0.0391,-0.0833,0.7535,2.3299,1.6011,2.2103,-0.6354,0.7666,0.6102,-0.2075
2010-08-31,1.4662,1.5935,1.2569,1.6486,1.4692,2.1694,1.2164,-0.0861,-0.0418,-0.0922,0.7475,2.3342,1.5823,2.1997,-0.6379,0.77,0.6112,-0.2074
2010-09-30,1.5054,1.6601,1.2806,1.6794,1.476,2.1147,1.1972,-0.0825,-0.0414,-0.1188,0.6923,2.3251,1.5591,2.1982,-0.6514,0.7975,0.6129,-0.2042
2010-10-31,1.5265,1.6651,1.2782,1.6893,1.5034,2.0516,1.1973,-0.0817,-0.0486,-0.1483,0.6771,2.2584,1.6061,2.2626,-0.6558,0.8018,0.607,-0.19
2010-11-30,1.5232,1.6467,1.2674,1.6966,1.5141,2.031,1.1964,-0.0701,-0.0339,-0.1265,0.6694,2.2539,1.6183,2.2381,-0.6575,0.8098,0.6103,-0.1871
2010-12-31,1.5385,1.6546,1.2875,1.6901,1.5092,1.9971,1.2015,-0.0864,-0.0611,-0.1523,0.6628,2.264,1.6333,2.2892,-0.6634,0.805,0.599,-0.1684
2011-01-31,1.5205,1.6175,1.2567,1.6532,1.4446,1.9355,1.1604,-0.0742,-0.0453,-0.1409,0.7284,2.2622,1.7312,2.3511,-0.6784,0.8194,0.6043,-0.1462
2011-02-28,1.5504,1.6532,1.2652,1.6692,1.4629,1.9108,1.1732,-0.0852,-0.0504,-0.1275,0.7303,2.2316,1.7509,2.2668,-0.6734,0.8133,0.6132,-0.1547
2011-03-31,1.5652,1.6709,1.2635,1.651,1.4624,1.901,1.1684,-0.0857,-0.0471,-0.1198,0.7025,2.2535,1.6931,2.2912,-0.6959,0.8425,0.6227,-0.1396
2011-04-30,1.5402,1.6412,1.2342,1.5892,1.4597,1.823,1.1295,-0.0651,-0.0253,-0.0925,0.7687,2.2152,1.8782,2.2213,-0.7169,0.8692,0.6392,-0.1088
2011-05-31,1.5272,1.6299,1.2251,1.5726,1.4578,1.7991,1.1253,-0.0708,-0.0358,-0.108,0.7749,2.2413,1.9845,2.1938,-0.7192,0.8767,0.6334,-0.1077
2011-06-30,1.4971,1.5993,1.1969,1.5389,1.4102,1.7795,1.1004,-0.0679,-0.0293,-0.0833,0.8029,2.3123,2.0392,2.2111,-0.7184,0.876,0.6459,-0.1106
2011-07-31,1.4907,1.6031,1.1786,1.545,1.4069,1.7943,1.0778,-0.0636,-0.0232,-0.0785,0.8121,2.2798,2.0747,2.2073,-0.7188,0.8721,0.654,-0.1124
2011-08-31,1.5358,1.6561,1.2491,1.5868,1.512,1.8079,1.1184,-0.0701,-0.0439,-0.114,0.689,2.2857,1.9132,2.2028,-0.6882,0.8722,0.6083,-0.121
2011-09-30,1.5141,1.5853,1.1349,1.4328,1.4555,1.7988,1.0676,-0.0621,-0.0841,-0.2831,0.9358,2.2656,2.1748,2.3394,-0.7385,0.904,0.6424,-0.0831
2011-10-31,1.6861,1.7309,1.3429,1.16,1.7257,1.8954,1.1718,-0.0802,-0.2506,-0.6252,0.5821,2.2364,2.379,2.0904,-0.8099,0.9798,0.5976,0.1878
2011-11-30,1.6306,1.6696,1.327,1.1972,1.6799,1.9565,1.1526,-0.0534,-0.197,-0.531,0.663,2.0313,2.4374,2.0156,-0.8214,1.02,0.5912,0.2308
2011-12-31,1.6063,1.6561,1.2945,1.1653,1.6773,1.905,1.1506,-0.0605,-0.2228,-0.5922,0.7297,2.0843,2.5205,2.0788,-0.8098,0.997,0.605,0.2149
2012-01-31,1.5331,1.6473,1.2275,1.0893,1.6556,1.9302,1.1526,-0.0822,-0.3032,-0.8663,0.904,1.9547,2.8885,2.2415,-0.7526,0.9143,0.626,0.2397
2012-02-29,1.4485,1.6208,1.1774,1.0989,1.5803,1.971,1.1251,-0.1014,-0.351,-0.9548,0.9276,2.127,3.0317,2.3589,-0.7556,0.947,0.6289,0.1197
2012-03-31,1.3929,1.541,1.215,1.0279,1.5692,2.0194,1.0748,-0.1147,-0.3763,-0.9702,1.0305,2.1287,3.2347,2.2327,-0.7458,0.9293,0.6438,0.1672
2012-04-30,1.3572,1.4872,1.1803,0.9921,1.4698,1.9341,1.0486,-0.1034,-0.3546,-0.9222,1.1157,2.1764,3.4248,2.2006,-0.756,0.9554,0.6262,0.1679
2012-05-31,1.419,1.6219,1.2701,1.0446,1.5775,1.8393,1.1876,-0.0756,-0.3397,-0.9725,1.1009,1.988,3.1777,2.3687,-0.7621,0.9365,0.5347,0.0832
2012-06-30,1.4243,1.6377,1.2656,1.076,1.5716,1.8554,1.2027,-0.0812,-0.3466,-0.9827,1.0812,2.0021,3.1227,2.3832,-0.7694,0.9385,0.5432,0.0758
2012-07-31,1.4111,1.6308,1.2247,1.0671,1.5231,1.7913,1.1732,-0.0837,-0.3592,-1.0157,1.1189,2.1345,3.2849,2.2974,-0.7747,0.9592,0.5523,0.0647
2012-08-31,1.4037,1.6436,1.1995,1.0685,1.5246,1.8013,1.1516,-0.0875,-0.367,-1.0374,1.1416,2.1771,3.3113,2.2657,-0.7815,0.9661,0.566,0.0527
2012-09-30,1.4035,1.6252,1.1778,1.1063,1.5289,1.8064,1.1237,-0.0922,-0.3802,-1.0801,1.1372,2.1673,3.3099,2.3386,-0.7815,0.9742,0.6006,0.0343
2012-10-31,1.4004,1.6355,1.1556,1.0835,1.5001,1.7611,1.0823,-0.0861,-0.3699,-1.0639,1.1586,2.2057,3.3223,2.3685,-0.7705,0.9574,0.6046,0.0547
2012-11-30,1.3852,1.6372,1.1605,1.1839,1.5082,1.8025,1.0941,-0.1004,-0.3898,-1.0869,1.0665,2.2628,3.2911,2.3692,-0.7683,0.9572,0.6169,0.0103
2012-12-31,1.3877,1.6472,1.1678,1.1971,1.5159,1.801,1.098,-0.1054,-0.398,-1.0975,1.0554,2.265,3.2842,2.3796,-0.7615,0.9478,0.6136,0.0019
2013-01-31,1.4026,1.6427,1.182,1.2311,1.4924,1.7815,1.0813,-0.095,-0.4051,-1.1483,1.0561,2.2612,3.3432,2.3616,-0.7698,0.9573,0.6118,0.0133
2013-02-28,1.3844,1.622,1.1576,1.2056,1.4976,1.785,1.0398,-0.0971,-0.4041,-1.1405,1.0818,2.2531,3.4012,2.3569,-0.7922,0.9785,0.6546,0.0157
2013-03-31,1.369,1.601,1.1308,1.1448,1.4458,1.8029,1.0176,-0.0856,-0.3914,-1.1318,1.1234,2.2631,3.4451,2.3351,-0.8194,1.011,0.6742,0.0644
2013-04-30,1.3635,1.594,1.1318,1.1123,1.4424,1.796,1.0051,-0.0864,-0.3947,-1.1418,1.1409,2.2695,3.4809,2.3544,-0.8144,1.0045,0.6669,0.0751
2013-05-31,1.2746,1.5033,1.06,0.9692,1.4283,1.7988,0.9627,-0.0515,-0.3339,-1.063,1.2916,2.1621,3.717,2.3414,-0.7793,0.9329,0.6294,0.1565
2013-06-30,1.2281,1.4429,1.0781,0.9301,1.436,1.8226,0.9452,-0.0193,-0.2637,-0.9349,1.4164,1.9992,3.7297,2.3166,-0.7392,0.888,0.6065,0.1178
2013-07-31,1.2114,1.4408,1.0734,0.9184,1.4476,1.8321,0.9517,-0.0287,-0.277,-0.9501,1.5328,2.0417,3.7863,2.2252,-0.7106,0.844,0.5608,0.1003
2013-08-31,1.1801,1.4084,1.0611,0.8794,1.4253,1.8232,0.9474,-0.0265,-0.2666,-0.923,1.5698,2.0109,3.8646,2.2433,-0.7025,0.8336,0.561,0.1104
2013-09-30,1.1399,1.3337,1.0433,0.881,1.4847,1.8281,0.9628,-0.0319,-0.2799,-0.9484,1.6034,1.9695,3.9522,2.2825,-0.6639,0.7639,0.5821,0.0969
2013-10-31,1.1422,1.3217,1.0511,0.9075,1.475,1.8283,0.973,-0.0349,-0.2749,-0.9153,1.593,1.9656,3.9063,2.2872,-0.657,0.7685,0.5874,0.0752
2013-11-30,1.1391,1.3171,1.0643,0.8616,1.462,1.8184,0.986,-0.0304,-0.2643,-0.8974,1.6049,1.9716,3.8931,2.284,-0.6713,0.7841,0.5842,0.093
2013-12-31,1.1124,1.3041,1.0234,0.8751,1.4859,1.8844,0.9823,0.0006,-0.2204,-0.8735,1.6249,1.9417,3.9037,2.159,-0.6614,0.7959,0.6182,0.0436
2014-01-31,1.1383,1.3159,1.0385,0.9292,1.5025,1.9122,0.9968,-0.0059,-0.2411,-0.9178,1.5721,1.9377,3.8534,2.1841,-0.6713,0.8086,0.622,0.0248
2014-02-28,1.1511,1.338,1.0655,0.8804,1.5184,1.9591,1.0254,0.0035,-0.2372,-0.9275,1.5824,1.9381,3.7504,2.1835,-0.6798,0.8075,0.6158,0.0255
2014-03-31,1.1381,1.3502,1.0795,0.8841,1.5185,1.9554,1.0156,0.0123,-0.2279,-0.9146,1.5811,1.9146,3.7381,2.1965,-0.6713,0.7918,0.6106,0.0274
2014-04-30,1.1778,1.4002,1.1042,0.9487,1.5138,2.0636,1.09,-0.0081,-0.2642,-0.9947,1.5344,1.9192,3.4588,2.3763,-0.642,0.7507,0.5875,-0.0162
2014-05-31,1.1801,1.41,1.1094,0.9414,1.514,2.1222,1.0779,0.0109,-0.2392,-0.9719,1.5361,1.8633,3.3102,2.4508,-0.6271,0.7215,0.5842,0.0061
2014-06-30,1.1691,1.4082,1.0971,0.9659,1.5177,2.0916,1.0487,0.0052,-0.256,-1.0203,1.5762,1.8251,3.3586,2.5196,-0.6466,0.7437,0.5763,0.02
2014-07-31,1.2103,1.4406,1.1265,0.9771,1.5737,2.0893,1.0774,-0.0062,-0.2778,-1.0555,1.5361,1.8633,3.2771,2.4968,-0.6521,0.7611,0.5719,-0.0095
2014-08-31,1.1607,1.3859,1.0652,0.8814,1.3777,2.0399,1.0639,0.0184,-0.2239,-0.9728,1.7295,1.8258,3.4311,2.497,-0.67,0.7925,0.5824,0.0152
2014-09-30,1.0993,1.4008,1.1152,0.804,1.4137,1.9928,1.1036,0.0337,-0.133,-0.5793,1.7393,1.8344,3.2534,2.0803,-0.6451,0.7899,0.5616,0.1355
2014-10-31,0.9761,1.3581,1.0911,0.9723,1.3496,1.9883,1.1118,0.0478,-0.072,-0.4987,1.914,1.5689,3.4707,1.9428,-0.677,0.8178,0.5772,0.061
2014-11-30,0.9576,1.311,1.0751,0.8441,1.298,1.8879,1.0983,0.0487,-0.0699,-0.4947,1.9638,1.8372,3.5001,2.0014,-0.6634,0.7632,0.5563,0.0855
2014-12-31,0.9759,1.3201,1.1232,0.8486,1.2805,1.946,1.0573,0.0645,-0.0492,-0.4916,1.8233,2.0663,3.3072,1.9679,-0.6623,0.7587,0.5547,0.1089
2015-01-31,0.9739,1.2431,1.3038,0.9136,1.2648,1.9195,1.1027,0.0777,-0.0309,-0.4003,1.7633,2.3137,3.1757,1.7279,-0.6647,0.7492,0.5375,0.0295
2015-02-28,0.9982,1.2686,1.3147,0.8144,1.2695,1.8637,1.2063,0.0782,-0.0344,-0.438,1.7804,2.2217,3.1221,1.8231,-0.6598,0.6979,0.5532,0.1202
2015-03-31,1.0433,1.3245,1.3169,0.8411,1.2647,1.8206,1.2249,0.0672,-0.0615,-0.5042,1.789,2.2345,3.0955,1.8287,-0.6824,0.7102,0.5803,0.1065
2015-04-30,0.998,1.2633,1.3091,0.7993,1.105,1.9837,1.1298,0.0603,-0.0784,-0.5721,1.7364,2.6585,2.9542,1.8699,-0.7402,0.7425,0.641,0.1399
2015-05-31,0.8506,1.1317,1.2575,0.1842,0.8979,1.8648,0.9883,0.1398,0.1228,-0.1356,2.051,2.5175,3.4792,1.778,-0.6859,0.5934,0.5475,0.4176
2015-06-30,0.8627,1.1242,1.3505,0.2658,1.0117,1.8563,1.1356,0.1529,0.1884,0.0645,1.8765,2.3641,3.3931,1.7301,-0.5407,0.4471,0.4135,0.3037
2015-07-31,0.8234,1.0861,1.261,0.3491,0.8962,1.9467,0.9871,0.1286,0.1339,-0.0663,1.9351,2.6713,3.3575,1.8954,-0.569,0.4993,0.4056,0.2591
2015-08-31,1.0037,1.2393,1.4093,0.6965,1.1638,2.3094,1.2365,0.1143,0.1329,-0.014,1.5676,2.0953,2.8523,1.7645,-0.4274,0.329,0.4118,0.1151
2015-09-30,1.0564,1.344,1.4892,0.9785,1.2692,2.2551,1.3131,0.0973,0.1186,0.0399,1.4333,2.3432,2.5408,1.4888,-0.3759,0.2272,0.3785,0.0026
2015-10-31,1.1639,1.4061,1.495,1.1267,1.5323,2.3543,1.3376,0.0575,0.0721,-0.0111,1.3671,2.1798,2.5235,1.2335,-0.337,0.1398,0.3688,-0.0098
2015-11-30,1.1559,1.3718,1.4387,1.0213,1.393,2.3201,1.339,0.0593,0.0711,0.0006,1.4303,2.2484,2.5517,1.3673,-0.3804,0.1984,0.3939,0.0197
2015-12-31,1.1756,1.3993,1.4443,1.0419,1.4459,2.2898,1.2923,0.0642,0.0788,0.0179,1.4111,2.3047,2.5498,1.2879,-0.3489,0.1456,0.4,-0.0003
2016-01-31,1.213,1.528,1.3671,1.1282,1.6147,2.3879,1.3143,0.0327,0.0527,-0.0056,1.2624,2.2692,2.3109,1.2376,-0.3282,0.0732,0.4954,0.0466
2016-02-29,1.2174,1.521,1.3877,1.1117,1.596,2.367,1.3492,0.0402,0.0674,0.0162,1.2848,2.2678,2.287,1.2318,-0.3142,0.0536,0.451,0.0646
2016-03-31,1.2527,1.5239,1.2785,1.069,1.5582,2.4098,1.3492,0.0363,0.0431,0.0023,1.1591,2.4722,2.2024,1.2304,-0.4127,0.1879,0.5205,0.1171
2016-04-30,1.1587,1.3523,1.2203,0.9784,1.4543,2.2861,1.339,0.0289,0.0334,-0.0229,1.1876,2.8073,2.4145,1.2693,-0.4333,0.1904,0.5297,0.2061
2016-05-31,1.1841,1.3898,1.2607,0.9688,1.517,2.302,1.2939,0.0115,-0.0113,-0.11,1.1643,2.8152,2.3953,1.3477,-0.4292,0.1968,0.5188,0.1843
2016-06-30,1.2022,1.3868,1.2462,0.8921,1.4115,2.2742,1.2793,-0.0155,-0.0623,-0.1625,1.0049,3.2032,2.415,1.3342,-0.482,0.224,0.4833,0.3654
2016-07-31,1.1864,1.3908,1.1883,1.0271,1.4762,2.3073,1.3015,-0.0176,-0.0368,-0.0586,0.9071,2.8551,2.6185,1.3354,-0.4558,0.1808,0.4605,0.3337
2016-08-31,1.2373,1.4242,1.2293,1.0606,1.514,2.3271,1.3066,-0.0058,-0.0185,-0.0416,0.8623,2.8177,2.4745,1.3193,-0.4634,0.1777,0.4447,0.334
2016-09-30,1.213,1.3961,1.2414,0.9639,1.454,2.2958,1.2965,-0.0159,-0.0341,-0.0575,0.9214,2.941,2.5868,1.3437,-0.4456,0.162,0.3937,0.3437
2016-10-31,1.1988,1.3958,1.1763,0.8808,1.3777,2.2717,1.2752,-0.0064,-0.0027,0.0301,0.957,2.9512,2.6409,1.306,-0.4722,0.1629,0.4663,0.3905
2016-11-30,1.2069,1.4068,1.1749,0.9115,1.3936,2.2862,1.2681,-0.0056,-0.0062,0.0226,0.9433,2.9419,2.6193,1.29,-0.4746,0.1638,0.475,0.3826
2016-12-31,1.2042,1.3961,1.2003,0.9203,1.4345,2.2655,1.2889,-0.0014,-0.0016,0.0257,0.9444,2.9689,2.6057,1.2291,-0.4658,0.1543,0.4607,0.3703
2017-01-31,1.1539,1.3992,1.1207,0.7838,1.3673,2.2636,1.2097,0.0147,0.0299,0.0868,1.048,2.9046,2.7146,1.3024,-0.5062,0.1718,0.5028,0.4325
2017-02-28,1.1594,1.4019,1.0923,0.8461,1.3703,2.3013,1.1869,0.0168,0.0405,0.1029,0.9837,2.9248,2.6365,1.3348,-0.453,0.1283,0.4811,0.4453
2017-03-31,1.1893,1.3822,1.0667,0.8559,1.367,2.3062,1.2067,0.002,0.0329,0.1116,0.9646,3.0102,2.5973,1.283,-0.4667,0.145,0.4993,0.4466
2017-04-30,1.1895,1.3797,1.067,0.8506,1.3667,2.3083,1.2099,0.0033,0.0353,0.1156,0.9684,3.0075,2.5827,1.2796,-0.472,0.1506,0.5089,0.4484
2017-05-31,1.1858,1.3773,1.0941,0.8516,1.3516,2.3089,1.1958,-0.0025,0.0228,0.1011,1.0179,2.9774,2.6316,1.2456,-0.4985,0.1837,0.5114,0.4444
2017-06-30,1.1901,1.3732,1.1593,0.8207,1.4234,2.3507,1.2485,0.0077,0.0378,0.1135,0.9624,2.9881,2.5185,1.2072,-0.4773,0.1572,0.4685,0.4507
2017-07-31,1.1732,1.3697,1.1395,0.7912,1.3321,2.412,1.2366,0.0084,0.0349,0.0892,0.9596,3.0585,2.4734,1.2955,-0.5109,0.194,0.484,0.4591
2017-08-31,1.1588,1.3596,1.1357,0.7725,1.3148,2.413,1.2282,0.0118,0.0434,0.1084,0.9821,3.0087,2.4976,1.3399,-0.5134,0.2057,0.4747,0.4585
2017-09-30,1.2064,1.4044,1.1487,0.9886,1.4249,2.4054,1.1549,-0.0089,0.0002,0.0302,0.8844,3.1996,2.3495,1.339,-0.4493,0.1105,0.4743,0.3371
2017-10-31,1.207,1.4166,1.1375,1.0812,1.4173,2.3922,1.1992,-0.012,-0.0031,0.0285,0.832,3.1887,2.2792,1.3925,-0.4159,0.0926,0.4431,0.3235
2017-11-30,1.2461,1.4598,1.1604,1.1607,1.4823,2.4191,1.1686,-0.0088,0.0092,0.0633,0.8407,3.0563,2.2476,1.3217,-0.4125,0.0911,0.4429,0.2514
2017-12-31,1.2429,1.4273,1.1891,1.1485,1.4291,2.4311,1.2248,-0.0222,0.0162,0.1461,0.889,2.8067,2.3266,1.4198,-0.3961,0.0623,0.4452,0.2137
2018-01-31,1.3472,1.5434,1.1162,1.1427,1.3424,2.5101,1.1693,-0.0695,-0.0763,-0.0396,0.8267,2.9912,2.1993,1.486,-0.4973,0.1961,0.5563,0.2557
2018-02-28,1.3371,1.4598,1.1285,1.1472,1.3581,2.526,1.0386,-0.0377,-0.0114,0.1302,0.8822,2.923,2.2362,1.3956,-0.519,0.2455,0.5352,0.2249
2018-03-31,1.3467,1.4745,1.1304,1.1813,1.4066,2.5402,1.0682,-0.0375,-0.0175,0.1092,0.8596,2.8394,2.2345,1.4229,-0.4931,0.22,0.5006,0.2138
2018-04-30,1.3789,1.5128,1.1646,1.2273,1.5626,2.3964,1.1622,-0.0431,-0.0156,0.1686,0.8853,2.5071,2.3555,1.3822,-0.4228,0.1693,0.4208,0.1879
2018-05-31,1.3797,1.5151,1.1645,1.2382,1.5619,2.392,1.1618,-0.0432,-0.0164,0.1643,0.8866,2.5099,2.3629,1.3732,-0.4187,0.1674,0.4213,0.1794
2018-06-30,1.4015,1.5485,1.055,1.2736,1.566,2.4694,1.0643,-0.0616,-0.0718,0.0346,0.9266,2.5716,2.3502,1.3453,-0.4954,0.2511,0.5494,0.2218
2018-07-31,1.4505,1.6284,1.13,1.3399,1.6504,2.4294,1.1778,-0.0479,-0.0377,0.1289,0.8347,2.2675,2.3494,1.2158,-0.4691,0.1937,0.5531,0.2052
2018-08-31,1.3086,1.4415,1.0322,1.1415,1.5021,2.2463,0.9559,-0.0521,-0.0446,0.1264,1.0724,2.6401,2.6426,1.3594,-0.5854,0.3125,0.5919,0.3087
2018-09-30,1.2916,1.4041,0.9986,0.9389,1.4138,2.2781,0.9018,-0.0217,0.0039,0.1802,1.1062,2.5269,2.8327,1.4518,-0.6187,0.3466,0.5961,0.3692
2018-10-31,1.2769,1.4882,1.0025,1.0106,1.1671,2.2611,0.9925,0.0002,0.0595,0.3854,0.8057,2.7851,2.3478,1.6052,-0.6702,0.5314,0.5906,0.3604
2018-11-30,1.328,1.5938,1.081,1.1524,1.406,2.251,1.0384,-0.0195,0.0392,0.366,0.6455,2.8551,2.2174,1.3009,-0.6153,0.4463,0.5761,0.3378
2018-12-31,1.4964,1.7607,1.1131,1.3217,1.4251,2.2516,1.0661,-0.0657,-0.0398,0.2061,0.5043,2.8622,1.8899,1.477,-0.5984,0.4839,0.55,0.2959
2019-01-31,1.4884,1.7052,1.0636,1.0981,1.2682,2.0325,0.9469,0.0208,0.0797,0.352,0.7092,3.0233,1.933,1.4541,-0.5332,0.4458,0.5741,0.3382
2019-02-28,1.4909,1.7037,1.0638,1.0899,1.2744,2.0172,0.9793,0.0197,0.0775,0.3401,0.715,3.0383,1.8867,1.4943,-0.5236,0.4294,0.5787,0.3247
2019-03-31,1.45,1.6915,1.1517,1.0623,1.2473,1.958,0.9543,0.0221,0.1035,0.3932,0.7843,2.9471,1.9364,1.585,-0.4436,0.3394,0.4965,0.3208
2019-04-30,1.5928,1.932,1.2201,1.2153,1.3934,2.0786,0.9504,0.0256,0.1043,0.4134,0.6919,2.637,1.5915,1.55,-0.4184,0.3492,0.4614,0.2116
2019-05-31,1.6871,2.0659,1.218,1.3936,1.4479,2.1992,0.8348,-0.0412,-0.0283,0.1029,0.5075,3.0052,1.4142,1.6534,-0.3544,0.3124,0.4905,0.0914
2019-06-30,1.7228,2.0918,1.1655,1.4359,1.5315,2.1599,0.877,-0.0281,-0.0155,0.0597,0.6307,3.0073,1.2865,1.5001,-0.3767,0.3532,0.5416,0.0568
2019-07-31,1.7243,2.0619,1.1472,1.3847,1.4722,2.1434,0.8098,-0.0287,-0.0223,0.0157,0.613,3.3177,1.1646,1.529,-0.375,0.3688,0.5875,0.0862
2019-08-31,1.7285,2.0729,1.1638,1.4033,1.4906,2.1869,0.8048,-0.0366,-0.0374,-0.0173,0.5835,3.3715,1.1014,1.5064,-0.3743,0.3745,0.5861,0.0914
2019-09-30,1.7348,2.0763,1.1453,1.4077,1.4851,2.1805,0.8067,-0.0341,-0.0279,0.014,0.6015,3.3452,1.1165,1.4706,-0.3723,0.3759,0.5878,0.0862
2019-10-31,1.7289,2.0821,1.1526,1.607,1.5789,2.2254,0.754,-0.0478,-0.0738,-0.118,0.5769,3.3438,1.0847,1.5194,-0.3457,0.3676,0.5485,0.0155
2019-11-30,1.7405,2.0871,1.1397,1.6307,1.574,2.229,0.7603,-0.0592,-0.0962,-0.1603,0.5415,3.3733,1.058,1.6174,-0.3323,0.3549,0.5604,-0.0189
2019-12-31,1.7244,2.0706,1.1347,1.5927,1.5045,2.2897,0.6831,-0.063,-0.1154,-0.2246,0.5835,3.426,1.1187,1.6822,-0.3562,0.3745,0.5749,-0.0002
2020-01-31,1.7451,2.039,1.2033,1.6575,1.5495,2.3146,0.656,-0.0873,-0.1584,-0.324,0.4772,3.6988,0.9682,1.6823,-0.3304,0.3812,0.5601,-0.0328
2020-02-29,1.8335,2.0469,1.3691,1.7957,1.6444,2.0845,0.8662,-0.1418,-0.2633,-0.5507,0.454,3.7182,1.0966,1.4677,-0.3427,0.3686,0.563,-0.0099
2020-03-31,1.6638,1.6968,1.4166,1.5346,1.7113,1.6602,1.501,-0.1984,-0.3249,-0.6087,0.2324,4.6487,1.2681,1.3962,-0.2431,0.2024,0.5147,-0.0717
2020-04-30,1.6164,1.7112,1.1941,1.3423,1.5719,1.3632,1.3933,-0.1493,-0.2321,-0.4195,0.3488,5.6081,1.1353,1.2031,-0.1796,0.1025,0.4048,-0.0146
2020-05-31,1.4206,1.5372,1.0575,1.292,1.4545,0.9541,1.2521,-0.1235,-0.2081,-0.4536,0.3414,6.6803,1.4964,1.0669,-0.1614,0.1239,0.3075,-0.0378
2020-06-30,1.4053,1.5406,1.0487,1.2877,1.4722,0.9906,1.2492,-0.1254,-0.2127,-0.4559,0.3423,6.6066,1.4575,1.1558,-0.171,0.1416,0.3081,-0.0413
2020-07-31,1.4052,1.5398,0.9695,1.2184,1.4299,0.9458,1.213,-0.1202,-0.1977,-0.3885,0.4148,6.3669,1.7185,1.1496,-0.1976,0.1858,0.3635,-0.0166
2020-08-31,1.4249,1.5704,0.9628,1.2432,1.4407,0.9449,1.2059,-0.1219,-0.2095,-0.4363,0.3975,6.2771,1.8036,1.1691,-0.2046,0.184,0.3715,-0.0233
2020-09-30,1.4248,1.5835,0.9387,1.2049,1.4123,0.9768,1.205,-0.1161,-0.2018,-0.4156,0.4323,6.1474,1.9269,1.1268,-0.216,0.1915,0.4004,-0.0219
2020-10-31,1.4291,1.5857,0.9487,1.1731,1.447,0.9373,1.168,-0.108,-0.1832,-0.3737,0.447,6.1678,1.9156,1.0951,-0.2204,0.1972,0.3984,-0.0247
2020-11-30,1.4467,1.594,1.0608,1.2888,1.5453,0.9946,1.2085,-0.0995,-0.1692,-0.3263,0.3044,5.9543,1.6452,1.1815,-0.2344,0.2161,0.4083,-0.0191
2020-12-31,1.4437,1.6001,1.0541,1.2927,1.5455,0.9963,1.1924,-0.0983,-0.1732,-0.3409,0.3326,5.888,1.716,1.1595,-0.2422,0.2288,0.4166,-0.0116
2021-01-31,1.4366,1.5888,1.063,1.2941,1.5475,0.9638,1.1987,-0.0927,-0.1619,-0.3213,0.3332,5.89,1.7233,1.1717,-0.2339,0.2194,0.4008,-0.0211
2021-02-28,1.4355,1.596,1.0617,1.2918,1.5409,0.9432,1.224,-0.1062,-0.1885,-0.3828,0.3019,6.0011,1.7009,1.2078,-0.2252,0.2138,0.401,-0.0168
2021-03-31,1.4108,1.5842,1.0405,1.2793,1.4997,0.9419,1.2026,-0.1019,-0.1754,-0.3539,0.3068,6.0334,1.724,1.2056,-0.236,0.2286,0.4108,-0.001
2021-04-30,1.416,1.585,1.044,1.2462,1.4774,0.9348,1.2007,-0.0983,-0.1664,-0.3329,0.3174,5.9735,1.7245,1.2533,-0.2471,0.2474,0.4157,0.0088
2021-05-31,1.413,1.5789,1.0481,1.2397,1.477,0.9355,1.202,-0.0973,-0.1646,-0.3289,0.3298,5.9569,1.7358,1.2576,-0.2464,0.2425,0.4133,0.0071
2021-06-30,1.4112,1.5718,1.0481,1.2429,1.4706,0.9249,1.2083,-0.0978,-0.1686,-0.3387,0.332,5.9735,1.7447,1.2647,-0.2501,0.2449,0.414,0.0036
2021-07-31,1.4208,1.5783,1.0562,1.2587,1.4868,0.9416,1.2134,-0.1016,-0.1764,-0.3542,0.3198,5.9596,1.7393,1.2438,-0.2506,0.2497,0.4148,0.0002
2021-08-31,1.425,1.5889,1.0394,1.2568,1.4706,0.9354,1.2117,-0.0991,-0.1717,-0.3482,0.3121,5.9952,1.7342,1.2307,-0.25,0.2512,0.4163,0.0016
2021-09-30,1.4394,1.6059,1.0236,1.2087,1.4714,0.9519,1.2086,-0.0893,-0.1539,-0.3162,0.3356,5.8394,1.7699,1.2661,-0.2578,0.258,0.427,0.0118
2021-10-31,1.4408,1.5758,1.026,1.1291,1.4678,0.8872,1.1835,-0.1063,-0.1839,-0.3853,0.3665,6.0218,1.8544,1.2924,-0.245,0.2417,0.4255,0.0077
2021-11-30,1.424,1.543,1.013,1.1448,1.461,0.9573,1.1523,-0.1018,-0.1822,-0.3968,0.37,5.9875,1.8554,1.3024,-0.2566,0.2683,0.4503,0.0078
2021-12-31,1.3754,1.4748,1.0156,1.0878,1.4441,0.9555,1.1681,-0.0955,-0.1697,-0.3784,0.4097,5.9973,1.9465,1.2813,-0.2701,0.2769,0.4552,0.0256
2022-01-31,1.3866,1.5043,0.9954,1.1271,1.4485,0.8788,1.2051,-0.0868,-0.1557,-0.3472,0.414,5.8851,1.9914,1.2892,-0.2744,0.2869,0.438,0.0136
2022-02-28,1.3917,1.5106,0.9939,1.1277,1.4571,0.8807,1.1964,-0.0851,-0.153,-0.3397,0.4089,5.8788,1.9877,1.2793,-0.2756,0.288,0.4361,0.0165
2022-03-31,1.3913,1.5103,0.9938,1.1269,1.4573,0.8812,1.1954,-0.0846,-0.1522,-0.3386,0.4087,5.8789,1.9874,1.2783,-0.2759,0.288,0.4364,0.0174
2022-04-30,1.4282,1.5996,0.9275,1.105,1.3942,0.8653,1.1384,-0.0529,-0.0827,-0.19,0.4275,5.5303,1.9964,1.3142,-0.3171,0.3437,0.4753,0.0972
2022-05-31,1.4046,1.5698,0.9233,1.0628,1.3858,0.8075,1.1887,-0.0392,-0.0542,-0.1211,0.4557,5.5032,2.0372,1.2665,-0.3248,0.3479,0.4656,0.1207
2022-06-30,1.4157,1.5779,0.9284,1.0436,1.4327,0.6783,1.2282,-0.0345,-0.0498,-0.1108,0.4198,5.3724,2.0088,1.3957,-0.3307,0.3518,0.4922,0.1803
2022-07-31,1.4329,1.6023,0.9359,1.0526,1.4411,0.658,1.2404,-0.0306,-0.0421,-0.1028,0.4114,5.326,2.0019,1.3795,-0.3266,0.3446,0.4901,0.1854
2022-08-31,1.4288,1.5978,0.9167,1.0105,1.4367,0.632,1.1912,-0.0043,0.0002,-0.0417,0.4335,5.2643,2.0574,1.3531,-0.337,0.3449,0.5117,0.2041
2022-09-30,1.457,1.6309,0.9227,1.0503,1.4136,0.7515,1.2031,0.0345,0.063,0.0631,0.4409,5.0932,1.8279,1.2992,-0.3487,0.341,0.5276,0.2291
2022-10-31,1.4701,1.6324,0.9369,1.0491,1.424,0.7158,1.2185,0.0323,0.059,0.0524,0.4302,5.1282,1.8152,1.2942,-0.3439,0.338,0.5207,0.227
2022-11-30,1.4365,1.5775,0.9565,0.998,1.4342,0.9775,1.2138,0.0536,0.0938,0.1326,0.4735,4.7045,1.8389,1.31,-0.3822,0.3615,0.5267,0.2933
2022-12-31,1.4462,1.5902,0.9547,1.0102,1.447,0.9443,1.2338,0.0551,0.0991,0.1474,0.4592,4.7131,1.8186,1.2985,-0.3726,0.3513,0.5212,0.2827
2023-01-31,1.4457,1.6276,0.951,1.0088,1.4647,0.9896,1.258,0.0735,0.1334,0.2194,0.4995,4.4663,1.7494,1.3107,-0.3722,0.3522,0.5274,0.295
2023-02-28,1.4059,1.595,0.8694,0.9404,1.3955,1.0587,1.2211,0.1079,0.1884,0.3229,0.5301,4.4039,1.7731,1.3494,-0.3883,0.3683,0.5359,0.3224
2023-03-31,1.3994,1.7037,0.6911,0.8764,1.2834,1.0867,0.9512,0.2211,0.3666,0.6279,0.7005,3.8822,1.8605,1.3106,-0.4692,0.4738,0.5741,0.4599
2023-04-30,1.3807,1.6758,0.7354,0.8979,1.3205,1.1672,0.9363,0.2458,0.3966,0.6576,0.6901,3.1585,2.0895,1.4606,-0.5444,0.5843,0.6529,0.4947
2023-05-31,1.5128,1.7444,0.8513,0.7972,1.4095,1.5812,1.029,0.2748,0.4562,0.8296,0.7473,1.6932,1.9314,1.716,-0.6303,0.6536,0.7899,0.613
2023-06-30,1.5545,1.754,0.8612,0.8291,1.3969,1.566,1.0356,0.27,0.4552,0.8383,0.7264,1.6557,1.9578,1.6608,-0.6377,0.6567,0.812,0.6075
2023-07-31,1.5504,1.7458,0.9606,0.8845,1.4477,1.6483,1.0812,0.2662,0.4349,0.7529,0.6447,1.8171,1.6939,1.6958,-0.6087,0.6123,0.763,0.6093
2023-08-31,1.5264,1.6987,1.0004,0.8615,1.4502,1.7023,1.0927,0.2654,0.4497,0.8217,0.6633,1.8017,1.5471,1.7114,-0.6086,0.6176,0.7598,0.6387
2023-09-30,1.5411,1.7102,0.964,0.8924,1.479,1.6684,1.0895,0.2849,0.4962,0.9141,0.6692,1.6582,1.4507,1.7298,-0.6167,0.64,0.7642,0.6649
2023-10-31,1.5356,1.712,0.9563,0.9082,1.4387,1.7131,1.1293,0.2878,0.5012,0.9176,0.6088,1.6598,1.433,1.7471,-0.6177,0.6311,0.7686,0.6694
2023-11-30,1.5634,1.7577,0.7716,0.7603,1.3579,1.6308,1.0631,0.3442,0.6037,1.0844,0.8515,1.0657,1.8652,1.6915,-0.6636,0.6813,0.8341,0.7371
2023-12-31,1.5955,1.7772,0.7829,0.7367,1.3822,1.6285,1.1309,0.3644,0.6515,1.1869,0.802,0.9775,1.6661,1.7168,-0.6681,0.6703,0.8305,0.7684
2024-01-31,1.5948,1.7757,0.7856,0.7264,1.3826,1.636,1.1296,0.3641,0.652,1.1909,0.8042,0.9689,1.6687,1.7155,-0.67,0.6728,0.83,0.7723
2024-02-29,1.6104,1.8063,0.7824,0.7382,1.3943,1.6559,1.13,0.3664,0.6629,1.2238,0.8473,0.88,1.6791,1.6254,-0.6706,0.6729,0.8192,0.7761
2024-03-31,1.6043,1.7732,0.8104,0.7414,1.4243,1.6291,1.1283,0.3622,0.6507,1.1967,0.9009,0.8959,1.7127,1.6243,-0.6485,0.6457,0.7946,0.7537
2024-04-30,1.6132,1.7847,0.7965,0.8017,1.4767,1.6476,1.1354,0.3662,0.6558,1.1995,0.9014,0.8551,1.7034,1.5226,-0.6428,0.6242,0.8021,0.7567
2024-05-31,1.6415,1.843,0.8012,0.7996,1.4837,1.6475,1.1227,0.3689,0.6605,1.2069,0.8562,0.7764,1.7544,1.4948,-0.6432,0.6278,0.7993,0.7587
2024-06-30,1.6445,1.8494,0.7983,0.8019,1.4801,1.6454,1.123,0.3705,0.6629,1.2112,0.855,0.7833,1.7479,1.4872,-0.6419,0.6263,0.7984,0.7565
2024-07-31,1.6435,1.8452,0.8014,0.7985,1.4808,1.644,1.129,0.3732,0.6663,1.2152,0.8601,0.7736,1.7433,1.4756,-0.6449,0.628,0.8006,0.7666
2024-08-31,1.6484,1.846,0.7991,0.7917,1.4847,1.6568,1.1277,0.3782,0.6726,1.2278,0.8634,0.7367,1.7247,1.4663,-0.6524,0.6349,0.8062,0.7873
2024-09-30,1.6078,1.8085,0.7704,0.801,1.4589,1.7772,1.1165,0.3801,0.6725,1.2241,0.8659,0.7482,1.7101,1.483,-0.6489,0.6291,0.7996,0.7961
2024-10-31,1.5862,1.7829,0.7803,0.8389,1.4809,1.8007,1.1591,0.4079,0.7027,1.2248,0.8667,0.6241,1.6418,1.4661,-0.6771,0.65,0.8039,0.8603
2024-11-30,1.6146,1.8318,0.7698,0.8141,1.4741,1.7782,1.1785,0.429,0.7471,1.3236,0.879,0.3942,1.6315,1.4933,-0.6809,0.6362,0.7919,0.894
2024-12-31,1.6202,1.8598,0.7507,0.7868,1.4516,1.7886,1.1924,0.4402,0.7673,1.3771,0.8842,0.2532,1.6719,1.4865,-0.6949,0.647,0.794,0.9234
2025-01-31,1.569,1.7628,0.808,0.698,1.4945,1.7831,1.1677,0.4297,0.7509,1.345,0.9123,0.3912,1.7183,1.5171,-0.6844,0.6273,0.7674,0.9422
2025-02-28,1.5605,1.747,0.8096,0.678,1.4998,1.8163,1.1529,0.4339,0.7587,1.3593,0.9092,0.3806,1.704,1.5296,-0.686,0.6266,0.7703,0.9497
2025-03-31,1.5456,1.729,0.805,0.6618,1.5003,1.8265,1.1332,0.4416,0.7683,1.3699,0.9198,0.3728,1.7142,1.5319,-0.6948,0.6335,0.7789,0.9626
2025-04-30,1.4872,1.5826,0.8823,0.6262,1.5547,1.9158,1.1886,0.433,0.7407,1.308,0.9004,0.6184,1.7029,1.5586,-0.6311,0.534,0.7165,0.8813
2025-05-31,1.5068,1.6249,0.8933,0.654,1.5753,1.9279,1.1957,0.4197,0.7172,1.2619,0.8638,0.6686,1.6681,1.5466,-0.6232,0.5255,0.7104,0.8634
2025-06-30,1.4624,1.5911,0.8165,0.6781,1.3805,2.2302,1.0798,0.4652,0.8077,1.4423,0.84,0.674,1.7361,1.4291,-0.6429,0.5315,0.6904,0.788
2025-07-31,1.4268,1.5387,0.7962,0.6594,1.3697,2.2776,1.0548,0.4598,0.7954,1.4308,0.8686,0.6894,1.7558,1.4921,-0.6603,0.5546,0.7018,0.7891
2025-08-31,1.4223,1.5235,0.8051,0.7238,1.3238,2.422,1.1477,0.4494,0.7847,1.4507,0.853,0.5226,1.6299,1.5745,-0.6624,0.5646,0.6669,0.798
2025-09-30,1.3083,1.3923,0.742,0.5611,1.2748,2.4205,1.0293,0.4108,0.7512,1.4721,0.9461,0.1691,2.3316,1.8638,-0.66,0.5868,0.6045,0.7957
2025-10-31,1.2967,1.3975,0.7528,0.6353,1.25,2.4043,1.0149,0.4106,0.7537,1.4835,0.9544,0.1457,2.3296,1.8822,-0.6435,0.5728,0.5829,0.7764
2025-11-30,1.3859,1.5682,0.6647,0.7725,1.2099,1.8875,0.9932,0.4119,0.7671,1.4794,0.9626,0.4088,2.3563,1.9112,-0.5776,0.5499,0.5848,0.6638
2025-12-31,1.3031,1.4436,0.6555,0.6791,1.1768,1.9217,0.9627,0.4004,0.7454,1.4379,0.979,0.401,2.6155,1.9862,-0.6072,0.5859,0.6032,0.7103
2026-01-31,1.2277,1.2348,0.631,0.7179,0.9933,1.8639,0.8683,0.3663,0.6841,1.3297,1.0655,0.7676,3.052,1.8673,-0.6273,0.6058,0.618,0.734
2026-02-28,1.153,1.1408,0.8172,0.8817,1.1235,1.6127,0.8858,0.342,0.6859,1.3851,1.0384,0.8236,3.0548,1.9079,-0.5721,0.5445,0.5338,0.6413
2026-03-31,1.2181,1.1665,1.0421,1.2899,1.38,1.6655,1.095,0.3318,0.6475,1.2866,1.315,-0.8937,3.3466,1.989,-0.5634,0.5533,0.5279,0.6024
2026-04-30,1.3372,1.3765,1.0144,1.5142,1.4291,1.6326,1.0722,0.3095,0.6056,1.1998,1.1727,-0.7969,3.058,1.964,-0.572,0.5625,0.546,0.5744
2026-05-31,1.4226,1.6089,0.9315,1.7933,1.4795,1.5201,1.0713,0.3101,0.6197,1.2329,1.1718,-1.2356,3.0681,1.9325,-0.5481,0.5321,0.5698,0.5191
2026-06-30,1.2867,1.5179,0.7997,1.4059,1.3162,1.6158,0.9148,0.2732,0.5179,0.9878,1.4789,-0.3695,3.4535,1.7872,-0.5417,0.5224,0.5347,0.4988
