date,gross,net_2bps,net_10bps,bench_gross,bench_net_10bps
1974-02-28,-0.14356201239023478,-0.14456201239023478,-0.14856201239023478,-0.005525611707345446,-0.006025611707345446
1974-03-31,-0.3049410827164234,-0.304958765229801,-0.3050294952833112,-0.023515240936324972,-0.023515240936324972
1974-04-30,-0.16013920993625474,-0.1601797143962037,-0.16034173223599957,-0.019129047576502224,-0.019129047576502224
1974-05-31,0.09680231103258102,0.09676386402808108,0.0966100760100813,-0.00917069429106767,-0.00917069429106767
1974-06-30,-0.03315827476848297,-0.033175436472540086,-0.033244083288768544,-0.01913399971648592,-0.01913399971648592
1974-07-31,-0.015491550687521942,-0.015507451685994437,-0.015571055679884416,-0.0331313360441447,-0.0331313360441447
1974-08-31,0.08041868107352784,0.08041303808984684,0.08039046615512287,-0.048428518526223686,-0.048428518526223686
1974-09-30,0.10340506859655095,0.10332423319460193,0.10300089158680588,-0.038047697425289455,-0.038047697425289455
1974-10-31,-0.0128700741467149,-0.012917800064821858,-0.01310870373724969,0.04132530613781895,0.04132530613781895
1974-11-30,0.017324805018289383,0.017311195728167163,0.017256758567678294,0.002263272811527753,0.002263272811527753
1974-12-31,-0.032014523122072175,-0.03202335614219981,-0.03205868822271034,-0.01517194188277515,-0.01517194188277515
1975-01-31,-0.0834851224902921,-0.08349751563812116,-0.08354708822943743,0.04942529011725274,0.04942529011725274
1975-02-28,-0.028775621010013807,-0.0292976259866995,-0.031385645893442275,0.02905834254108284,0.02905834254108284
1975-03-31,-0.0173921818855046,-0.017413502230496983,-0.01749878361046651,0.012921905947589001,0.012921905947589001
1975-04-30,-0.05553576334220741,-0.05555975989863229,-0.05565574612433181,0.008260449224904653,0.008260449224904653
1975-05-31,0.0521081526892462,0.052095066021438936,0.0520427193502099,0.020058546298645716,0.020058546298645716
1975-06-30,0.017712216202865113,0.01770048228692326,0.017653546623155852,0.022186251327408014,0.022186251327408014
1975-07-31,0.09398134003808563,0.09397112133894515,0.09393024654238326,-0.02053808877339819,-0.02053808877339819
1975-08-31,0.005031553190190855,0.0049960566961899065,0.004854070720186115,-0.02190619169161806,-0.02190619169161806
1975-09-30,0.01651380218364889,0.01650049445319195,0.0164472635313642,-0.022962657224864083,-0.022962657224864083
1975-10-31,0.05590459652070289,0.055893565416301576,0.05584944099869631,0.04429485957605278,0.04429485957605278
1975-11-30,0.01196229114838493,0.011943103465630387,0.011866352734612213,0.0066391225329539925,0.0066391225329539925
1975-12-31,0.06357971426373978,0.06356814824601689,0.06352188417512536,0.003828097517111236,0.003828097517111236
1976-01-31,0.018545222359083492,0.018537134856589883,0.018504784846615437,0.053325745851491003,0.053325745851491003
1976-02-29,-0.0005624512173025157,-0.0005727413243032094,-0.0006139017523059842,0.003663497119605397,0.003663497119605397
1976-03-31,0.05843275848936689,0.05839580618725098,0.05824799697878736,0.009782254834627541,0.009782254834627541
1976-04-30,0.030695372188182742,0.03069460370366945,0.030691529765616288,0.0016276548013428223,0.0016276548013428223
1976-05-31,-0.024854121053966307,-0.024862116171219074,-0.02489409664023014,-0.010129303314595012,-0.010129303314595012
1976-06-30,0.013043236149180876,0.01303092560802753,0.012981683443414148,0.020157461623454755,0.020157461623454755
1976-07-31,0.013174971634012283,0.013157877499339226,0.013089500960647005,-0.00556040155407946,-0.00556040155407946
1976-08-31,0.03573962991434826,0.03571379711735369,0.035610465929375404,0.004124883142337628,0.004124883142337628
1976-09-30,0.005283374518489578,0.0052747962351494555,0.005240483101788963,0.011523440292993589,0.011523440292993589
1976-10-31,0.051116959683901286,0.05110725371303605,0.05106842982957513,-0.007110244792505234,-0.007110244792505234
1976-11-30,0.11207792717908897,0.11207446917011533,0.1120606371342208,0.006197720529591573,0.006197720529591573
1976-12-31,-0.0389024955061575,-0.038953494497709226,-0.03915749046391612,0.03884708981888753,0.03884708981888753
1977-01-31,-0.06073652996400844,-0.0607398175426395,-0.06075296785716374,-0.02294829914062574,-0.02294829914062574
1977-02-28,-0.019462830577947964,-0.01949237928859531,-0.019610574131184697,-0.004161946663367333,-0.004161946663367333
1977-03-31,0.003111685109293172,0.0030921311870085685,0.0030139154978701533,-0.003174743231708743,-0.003174743231708743
1977-04-30,-0.015374659665824325,-0.015505009522279298,-0.01602640894809919,0.004609399322038595,0.004609399322038595
1977-05-31,0.018868362642374868,0.018806893378461434,0.0185610163228077,-0.0053727694274918,-0.0053727694274918
1977-06-30,0.008758659237105847,0.008745637861895614,0.008693552361054681,0.017589242472077903,0.017589242472077903
1977-07-31,-0.08987997346166302,-0.08988677543329104,-0.08991398331980317,-0.01182591424823583,-0.01182591424823583
1977-08-31,0.054268615730921343,0.05423410339406056,0.054096054046617444,0.013091647322278837,0.013091647322278837
1977-09-30,-0.04155857021499838,-0.04156843819721468,-0.04160791012607987,-0.0015588568969902572,-0.0015588568969902572
1977-10-31,-0.13894122680526932,-0.13894912461478354,-0.1389807158528404,-0.025356358058832552,-0.025356358058832552
1977-11-30,-0.007250272927685774,-0.007314891157061426,-0.007573364074564033,0.005970876668387914,0.005970876668387914
1977-12-31,-0.17734871236580832,-0.17734972453662712,-0.17735377321990226,-0.006064429371373192,-0.006064429371373192
1978-01-31,-0.01465715340152985,-0.014742266448547363,-0.015082718636617415,-0.010801853446931872,-0.010801853446931872
1978-02-28,-0.085792155463047,-0.08581349254814334,-0.08589884088852874,-0.004781319273490163,-0.004781319273490163
1978-03-31,-0.047688026526595026,-0.0477197747900342,-0.04784676784379088,0.016149053364529393,0.016149053364529393
1978-04-30,0.030723001741481952,0.030710712099460327,0.03066155353137382,0.03267032429698017,0.03267032429698017
1978-05-31,-0.033483718738524765,-0.033510712725408336,-0.033618688672942605,0.002963937957145742,0.002963937957145742
1978-06-30,-0.09015089848500392,-0.09016087670910969,-0.0902007896055328,-0.007312937821521573,-0.007312937821521573
1978-07-31,-0.09227889956541672,-0.0923015520970477,-0.0923921622235716,0.015728783792069302,0.015728783792069302
1978-08-31,-0.038526800033271996,-0.038587006931435894,-0.03882783452409148,0.016022000776197955,0.016022000776197955
1978-09-30,-0.055588474444849226,-0.055593789678511016,-0.05561505061315817,-0.002802717631858631,-0.002802717631858631
1978-10-31,-0.236076609297912,-0.2361042822942689,-0.23621497427969654,-0.05824952102226708,-0.05824952102226708
1978-11-30,0.13530696352791557,0.134951836519059,0.13353132848363272,0.026754838163091356,0.026754838163091356
1978-12-31,-0.1103577131575824,-0.11059495406150499,-0.11154391767719535,-0.004438026877323883,-0.004438026877323883
1979-01-31,0.020030765614341813,0.020021211305530306,0.019982994070284286,0.03253838788710535,0.03253838788710535
1979-02-28,-0.03880749792863829,-0.03892266526956093,-0.0393833346332515,-0.02024782294992176,-0.02024782294992176
1979-03-31,-0.05697608846266321,-0.05708122377557353,-0.05750176502721483,0.02510670470930343,0.02510670470930343
1979-04-30,-0.05397366920873791,-0.05398470118651515,-0.05402882909762408,0.004166746128366816,0.004166746128366816
1979-05-31,0.08747827811428378,0.08747403881976777,0.08745708164170372,-0.000619441855325753,-0.000619441855325753
1979-06-30,0.004606782867333913,0.0045739119458361585,0.004442428259845138,0.014430416849164221,0.014430416849164221
1979-07-31,-0.06527867989597783,-0.06537786707126056,-0.0657746157723915,0.00197686064788886,0.00197686064788886
1979-08-31,-0.12069020544469453,-0.12069451346372127,-0.12071174553982829,0.017383758219747726,0.017383758219747726
1979-09-30,-0.02726329606918421,-0.027287302272926837,-0.027383327087897345,-0.003713273602517552,-0.003713273602517552
1979-10-31,-0.24982829362250422,-0.24983070999987292,-0.24984037550934773,-0.04803883469916441,-0.04803883469916441
1979-11-30,-0.04472746678825048,-0.0452252986600046,-0.04721662614702106,0.02180931075016936,0.02180931075016936
1979-12-31,-0.04372289267941941,-0.04374471804250268,-0.04383201949483575,0.012160340189211877,0.012160340189211877
1980-01-31,0.014327927157720103,0.013944546379478256,0.01241102326651087,0.013826036314146284,0.013826036314146284
1980-02-29,-0.028214151670433008,-0.02833161033063783,-0.028801444971457115,-0.039889939542704096,-0.04003279668556124
1980-03-31,0.13503467759468069,0.13498961870535903,0.13480938314807242,-0.03424648131245145,-0.03424648131245145
1980-04-30,-0.019425251034412602,-0.019571189908333547,-0.020154945404017324,0.06145109858038916,0.06145109858038916
1980-05-31,-0.05625759514789409,-0.056292160895757795,-0.05643042388721259,0.03056357101965312,0.03056357101965312
1980-06-30,-0.02257764219558424,-0.022587890722846157,-0.022628884831893827,0.01944763819634852,0.01944763819634852
1980-07-31,-0.031518213658835136,-0.03152029051653103,-0.03152859794731463,0.003436728250730224,0.003436728250730224
1980-08-31,-0.03025106466647407,-0.030258393166194133,-0.030287707165074375,-0.009788633232592128,-0.009788633232592128
1980-09-30,0.02652301991214517,0.02649547718603461,0.02638530628159238,0.003433293932164134,0.003433293932164134
1980-10-31,0.03932607037522888,0.03932049886549525,0.03929821282656071,-0.004166213375849564,-0.004166213375849564
1980-11-30,-0.015146172686819455,-0.015163149001594552,-0.015231054260694935,0.022197202277398825,0.022197202277398825
1980-12-31,0.009396769441879057,0.009369551709503583,0.00926068078000169,-0.0018776771860389593,-0.0018776771860389593
1981-01-31,0.13629734485713887,0.13628964253253079,0.13625883323409838,-0.006123100468084016,-0.006123100468084016
1981-02-28,-0.01225561923649424,-0.012291733362429476,-0.01243618986617042,-0.01655423672535529,-0.01655423672535529
1981-03-31,0.024950751406114934,0.024946846755253632,0.024931228151808434,0.02449485557399887,0.02449485557399887
1981-04-30,0.11209956960059067,0.11209211670559673,0.11206230512562096,-0.010300532638505881,-0.010300532638505881
1981-05-31,0.030986485309403032,0.030958746870507283,0.030847793114924294,0.02028029169616355,0.02028029169616355
1981-06-30,0.09924929915023703,0.09924535605046544,0.09922958365137911,-0.004105162704227878,-0.004105162704227878
1981-07-31,0.029413286809400772,0.02939606859371197,0.02932719573095676,-0.01677564825532872,-0.01677564825532872
1981-08-31,-0.010931612243721495,-0.010933680710604625,-0.010941954578137146,-0.03983478875878218,-0.03983478875878218
1981-09-30,-0.07297321638108156,-0.07297861380850314,-0.07300020351818944,-0.03706093700419745,-0.03706093700419745
1981-10-31,-0.024840605731512092,-0.024858865597380507,-0.02493190506085417,0.04170378592995388,0.04170378592995388
1981-11-30,-0.007742976663258121,-0.007777900909016269,-0.007917597892048862,0.046485039215188484,0.046485039215188484
1981-12-31,0.034880627170745256,0.034841854460122335,0.034686763617630643,-0.023084641792791953,-0.023084641792791953
1982-01-31,0.08941679362238733,0.089404522048085,0.08935543575087564,-0.0037985492153016663,-0.0037985492153016663
1982-02-28,-0.003542429034987492,-0.003560161420366978,-0.003631090961884922,-0.014856413804107356,-0.014856413804107356
1982-03-31,-0.012563010140956898,-0.012572255146875195,-0.012609235170548383,-0.007272459652047827,-0.007272459652047827
1982-04-30,-0.014134867560608139,-0.014142377831940924,-0.014172418917272061,0.019642375218889646,0.019642375218889646
1982-05-31,0.008065822355536979,0.008062976398184707,0.008051592568775618,-0.00801797809388335,-0.00801797809388335
1982-06-30,0.05674641407687877,0.05674214256240149,0.056725056504492354,-0.01788024126211545,-0.01788024126211545
1982-07-31,-0.0015224059148254484,-0.001526688342902234,-0.0015438180552093765,0.007877179177855227,0.007877179177855227
1982-08-31,0.03413937704905118,0.03413604779427006,0.03412273077514559,0.05122262571465596,0.05122262571465596
1982-09-30,0.0036829674451609833,0.003673374227546005,0.0036350013570860917,0.03103431798990649,0.03103431798990649
1982-10-31,0.11712411540835396,0.11711858153807797,0.11709644605697399,0.07074816872260126,0.07074816872260126
1982-11-30,0.061195021787813705,0.061141440581809835,0.06092711575779436,0.0317220898417921,0.0317220898417921
1982-12-31,-0.03647182628176035,-0.03649611086428639,-0.036593249194390554,0.00975306120097966,0.00975306120097966
1983-01-31,0.07214973052162532,0.07214456153287441,0.07212388557787078,0.009326983387056616,0.009326983387056616
1983-02-28,-0.011068776053831693,-0.011074314829005567,-0.011096469929701062,0.022896944953190675,0.022896944953190675
1983-03-31,0.08194763021227813,0.08193921722897378,0.08190556529575636,0.012188598716603433,0.012188598716603433
1983-04-30,0.024352187676242643,0.02433177663446512,0.024250132467355027,0.035221236729424295,0.035221236729424295
1983-05-31,0.006661847834093206,0.006640865948340699,0.006556938405330668,-0.007958260758380908,-0.007958260758380908
1983-06-30,0.046981059242290055,0.046963417338977374,0.04689284972572664,0.012309345307438515,0.012309345307438515
1983-07-31,0.09112634772551159,0.09112003238781516,0.09109477103702941,-0.023425693067503618,-0.023425693067503618
1983-08-31,0.05941732239636725,0.05941110280405587,0.05938622443481034,-0.0035102557219518498,-0.0035102557219518498
1983-09-30,-0.004419502942361715,-0.004436252907493473,-0.004503252768020504,0.018875586213127425,0.018875586213127425
1983-10-31,0.0029389143504305864,0.002925230283590722,0.0028704940162312654,-0.02021124884681199,-0.02021124884681199
1983-11-30,0.028681328754363133,0.028667875496883568,0.02861406246696531,0.013386148712917463,0.013386148712917463
1983-12-31,0.09876611787276622,0.09875115315240433,0.09869129427095676,0.0009293581156760873,0.0009293581156760873
1984-01-31,0.11146867567520638,0.11145999490858757,0.11142527184211237,0.00620393489675102,0.00620393489675102
1984-02-29,-0.1434170267272262,-0.1434338054353928,-0.1435009202680592,-0.03259398995688916,-0.03259398995688916
1984-03-31,0.09500074920672211,0.0949397319132796,0.09469566273950959,0.003342732711325063,0.003342732711325063
1984-04-30,0.07639265913252752,0.07638013323885628,0.07633002966417132,-0.002310830543654615,-0.002310830543654615
1984-05-31,-0.08224062153925157,-0.08225679268537969,-0.08232147726989215,-0.05270563349738059,-0.05270563349738059
1984-06-30,0.07163250638214755,0.0715902010321702,0.07142097963226085,0.019471144386883226,0.019471144386883226
1984-07-31,0.07500365682289388,0.0749888951103867,0.07492984826035795,0.013143582487990618,0.013143582487990618
1984-08-31,-0.015726811661141996,-0.01573356580933621,-0.01576058240211307,0.04402580217102558,0.04402580217102558
1984-09-30,0.12789890747408808,0.12788700727541377,0.1278394064807166,0.01223930340639891,0.01223930340639891
1984-10-31,0.05803413320823228,0.05802054158065604,0.05796617507035106,0.024065096728600972,0.024065096728600972
1984-11-30,0.07449015746915662,0.0744749670325337,0.07441420528604203,0.005259257707416989,0.005259257707416989
1984-12-31,0.0344602884112079,0.03430563829487629,0.033687037829549855,0.012180491402706448,0.012180491402706448
1985-01-31,-0.009359881793555073,-0.009370774155568308,-0.009414343603621254,0.04570441196296012,0.04570441196296012
1985-02-28,0.07338319413629807,0.0733766616620133,0.07335053176487424,-0.0023480454895602786,-0.0023480454895602786
1985-03-31,-0.11262605284526835,-0.1126342988544074,-0.11266728289096359,-0.0023598131282289237,-0.0023598131282289237
1985-04-30,0.021736423105412822,0.02170068337359279,0.021557724446312657,0.0058849774464135385,0.0058849774464135385
1985-05-31,0.020529358058486817,0.020523013601174256,0.020497635771924008,0.04477547752669895,0.04477547752669895
1985-06-30,-0.0222475050452527,-0.02239319441474606,-0.02297595189271949,0.0067651379980091676,0.0067651379980091676
1985-07-31,-0.1755624531496866,-0.17557170970548547,-0.17560873592868087,-0.02069482643116949,-0.02069482643116949
1985-08-31,0.04423239339733169,0.04406700439048829,0.04340544836311469,0.010890752069901293,0.010890752069901293
1985-09-30,-0.02544147698985425,-0.025451628847143238,-0.02549223627629918,-0.0201656243121935,-0.0201656243121935
1985-10-31,-0.04461426612548668,-0.04462810049936408,-0.04468343799487368,0.020944629656263376,0.020944629656263376
1985-11-30,-0.07216406144217494,-0.07225937002141487,-0.07264060433837459,0.025624530338137372,0.025624530338137372
1985-12-31,-0.014355376552932408,-0.0144460953482593,-0.014808970529566874,0.03133972971350962,0.03133972971350962
1986-01-31,-0.0368736441294163,-0.036879305293860125,-0.036901949951635434,0.0008079787858734648,0.0008079787858734648
1986-02-28,-0.09327489938670026,-0.09327731785748332,-0.09328699174061553,0.04992698654673312,0.04992698654673312
1986-03-31,0.0829457744226351,0.08289702170272421,0.08270201082308072,0.06674179450764599,0.06674179450764599
1986-04-30,-0.06517272885688906,-0.06528509941964844,-0.065734581670686,-0.00659389626599852,-0.00659389626599852
1986-05-31,0.0029827917906694312,0.00297245386254617,0.002931102150053124,0.014062838894575932,0.014062838894575932
1986-06-30,-0.04007902862883264,-0.040084127791561994,-0.04010452444247942,0.02489805215079711,0.02489805215079711
1986-07-31,0.020821946808902862,0.02081723330212836,0.020798379275030362,-0.028176635885001345,-0.028176635885001345
1986-08-31,-0.004268325717936221,-0.004301626085085056,-0.004434827553680401,0.03340786874669873,0.03340786874669873
1986-09-30,0.023608933252357685,0.023604730970078577,0.023587921840962152,-0.04341007021146733,-0.04341007021146733
1986-10-31,0.016321823719230598,0.016284737058641884,0.016136390416287033,0.01070381352168559,0.01070381352168559
1986-11-30,-0.03153763997285532,-0.03154253715252104,-0.0315621258711839,0.014663695874244684,0.014663695874244684
1986-12-31,-0.012345421230511211,-0.012347286714311173,-0.012354748649511024,-0.008310646769787353,-0.008310646769787353
1987-01-31,-0.12172786839601016,-0.12177250022255733,-0.12195102752874601,0.046793672701178915,0.046668672701178915
1987-02-28,-0.049162533443175026,-0.04921741467754435,-0.04943693961502162,0.02877584074755629,0.02877584074755629
1987-03-31,-0.0687294532035903,-0.06879496414500624,-0.06905700791067002,0.0015199963475757555,0.0015199963475757555
1987-04-30,-0.0793721637512152,-0.07937716471174505,-0.0793971685538645,-0.011380243973200102,-0.011380243973200102
1987-05-31,-0.0064921112055603,-0.006537445259206002,-0.006718781473788815,0.014112453811231537,0.014112453811231537
1987-06-30,-0.010261205061596917,-0.010297209183620188,-0.010441225671713272,0.014726390478068146,0.014726390478068146
1987-07-31,-0.013515674525106339,-0.013523568915541583,-0.013555146477282561,0.009447688821955999,0.009447688821955999
1987-08-31,-0.06515501392655727,-0.0651652534963232,-0.06520621177538688,0.0018337788147706063,0.0018337788147706063
1987-09-30,-0.014761939150257803,-0.01477314519382368,-0.014817969368087195,-0.013113548435997824,-0.013113548435997824
1987-10-31,0.19026758558130497,0.19023891691914088,0.1901242422704846,-0.09454121964596139,-0.09454121964596139
1987-11-30,-0.027086421090394813,-0.027222387893537814,-0.027766255106109815,-0.03749843497516343,-0.03749843497516343
1987-12-31,-0.04336267036061748,-0.043444151502742286,-0.04377007607124152,0.02329760754432046,0.02329760754432046
1988-01-31,0.09055763104635522,0.09055462888208618,0.09054262022501003,0.05092376375132254,0.05092376375132254
1988-02-29,-0.004021819848621224,-0.004040022282373127,-0.0041128320173807395,0.023167440597269343,0.023167440597269343
1988-03-31,-0.05644829566358754,-0.05645474548440509,-0.056480544767675285,-0.011866955843010965,-0.011866955843010965
1988-04-30,-0.028476048557952178,-0.028483540295961715,-0.028513507247999868,0.006856163925571826,0.006856163925571826
1988-05-31,-0.012156040768435673,-0.01215808695990461,-0.012166271725780359,-0.00744306939124488,-0.00744306939124488
1988-06-30,0.05381224937060312,0.05379316330749238,0.05371681905504941,0.037309841606692346,0.037309841606692346
1988-07-31,-0.01326084957502592,-0.013269521790156086,-0.013304210650676756,-0.008037532602306524,-0.008037532602306524
1988-08-31,0.006283191735913579,0.006261741942808925,0.00617594277039031,-0.018824671301342674,-0.018824671301342674
1988-09-30,0.02236236801641486,0.022357949016024142,0.02234027301446128,0.02499311317638675,0.02499311317638675
1988-10-31,-0.003865608526455174,-0.003869923470190775,-0.003887183245133179,0.005120777759817827,0.005120777759817827
1988-11-30,-0.07136673738126258,-0.07136913115350804,-0.0713787062424899,-0.017234387339388604,-0.017234387339388604
1988-12-31,-0.008435120924499204,-0.008450022466353381,-0.008509628633770088,0.009654175242772844,0.009654175242772844
1989-01-31,0.00779957880034594,0.0077928973094862535,0.007766171346047507,0.04868794183396327,0.04868794183396327
1989-02-28,-0.04427074703649518,-0.044344832560240285,-0.04464117465522069,-0.01592042578309212,-0.01592042578309212
1989-03-31,-0.0032871803585100695,-0.0032975703874993903,-0.0033391305034566727,0.016918430367973303,0.016918430367973303
1989-04-30,0.04978584452142523,0.04970029155532003,0.049358079690899205,0.025293610476947254,0.025293610476947254
1989-05-31,0.07006040057998905,0.07004926697697739,0.0700047325649307,0.02813581445987816,0.02813581445987816
1989-06-30,0.10365477898855195,0.10364224576012143,0.10359211284639938,0.007287887417923564,0.007287887417923564
1989-07-31,0.03039389324539475,0.030374718087663347,0.03029801745673773,0.03337372497929825,0.03337372497929825
1989-08-31,-0.09251847026456016,-0.09252345814229958,-0.09254340965325727,0.004151091200631715,0.004151091200631715
1989-09-30,-0.01340311441158435,-0.013417026834267229,-0.013472676524998744,-0.006074363916144937,-0.006074363916144937
1989-10-31,0.08251889785958408,0.08250843357521914,0.08246657643775937,-0.00656421077715412,-0.00656421077715412
1989-11-30,0.0032283314778325492,0.0032158132242803613,0.0031657402100716088,0.015296935943050358,0.015296935943050358
1989-12-31,-0.028556296758541218,-0.028557347708912016,-0.02856155151039521,0.00929378827941059,0.00929378827941059
1990-01-31,-0.06926465186779962,-0.06930109821006168,-0.06944688357910993,-0.04197904313743236,-0.04209015424854347
1990-02-28,-0.016040155017477225,-0.016061121714097203,-0.01614498850057712,-0.0007861100029436451,-0.0007861100029436451
1990-03-31,-0.028134560139207197,-0.028139080327808215,-0.028157161082212293,-0.010776534718589697,-0.010776534718589697
1990-04-30,-0.05264373055905823,-0.05265091616941942,-0.052679658610864204,-0.026622461930679582,-0.026622461930679582
1990-05-31,0.052097080921486266,0.05208977599956991,0.0520605563119045,0.06392005381382924,0.06392005381382924
1990-06-30,0.021729781259951245,0.02171957278515435,0.02167873888596677,0.0045668269735783164,0.0045668269735783164
1990-07-31,0.012278570809064323,0.012277903825724404,0.012275235892364723,-0.009715192062458113,-0.009715192062458113
1990-08-31,-0.04289431527345314,-0.042897060743067844,-0.04290804262152668,-0.07462427803139127,-0.07462427803139127
1990-09-30,0.042257685494705,0.04220122059357609,0.04197536098906044,-0.058073477665186654,-0.058073477665186654
1990-10-31,0.020782890277732925,0.02072679124386554,0.020502395108395997,0.030643332788372463,0.030643332788372463
1990-11-30,0.048907845373316314,0.04870852716166266,0.04791125431504802,0.017740946882805805,0.017740946882805805
1990-12-31,0.005000718891728508,0.004912858214339117,0.00456141550478155,0.0206884634766448,0.0206884634766448
1991-01-31,-0.028981768053929553,-0.029017795889253444,-0.029161907230549004,0.023621029826701178,0.02352102982670118
1991-02-28,-0.062290645080595126,-0.06234882866806683,-0.06258156301795366,0.06181811035071158,0.06181811035071158
1991-03-31,0.08029635222413992,0.0802614308998414,0.08012174560264736,0.02249013226771334,0.02249013226771334
1991-04-30,0.006785082908242938,0.006699030934820373,0.006354823041130114,0.003985713953279735,0.003985713953279735
1991-05-31,-0.005791906071964751,-0.005795944917547636,-0.005812100299879173,0.018303871799827925,0.018303871799827925
1991-06-30,0.04218639958197341,0.042182381591834996,0.04216630963128132,-0.029957141655433544,-0.029957141655433544
1991-07-31,-0.03787193036176056,-0.03797483707049482,-0.038386463905431885,0.029186253762838014,0.029186253762838014
1991-08-31,0.07500642574978478,0.07498050665336925,0.07487683026770714,0.011440498926701624,0.011440498926701624
1991-09-30,0.019498532055436314,0.01946885114991673,0.0193501275278384,0.00445828698643258,0.00445828698643258
1991-10-31,0.0011833811554977803,0.0011572402245427923,0.0010526765007228397,0.008345095952296579,0.008345095952296579
1991-11-30,0.04655092809879538,0.046547850805862455,0.04653554163413077,-0.021391724055775496,-0.021391724055775496
1991-12-31,0.0510165787154838,0.050914061948985796,0.050503994882993807,0.04043782452936513,0.04043782452936513
1992-01-31,-0.04353167466643594,-0.04361145227880224,-0.043930562728267446,0.01165862557539047,0.01165862557539047
1992-02-29,0.01557610648510616,0.015541557695805322,0.015403362538601976,0.012160340808863692,0.012160340808863692
1992-03-31,-0.0019849547226173684,-0.001995144100902715,-0.0020359016140441013,-0.026043847542530064,-0.026043847542530064
1992-04-30,0.015970168471430533,0.01595268411939818,0.01588274671126877,0.0059120223929046796,0.0059120223929046796
1992-05-31,0.01906323274353545,0.01905745238756739,0.01903433096369514,0.0304610656875436,0.0304610656875436
1992-06-30,0.04526335797536672,0.04523399860585422,0.04511656112780419,-0.027684164256982478,-0.027684164256982478
1992-07-31,0.08391770409296416,0.0838827368988582,0.08374286812243437,-0.002432104623059748,-0.002432104623059748
1992-08-31,-0.014526602660591009,-0.014538816280958081,-0.014587670762426369,-0.005364451615994184,-0.005364451615994184
1992-09-30,0.07683801501821139,0.07678558651365341,0.07657587249542155,0.012231518254476516,0.012231518254476516
1992-10-31,-0.0030463832740952185,-0.0030538679870375355,-0.0030838068388068037,0.01868855825997691,0.01868855825997691
1992-11-30,-0.02436536342124422,-0.02440889030341025,-0.024582997832074373,0.021021893936512635,0.021021893936512635
1992-12-31,0.08076323627903657,0.08075788186958831,0.08073646423179523,0.004756147245319953,0.004756147245319953
1993-01-31,0.08808572661520334,0.08808087036150539,0.08806144534671359,0.017003181954085445,0.017003181954085445
1993-02-28,0.11727799498470276,0.11716355298454248,0.11670578498390133,0.02696005092221921,0.02696005092221921
1993-03-31,-0.041704930684224414,-0.041721262844302574,-0.041786591484615214,0.013119908317203988,0.013119908317203988
1993-04-30,-0.016357660577908148,-0.01636494250947428,-0.016394070235738797,0.005634749788166851,0.005634749788166851
1993-05-31,-0.048745626917440416,-0.048779327310025745,-0.04891412888036708,0.01338622079297477,0.01338622079297477
1993-06-30,0.15582267252328896,0.15579877597240294,0.15570318976885883,0.012693051721912952,0.012693051721912952
1993-07-31,-0.005267892069694798,-0.0053178970911815235,-0.0055179171771284246,0.01339177461453386,0.01339177461453386
1993-08-31,0.0794102277769325,0.0794030374848197,0.07937427631636848,0.042297294405494595,0.042297294405494595
1993-09-30,0.008206841193895649,0.00817856915580546,0.008065481003444706,-0.003704103437670336,-0.003704103437670336
1993-10-31,0.008135142689297364,0.008096236551191344,0.007940611998767264,0.040133060279076926,0.040133060279076926
1993-11-30,-0.06043095953907173,-0.060531701855664456,-0.06093467112203535,-0.031154456312942183,-0.031154456312942183
1993-12-31,-0.07615049764943828,-0.07623545555746467,-0.07657528718957021,0.058626942018771215,0.058626942018771215
1994-01-31,0.02555642527685957,0.025512195783114998,0.0253352778081367,0.021283983028774357,0.021283983028774357
1994-02-28,-0.12098174795419052,-0.1209927832649701,-0.12103692450808841,-0.035827930729181286,-0.035827930729181286
1994-03-31,-0.10197355901438988,-0.10203597821834258,-0.10228565503415335,-0.04753527265767327,-0.04753527265767327
1994-04-30,-0.07612408263445933,-0.07626352780568738,-0.07682130849059957,0.0027576814423464057,0.0027576814423464057
1994-05-31,-0.025059376995057035,-0.025077442568433733,-0.02514970486194053,0.0023889732532326857,0.0023889732532326857
1994-06-30,-0.037795744310235344,-0.03779908407362306,-0.03781244312717393,-0.030333218657480402,-0.030333218657480402
1994-07-31,0.018885983137924237,0.01887382848237085,0.018825209860157305,0.0312213740575595,0.0312213740575595
1994-08-31,-0.05194174396274447,-0.05204640905561859,-0.05246506942711505,0.02230093255232929,0.02230093255232929
1994-09-30,-0.06026471816802911,-0.06027395633674521,-0.06031090901160959,-0.03908101645074653,-0.03908101645074653
1994-10-31,-0.07569192226157007,-0.07572872934788973,-0.07587595769316839,0.006982174487838245,0.006982174487838245
1994-11-30,0.0477757107835557,0.047760267400432176,0.0476984938679381,-0.022520891668844033,-0.022520891668844033
1994-12-31,0.007004736455688442,0.0069179906256530595,0.0065710073055115295,0.004506936909014502,0.004506936909014502
1995-01-31,0.10624195309457318,0.10609780814313799,0.10552122833739722,-0.014168240666079126,-0.014168240666079126
1995-02-28,0.04429052560080861,0.04426760415659204,0.04417591837972576,0.02340827000940137,0.02340827000940137
1995-03-31,-0.04135966571507843,-0.04146235765125469,-0.0418731253959597,-0.005119049760651561,-0.005119049760651561
1995-04-30,0.018859401027131996,0.01875256492880581,0.01832522053550107,0.018654082159728164,0.018654082159728164
1995-05-31,0.12206072859397032,0.1220577543102807,0.12204585717552215,0.036948077434978084,0.036948077434978084
1995-06-30,0.02056163859431906,0.02052942098042928,0.02040055052487016,0.00150522725031129,0.00150522725031129
1995-07-31,-0.0822161701000899,-0.08230151644039689,-0.08264290180162488,0.03363635123293119,0.03363635123293119
1995-08-31,0.07484751065647506,0.0748400069927816,0.07480999233800775,0.017952682880774062,0.017952682880774062
1995-09-30,0.006482615415041831,0.006471919480055254,0.006429135740108943,0.01165609097174578,0.01165609097174578
1995-10-31,0.018991795836374687,0.01898014612760203,0.018933547292511406,0.0013421310286901075,0.0013421310286901075
1995-11-30,0.04679483175821859,0.046692573607478714,0.04628354100451923,0.029630710550929397,0.029539801460020308
1995-12-31,-0.0018554182471214363,-0.0018955743795249524,-0.002056198909139017,0.015024653801768772,0.015024653801768772
1996-01-31,-0.003440730139045986,-0.0034499444633701586,-0.0034868017606668484,0.035047916990260435,0.035047916990260435
1996-02-29,-0.08635451157198218,-0.08640393412191634,-0.086601624321653,-0.012837458609914941,-0.012837458609914941
1996-03-31,-0.022975149556392883,-0.023019873939895807,-0.023198771473907497,-0.002488582887190642,-0.002488582887190642
1996-04-30,-0.016682518831226654,-0.016689070782106123,-0.016715278585624008,0.014386069928548526,0.014386069928548526
1996-05-31,-0.020501238895359267,-0.02054302745218158,-0.020710181679470828,0.002132996768281069,0.002132996768281069
1996-06-30,0.018488662213131144,0.018451060255430148,0.018300652424626165,-0.0010164886454444274,-0.0010164886454444274
1996-07-31,-0.029457591706394403,-0.029530366198433928,-0.029821464166592027,-0.031109520869286318,-0.031109520869286318
1996-08-31,-0.04581796893628703,-0.045871214478192396,-0.046084196645813875,0.015310394831414064,0.015310394831414064
1996-09-30,0.045907275430895386,0.04587832200989343,0.045762508325885624,0.038082650359741975,0.038082650359741975
1996-10-31,0.049751065988735015,0.049740727761274646,0.049699374851433185,0.012459220309439337,0.012459220309439337
1996-11-30,0.03312028072692641,0.03308792722624764,0.032958513223532555,0.03798434519041989,0.03798434519041989
1996-12-31,-0.06586660228263806,-0.06590307279321549,-0.06604895483552516,-0.011553302093157363,-0.011553302093157363
1997-01-31,0.07963621344450436,0.07950848151898297,0.07899755381689741,0.017251244985872435,0.017251244985872435
1997-02-28,-0.004515507316781818,-0.004622083245224541,-0.0050483869589954345,0.006975496922031768,0.006975496922031768
1997-03-31,-0.0401721364616696,-0.04033846758978153,-0.04100379210222925,-0.022594622141220197,-0.022594622141220197
1997-04-30,0.034422189441212586,0.03436634288393122,0.03414295665480575,0.029048336400975462,0.029048336400975462
1997-05-31,-0.12998355677189571,-0.13002014448008511,-0.13016649531284272,0.0434849123495853,0.0434849123495853
1997-06-30,-0.00806169683508327,-0.008148585947780862,-0.008496142398571233,0.024996607627275364,0.024996607627275364
1997-07-31,0.07818611800517208,0.07806910508528313,0.07760105340572727,0.05966247992332594,0.05966247992332594
1997-08-31,0.0444195730095982,0.044303826008319655,0.04384083800320547,-0.05151047484861509,-0.05151047484861509
1997-09-30,-0.0037991223960491954,-0.003940443379259576,-0.004505727312101098,0.03772937079055761,0.03772937079055761
1997-10-31,0.15690956468183387,0.15687788319617021,0.1567511572535156,-0.06232181946920639,-0.06232181946920639
1997-11-30,-0.0027132341959671784,-0.002868823855874301,-0.0034911824955027914,0.01290686175159866,0.01290686175159866
1997-12-31,0.04829304176037172,0.048284989293733066,0.04825277942717846,0.015203131534692622,0.015203131534692622
1998-01-31,0.07479147055699611,0.0747881395915179,0.074774815729605,0.016569845682687333,0.016569845682687333
1998-02-28,-0.13291377896169795,-0.13293004215490586,-0.1329950949277375,0.04530089592860957,0.04530089592860957
1998-03-31,-0.01558163075418394,-0.015633789981082304,-0.015842426888675765,0.019901619526136477,0.019901619526136477
1998-04-30,-0.0073537191198777725,-0.0073686796561189954,-0.007428521801083885,-0.009752892612892916,-0.009752892612892916
1998-05-31,0.048761570398410274,0.0487571552600959,0.0487394947068384,-0.011928619632898135,-0.011928619632898135
1998-06-30,0.014506876612514881,0.014414102286730488,0.01404300498359292,0.01359412334087581,0.01359412334087581
1998-07-31,-0.00402690231850107,-0.004028748688178292,-0.004036134166887177,-0.005411696760811577,-0.005411696760811577
1998-08-31,0.22745762088730634,0.227422913696599,0.22728408493376964,-0.07411331219161248,-0.07411331219161248
1998-09-30,0.10812784131658162,0.107967251924672,0.10732489435703352,0.021343401405184023,0.021343401405184023
1998-10-31,-0.06880815278525279,-0.06885557652187174,-0.06904527146834752,0.046662134368603864,0.046662134368603864
1998-11-30,-0.028459840363840555,-0.028500830034954374,-0.028664788719409647,0.04301890715081058,0.04301890715081058
1998-12-31,-0.013125042083356592,-0.013131675863530787,-0.013158210984227564,0.008373953777337656,0.008373953777337656
1999-01-31,-0.002794153826933406,-0.002795938323526416,-0.002803076309898457,0.023285335132862055,0.023285335132862055
1999-02-28,-0.10876074376211134,-0.10876250082489958,-0.10876952907605256,-0.019778523133619177,-0.019778523133619177
1999-03-31,0.008671262111366169,0.008618078222872331,0.008405342668896981,0.0352734311123594,0.0352734311123594
1999-04-30,-0.031529404248077375,-0.03157608836243222,-0.031762824819851605,0.0483334995047002,0.0483334995047002
1999-05-31,-0.04283057994118966,-0.04285789871300115,-0.04296717380024711,-0.03509919758552612,-0.03509919758552612
1999-06-30,-0.03980352706364255,-0.039851218024423964,-0.04004198186754962,0.037239902674855226,0.037239902674855226
1999-07-31,-0.030662136462476366,-0.03070358467395137,-0.030869377519851384,-0.01471873042339706,-0.01471873042339706
1999-08-31,-0.012853437426602365,-0.012878109471706107,-0.012976797652121072,0.0037551120740166462,0.0037551120740166462
1999-09-30,0.009849309068041306,0.00978742113991906,0.009539869427430073,-0.013486142288237826,-0.013486142288237826
1999-10-31,-0.03572762102972213,-0.035794954515847355,-0.036064288460348246,0.026683959314882703,0.026683959314882703
1999-11-30,-0.029055874556238186,-0.029108862843344577,-0.02932081599177014,0.043948775789943405,0.043865442456610074
1999-12-31,-0.06237422497882291,-0.06238079067818483,-0.06240705347563252,0.05198241193243371,0.05198241193243371
2000-01-31,-0.03348641585994636,-0.033565526376178344,-0.03388196844110626,-0.025474331562890074,-0.025474331562890074
2000-02-29,0.05410083277047363,0.05405842570405885,0.05388879743839973,0.03998276290515234,0.03998276290515234
2000-03-31,0.06788276097281329,0.06780865494581907,0.06751223083784223,0.024716317279903838,0.024716317279903838
2000-04-30,-0.013057389067191609,-0.013095152469204037,-0.013246206077253754,-0.04305029976653053,-0.04305029976653053
2000-05-31,-0.008352096742083944,-0.008419212675322146,-0.00868767640827495,-0.029214863628494826,-0.029214863628494826
2000-06-30,0.04563555201914685,0.04555488403340635,0.045232212090444354,0.03703028444572129,0.03703028444572129
2000-07-31,0.018813937432565316,0.018775370232430498,0.018621101431891218,-0.0065623228834003145,-0.0065623228834003145
2000-08-31,0.0573933555980141,0.0572787415746319,0.05682028548110311,0.03562938473682102,0.03562938473682102
2000-09-30,-0.01588029516823913,-0.015927682071575223,-0.01611722968491959,-0.039942405007900014,-0.039942405007900014
2000-10-31,0.024015153041912384,0.024012748857682027,0.02400313212076059,-0.010402651515079067,-0.010402651515079067
2000-11-30,0.04361842131909088,0.0435025596349326,0.04303911289829949,-0.03823131573056447,-0.03823131573056447
2000-12-31,0.0168274932909927,0.016754153173358818,0.016460792702823288,-0.003837338093795337,-0.003837338093795337
2001-01-31,-0.0011218103159453428,-0.0011713130285736014,-0.0013693238790866357,0.026335074912739315,0.026335074912739315
2001-02-28,0.0633821031820903,0.06337477924289513,0.06334548348611442,-0.045960677254961266,-0.045960677254961266
2001-03-31,0.0011237746185112016,0.0010555963227450963,0.0007828831396806755,-0.04453729551839668,-0.04453729551839668
2001-04-30,-0.08931572541620489,-0.08944781781058933,-0.0899761873881271,0.03827056756831189,0.03827056756831189
2001-05-31,0.028810640834079696,0.028767478618927037,0.02859482975831641,-0.0033861253635096757,-0.0033861253635096757
2001-06-30,0.00947777949799803,0.0094402314002248,0.009290039009131877,-0.00540209516755688,-0.00540209516755688
2001-07-31,0.0607686609798487,0.06072661236156026,0.060558417888406504,-0.020965729254986316,-0.020965729254986316
2001-08-31,0.03338940269451823,0.033338847848840676,0.033136628466130434,-0.038672880795284824,-0.038672880795284824
2001-09-30,0.06142414945786058,0.061251559946613306,0.0605612019016242,-0.06050753056099283,-0.06050753056099283
2001-10-31,0.12772150993363746,0.12760150673191445,0.12712149392502248,0.04067991337684425,0.04067991337684425
2001-11-30,-0.11232496211648474,-0.11240744859402206,-0.11273739450417136,0.03418694203026057,0.03418694203026057
2001-12-31,-0.06330320858058612,-0.06332721249126351,-0.06342322813397305,-0.0032968778965400403,-0.0032968778965400403
2002-01-31,0.027511317764552477,0.027500818869377483,0.027458823288677506,-0.010164494472402984,-0.010164494472402984
2002-02-28,0.0357068480541413,0.035705323454668064,0.035699225056775113,-0.00805234777924771,-0.00805234777924771
2002-03-31,-0.136567483644537,-0.13663532268937195,-0.13690667886871172,0.015259223186836651,0.015259223186836651
2002-04-30,0.07270341952506253,0.07266604009772562,0.07251652238837798,-0.006667265210148737,-0.006667265210148737
2002-05-31,0.0033046179166877736,0.0032978513713024424,0.003270785189761117,-0.006653041841292015,-0.006653041841292015
2002-06-30,0.043058129618897906,0.043006512744926666,0.0428000452490417,-0.042410540809582474,-0.042410540809582474
2002-07-31,0.12357664397594577,0.12356746881426366,0.1235307681675352,-0.0375611466902156,-0.0375611466902156
2002-08-31,0.09842483824494366,0.09840369015679255,0.09831909780418809,0.005511023435295748,0.005511023435295748
2002-09-30,0.12968563298026467,0.1296735073903285,0.12962500503058394,-0.05553476254516796,-0.05553476254516796
2002-10-31,-0.06696368150694493,-0.06698581793200832,-0.0670743636322619,0.02859703567910743,0.02859703567910743
2002-11-30,-0.0652214289273734,-0.0652282286502327,-0.06525542754166988,0.028561731799641832,0.028561731799641832
2002-12-31,0.08946879859976405,0.08945822034073472,0.08941590730461742,-0.033835414696505264,-0.033835414696505264
2003-01-31,-0.04346078331886529,-0.04346671029490671,-0.04349041819907237,-0.02418743548138316,-0.02418743548138316
2003-02-28,0.06755036239885193,0.06754791826674159,0.06753814173830022,-0.002797364619314154,-0.002797364619314154
2003-03-31,-0.025844068651177794,-0.025847104406657998,-0.025859247428578813,-0.013141092927710698,-0.013141092927710698
2003-04-30,-0.0024892294191893086,-0.002492837413701821,-0.0025072693917518704,0.04112444457765998,0.04112444457765998
2003-05-31,0.11593451450123192,0.11589579519815903,0.11574091798586743,0.03742993081501751,0.03742993081501751
2003-06-30,-0.03149873756459647,-0.031549811822395864,-0.03175410885359343,0.013299291932575681,0.013299291932575681
2003-07-31,-0.18354346223301587,-0.18354752731031176,-0.18356378761949532,0.010609526639646462,0.010609526639646462
2003-08-31,0.027353102394559604,0.027260559917346286,0.02689039000849302,0.027074711678305677,0.026997788601382598
2003-09-30,0.09781060301920358,0.09769914597759935,0.09725331781118242,1.631842341998785e-05,-0.00017118157658001218
2003-10-31,-0.06120224845872492,-0.06121890320827483,-0.0612855222064745,0.03248860407196411,0.03248860407196411
2003-11-30,0.021148226427608118,0.021118973646454233,0.021001962521838686,0.005198002952446691,0.005198002952446691
2003-12-31,0.06624625254962857,0.06618669221088977,0.06594845085593457,0.04170993890023529,0.04170993890023529
2004-01-31,0.018316210636328323,0.018240599581272977,0.01793815536105159,0.01847669801143479,0.01847669801143479
2004-02-29,0.04234164525174175,0.042319445855440604,0.042230648270236024,0.027943262215042744,0.027943262215042744
2004-03-31,0.08184900491626193,0.08182486011465717,0.08172828090823815,0.01541611999060577,0.01541611999060577
2004-04-30,-0.16153330709822042,-0.16158352851483596,-0.16178441418129816,-0.039302387191391217,-0.039302387191391217
2004-05-31,0.0058048504777397075,0.005723286794103103,0.0053970320595566855,0.007883541320087423,0.007883541320087423
2004-06-30,-0.006735026798373734,-0.006751891458419829,-0.006819350098604211,0.0005605900828435997,0.0005605900828435997
2004-07-31,0.06578848582787537,0.06577088885588023,0.06570050096789963,0.013628285177684232,0.013628285177684232
2004-08-31,0.06159280311729134,0.06155193880164489,0.0613884815390591,0.007409483950106301,0.007409483950106301
2004-09-30,0.031077230222543138,0.031049380686479448,0.03093798254222469,0.026448909469253573,0.026448909469253573
2004-10-31,0.034201345386475256,0.034129979536566164,0.033844516136929785,0.014584860027558585,0.014584860027558585
2004-11-30,-0.0525314328219685,-0.052564668821935036,-0.05269761282180116,0.021160217444299564,0.021160217444299564
2004-12-31,-0.008930769324292084,-0.008934327961658479,-0.008948562511124062,0.0018777047749036074,0.0018777047749036074
2005-01-31,0.048014245308952305,0.0480095286958027,0.04799066224320428,0.0009745699819251538,0.0009745699819251538
2005-02-28,-0.01502438642438654,-0.015026782098013816,-0.015036364792522922,0.018682106220681338,0.018682106220681338
2005-03-31,-0.0032500521382766755,-0.003266328690437133,-0.003331434899078963,-0.0077088386312248736,-0.0077088386312248736
2005-04-30,0.026509525667857834,0.02648988057085023,0.02641130018281981,-0.01252107868346259,-0.01252107868346259
2005-05-31,0.041667863270212144,0.04165145694536075,0.04158583164595517,0.02518628517465217,0.02518628517465217
2005-06-30,0.03944132122396608,0.03942407700429453,0.03935510012560831,0.017476261173573537,0.017476261173573537
2005-07-31,-0.036277736305688396,-0.036318117465167866,-0.03647964210308575,0.02347454826151872,0.02347454826151872
2005-08-31,0.05708407155470179,0.05704697182784809,0.05689857292043327,0.011206313951126298,0.011206313951126298
2005-09-30,-0.02760003570818512,-0.027602081280522904,-0.027610263569874047,0.023269795177552344,0.023269795177552344
2005-10-31,-0.05351847321524018,-0.05361067748119424,-0.053979494545010505,-0.01920009982715014,-0.01920009982715014
2005-11-30,0.0052008526740029894,0.005139459279462958,0.004893885701302831,0.034408642946892415,0.034408642946892415
2005-12-31,0.022041051518408166,0.02201540674907437,0.02191282767173919,0.02731691904491778,0.02731691904491778
2006-01-31,-0.035865139596356774,-0.035923869809581004,-0.03615879066247792,0.036520318543767805,0.036520318543767805
2006-02-28,0.017544853530913243,0.017486287223355265,0.017252021993123357,-0.006278225142893314,-0.006278225142893314
2006-03-31,-0.04903200032464746,-0.04904163818138667,-0.04908018960834349,0.031864497020084814,0.031864497020084814
2006-04-30,-0.051115825625026395,-0.05113215082571743,-0.05119745162848157,0.04622418137485062,0.04622418137485062
2006-05-31,-0.03236143568449083,-0.03248170694747328,-0.032962791999403065,-0.02414090604305237,-0.02414090604305237
2006-06-30,0.006206362180973084,0.006184118628434662,0.0060951444182809735,-0.009459502882256755,-0.009459502882256755
2006-07-31,0.021375978221214557,0.02137362703037954,0.02136422226703946,0.010353901538828925,0.010353901538828925
2006-08-31,0.026456095875615232,0.02641773021745692,0.026264267584823673,0.01571475044225907,0.01571475044225907
2006-09-30,0.03391398562773043,0.03391013896364171,0.03389475230728681,-0.007502745479276901,-0.007502745479276901
2006-10-31,0.014536459725768515,0.01451035138465546,0.014405918020203244,0.015234148442279112,0.015234148442279112
2006-11-30,-0.0011616494746089223,-0.001175647815107865,-0.0012316411771036357,0.021419828571737444,0.021419828571737444
2006-12-31,-0.0408714701573335,-0.04097050144373122,-0.04136662658932208,-0.0057684482969546525,-0.005879559408065764
2007-01-31,-0.017438305915996037,-0.0174488985237789,-0.017491268954910356,-0.0007822229315710726,-0.0007822229315710726
2007-02-28,0.039277387001526096,0.03927461194146169,0.03926351170120404,0.012847251980927066,0.012847251980927066
2007-03-31,-0.023317467779047717,-0.0233371425685418,-0.023415841726518123,0.011302482041354133,0.011302482041354133
2007-04-30,-0.004369822603742705,-0.004400191075987791,-0.004521664964968137,0.023175652915428755,0.023175652915428755
2007-05-31,-0.05842632362062136,-0.05856406655407048,-0.05911503828786696,0.0012963203101805983,0.0012963203101805983
2007-06-30,-0.02936148761944228,-0.02939166035749322,-0.02951235130969697,0.0030660655599072397,0.0030660655599072397
2007-07-31,0.058833169646553204,0.058831274034618596,0.05882369158688017,0.011481338320624333,0.011481338320624333
2007-08-31,0.05592225354897819,0.055901644702352184,0.055819209315848155,-0.004001631058339937,-0.004001631058339937
2007-09-30,-0.011725156174714325,-0.011746722978217567,-0.011832990192230539,0.04284342811214911,0.04284342811214911
2007-10-31,0.01647182570294069,0.016459610709710214,0.016410750736788302,0.03162658208018305,0.03162658208018305
2007-11-30,0.12984723721748895,0.12983684709789778,0.12979528661953316,-0.02118414888257078,-0.02118414888257078
2007-12-31,-0.02154571679804717,-0.02158287186232055,-0.02173149211941406,0.003163037939416852,0.003163037939416852
2008-01-31,0.07656867705446178,0.07654334294781254,0.07644200652121554,-0.01962075928639992,-0.01962075928639992
2008-02-29,0.012194320755157511,0.012132971817135872,0.01188757606504932,0.026041423431314065,0.026041423431314065
2008-03-31,0.03479263826561451,0.034787143361329806,0.034765163744190974,-0.019168769487753524,-0.019168769487753524
2008-04-30,-0.08983804563541625,-0.08989527025423405,-0.09012416872950524,0.023985395844436125,0.023985395844436125
2008-05-31,-0.07003988705636927,-0.07008086967388173,-0.07024480014393163,0.004253249663586053,0.004253249663586053
2008-06-30,0.017324636345672134,0.017257695619395705,0.01698993271428998,-0.015447121738623228,-0.015447121738623228
2008-07-31,-0.008505667615840257,-0.008521532549106087,-0.008584992282169409,-0.012551007369897092,-0.012551007369897092
2008-08-31,0.09196935297098063,0.09190009283966387,0.09162305231439678,-0.026967613941604907,-0.027078725052716017
2008-09-30,0.027987722639635275,0.027842794735993583,0.027263083121426814,-0.06336081866716875,-0.06347192977827987
2008-10-31,0.03449858693394067,0.034329832307404724,0.033654813801260924,-0.12835817427875987,-0.12835817427875987
2008-11-30,0.2877128213738876,0.2875816909928194,0.2870571694685464,-0.009874904725649811,-0.009874904725649811
2008-12-31,0.14575146814428264,0.14561809021845007,0.14508457851511983,0.018942692826322015,0.018942692826322015
2009-01-31,-0.06805352147442457,-0.06810162619221947,-0.06829404506339906,-0.03531765296661491,-0.03531765296661491
2009-02-28,-0.07585204234341902,-0.07590488356884324,-0.07611624847054015,-0.025886377279311118,-0.025886377279311118
2009-03-31,0.02546687156940662,0.025454661574118218,0.025405821592964613,0.0478104141949382,0.0478104141949382
2009-04-30,-0.052290229277608846,-0.05231059525418588,-0.05239205916049403,0.03920567666011069,0.03920567666011069
2009-05-31,-0.006923801969240546,-0.006933762151201929,-0.0069736028790474604,0.06773437433035581,0.06773437433035581
2009-06-30,-0.02030842445427053,-0.02032020817465591,-0.020367343056197442,-0.0025001108537048783,-0.0025001108537048783
2009-07-31,0.0125144854712308,0.012512384467245228,0.012503980451302944,0.045666306938812996,0.045666306938812996
2009-08-31,0.0301430066874348,0.03014139075503073,0.03013492702541445,0.019838179741886258,0.019838179741886258
2009-09-30,0.03064084943791206,0.030633740462105763,0.030605304558880587,0.028278477497445758,0.028278477497445758
2009-10-31,-0.0017226632456468606,-0.001724249909768494,-0.0017305965662550275,0.0016581521299650018,0.0016581521299650018
2009-11-30,0.06486049707471937,0.06485983505217027,0.06485718696197387,0.031171546018451197,0.031171546018451197
2009-12-31,-0.1147839744962636,-0.11478963511825105,-0.11481227760620083,0.0012132283118943786,0.0012132283118943786
2010-01-31,0.06193938273746313,0.06190873163034655,0.06178612720188021,-0.028330881441253015,-0.028330881441253015
2010-02-28,0.01143328018542412,0.011430219335991079,0.01141797593825892,0.017923055053307723,0.017923055053307723
2010-03-31,-0.05385838424496743,-0.05386104286400191,-0.05387167734013984,0.03079036377195176,0.03079036377195176
2010-04-30,0.035868211618587616,0.03586329210303108,0.03584361404080496,0.008006981664110051,0.008006981664110051
2010-05-31,0.08426936577782321,0.08426802095962888,0.08426264168685153,-0.036099686256701166,-0.036099686256701166
2010-06-30,0.07349193665148118,0.07348386282094689,0.07345156749880975,-0.002927570696521146,-0.002927570696521146
2010-07-31,0.010351132258374992,0.010348136578648796,0.010336153859744013,0.028922421085604652,0.028922421085604652
2010-08-31,0.08667792815382232,0.08665762335061994,0.08657640413781043,-0.0038199177793272255,-0.0038199177793272255
2010-09-30,-0.020647008155286587,-0.020671816421679076,-0.020771049487249026,0.050552403930030555,0.050552403930030555
2010-10-31,-0.005414390776473113,-0.005417160126823811,-0.0054282375282266,0.021181473034883207,0.021181473034883207
2010-11-30,-0.01223571736792313,-0.012236890616335268,-0.01224158360998382,0.010153910817633085,0.010153910817633085
2010-12-31,-0.05343666996571838,-0.05344698850016953,-0.05348826263797414,0.031881058646157874,0.031881058646157874
2011-01-31,-0.021247381774203124,-0.021254447371246845,-0.021282709759421724,-0.0037497700481924972,-0.0037497700481924972
2011-02-28,0.006264397277453154,0.00625843677820938,0.006234594781234282,0.02826887760232547,0.02826887760232547
2011-03-31,-0.02030939612988791,-0.020310283246070322,-0.02031383171079998,0.004139979282038009,0.004139979282038009
2011-04-30,0.03769439231018141,0.03769282629748625,0.0376865622467056,0.03832386482163009,0.03832386482163009
2011-05-31,0.05425420972667956,0.05424377829276397,0.05420205255710162,-0.02054913617954201,-0.02054913617954201
2011-06-30,-0.026306869589537624,-0.026326721441052917,-0.026406128847114085,-0.01717485167692951,-0.01717485167692951
2011-07-31,0.08821113933932254,0.08819150042874917,0.08811294478645572,0.017245992317577626,0.017245992317577626
2011-08-31,0.10506102476701856,0.10505311505430126,0.10502147620343207,-0.020173171911349912,-0.020173171911349912
2011-09-30,0.06326048781920415,0.06324656027230761,0.06319085008472144,-0.06112454111259141,-0.06112454111259141
2011-10-31,-0.02413313645650507,-0.02420255748595762,-0.02448024160376782,0.06508226036591569,0.06508226036591569
2011-11-30,0.0167394895911736,0.01667943771489706,0.016439230209790896,-0.014626577919248328,-0.014626577919248328
2011-12-31,0.034047230044308215,0.03398332238854687,0.033727691765501486,-0.014335351806640554,-0.014335351806640554
2012-01-31,0.03570294699491289,0.035673517582129846,0.03555579993099768,0.049200760833845315,0.049200760833845315
2012-02-29,-0.05813313618520248,-0.05816845754121868,-0.05830974296528349,0.023972155027444816,0.023972155027444816
2012-03-31,-0.06419698422202436,-0.06420599672746592,-0.06424204674923222,-0.00969234414878789,-0.00969234414878789
2012-04-30,0.07738000039534206,0.07734237625866996,0.07719187971198158,0.0015244447804453338,0.0015244447804453338
2012-05-31,0.09632157771197011,0.09630945604995926,0.09626096940191584,-0.05252589739965369,-0.05252589739965369
2012-06-30,-0.0244985838982477,-0.024519905089263872,-0.024605189853328564,0.014049992173805993,0.014049992173805993
2012-07-31,0.058940213633268006,0.058937483072636764,0.058926560830111795,0.012746227221504747,0.012746227221504747
2012-08-31,-0.020086291448297718,-0.02008926951235593,-0.020101181768588775,0.020687769204128945,0.020687769204128945
2012-09-30,-0.007761769546335536,-0.0077650708268111705,-0.007778275948713711,0.021706107967748765,0.021706107967748765
2012-10-31,-0.021671304342087454,-0.02168083845990394,-0.02171897493116987,-0.013403822633542738,-0.013403822633542738
2012-11-30,0.009002574854886647,0.00898542276937394,0.008916814427323108,0.011430218730091575,0.011430218730091575
2012-12-31,-0.04830509472270379,-0.04832927928019358,-0.04842601751015274,0.003300473421770807,0.003300473421770807
2013-01-31,-0.08260581853200122,-0.08263791092770359,-0.08276628051051307,0.018583525989317475,0.018583525989317475
2013-02-28,0.022029109432033074,0.022016043742706506,0.021963780985400232,-0.010475676459305213,-0.010475676459305213
2013-03-31,-0.0023477913786893673,-0.002363063074193878,-0.002424149856211921,0.00551986259683597,0.00551986259683597
2013-04-30,0.031061217593290318,0.031049028738610897,0.031000273319893218,-0.0015247767711392974,-0.0015247767711392974
2013-05-31,-0.11450053091658491,-0.11450923593485461,-0.11454405600793345,-0.012314341682075645,-0.012314341682075645
2013-06-30,-0.049280882270989264,-0.049305027139051806,-0.049401606611301975,-0.030723348967386266,-0.030723348967386266
2013-07-31,-0.0248524143242483,-0.024873131756362358,-0.024956001484818576,0.02687678262179404,0.02687678262179404
2013-08-31,-0.012033463095894988,-0.012044190283173602,-0.012087099032288063,0.011744027180255578,0.011744027180255578
2013-09-30,0.04334355575198377,0.043322241291607416,0.04323698345010198,0.012285703349937019,0.012285703349937019
2013-10-31,0.017707647476133914,0.017694306204507654,0.017640941118002615,0.010531398619846836,0.010531398619846836
2013-11-30,-0.03000635714001406,-0.030010013184826278,-0.03002463736407514,-0.0037349525257985247,-0.0037349525257985247
2013-12-31,-0.06235011079739668,-0.062361544686013216,-0.06240728024047937,0.004960092732754267,0.004960092732754267
2014-01-31,0.0907181996965963,0.09070949719846247,0.09067468720592714,-0.011454102885996315,-0.011454102885996315
2014-02-28,0.002659742285953205,0.0026472069214831372,0.002597065463602866,0.028289661293302355,0.028289661293302355
2014-03-31,-0.012758068081693297,-0.012760988967682891,-0.012772672511641265,-0.015042805986544892,-0.015042805986544892
2014-04-30,0.0207969103125401,0.02079228137732397,0.020773765636459447,-2.6288857188484327e-06,-2.6288857188484327e-06
2014-05-31,0.05044523092922258,0.050399144190681665,0.050214797236517984,0.012295786494388441,0.012295786494388441
2014-06-30,-0.002352639155611745,-0.0023570813519115733,-0.0023748501371108855,0.01634264703108003,0.01634264703108003
2014-07-31,0.0038029285520003696,0.0037598490114144727,0.003587530849070885,-0.0034686298494106104,-0.0034686298494106104
2014-08-31,0.04826120763380778,0.04821297882901932,0.048020063609865514,0.0025880410160822025,0.0025880410160822025
2014-09-30,-0.04740379662288539,-0.04744456982832089,-0.04760766265006289,-0.02958776816584066,-0.02958776816584066
2014-10-31,0.056338181993442885,0.056270263639244006,0.05599859022244849,-0.0001489022860592631,-0.0001489022860592631
2014-11-30,0.01950632079026874,0.019493045998198094,0.019439946829915504,-0.007170482024189025,-0.007170482024189025
2014-12-31,0.021014045609912973,0.021001752705627742,0.020952581088486816,-0.013140073764146016,-0.013140073764146016
2015-01-31,0.17229139111466718,0.17228743498978985,0.17227161049028047,0.015267648231457978,0.015267648231457978
2015-02-28,-0.060530837123969325,-0.06060912842340131,-0.06092229362112926,0.014858292514064,0.014858292514064
2015-03-31,0.03124820695330656,0.031207722195411392,0.031045783163830717,-0.0031007012720473673,-0.0031007012720473673
2015-04-30,-0.04050571866643866,-0.04051907266344369,-0.040572488651463824,0.021849552618730665,0.021849552618730665
2015-05-31,-0.006508074847681768,-0.006529612004842764,-0.0066157606334867475,0.0008217580972126768,0.0008217580972126768
2015-06-30,-0.05975588870188012,-0.059839452946626105,-0.06017370992561007,-0.024017183538481323,-0.024017183538481323
2015-07-31,0.0649114198245403,0.06484427879585798,0.06457571468112873,-0.01572631633368594,-0.01572631633368594
2015-08-31,-0.017521100038986853,-0.017550750966025278,-0.01766935467417898,-0.027779555042759984,-0.027779555042759984
2015-09-30,0.036222858982622314,0.036154171213194836,0.03587942013548493,-0.02005344459816286,-0.02005344459816286
2015-10-31,-0.017710166560801162,-0.017780342001208767,-0.01806104376283918,0.03639075816297165,0.03639075816297165
2015-11-30,-0.005126303203988424,-0.00515460173317226,-0.005267795849907605,-0.021629082063855855,-0.021629082063855855
2015-12-31,-0.006674149696417652,-0.00668259262809997,-0.006716364354829241,-0.01160719117777069,-0.01160719117777069
2016-01-31,0.08860030322436466,0.08857499454582546,0.08847375983166864,-0.022982468514346228,-0.022982468514346228
2016-02-29,0.037037564624617644,0.03698620570572368,0.03678077003014783,0.0031085470559628053,0.0031085470559628053
2016-03-31,0.0032578782852875285,0.003195001509895142,0.002943494408325597,0.034307213143985285,0.034307213143985285
2016-04-30,-0.0012213288786073473,-0.0012980134545526596,-0.0016047517583339089,0.028421179125786428,0.028421179125786428
2016-05-31,0.018096899958771225,0.01806087686042953,0.017916784467062755,-0.0031632297114397244,-0.0031632297114397244
2016-06-30,0.12979271327956934,0.12969418776204128,0.12930008569192897,0.013545671652113338,0.013545671652113338
2016-07-31,0.003624634895893892,0.0035812610005409857,0.003407765419129362,0.01955216704478794,0.01955216704478794
2016-08-31,-0.014815163050914407,-0.014833530387869599,-0.014906999735690362,-0.0011630102950717035,-0.0011630102950717035
2016-09-30,-0.013615647464821024,-0.013618533159436558,-0.0136300759378987,0.009826103732422375,0.009826103732422375
2016-10-31,-0.07122153791092758,-0.0712289483901819,-0.07125859030719915,-0.015948281139653974,-0.015948281139653974
2016-11-30,-0.13196369283839185,-0.13207892189731676,-0.13253983813301645,-0.00037180997386584763,-0.00037180997386584763
2016-12-31,-0.0209987678008204,-0.02105625170967343,-0.02128618734508555,0.007884022908408216,0.007884022908408216
2017-01-31,-0.003657262462220064,-0.0036723400902330793,-0.0037326506022851403,0.020272442516689564,0.020272442516689564
2017-02-28,0.036386011832937076,0.03633357096185625,0.03612380747753296,0.016830508975639404,0.016830508975639404
2017-03-31,-0.008460351723216668,-0.008467525952366758,-0.008496222868967116,-8.706916616787151e-05,-8.706916616787151e-05
2017-04-30,0.03898336512185883,0.03897630521111481,0.03894806556813875,0.0033291658027423455,0.0033291658027423455
2017-05-31,0.02032737010213667,0.020324751984266216,0.020314279512784396,0.008426521541718659,0.008426521541718659
2017-06-30,-0.019536495846195386,-0.019549449842010284,-0.019601265825269873,-0.005318790193011544,-0.005318790193011544
2017-07-31,-0.005463905196088714,-0.005468694299116641,-0.005487850711228351,0.01707059280305225,0.01707059280305225
2017-08-31,0.047491816011943085,0.0474851462551671,0.047458467228063156,0.009367278125274197,0.009367278125274197
2017-09-30,-0.045088148444361514,-0.0450919972161363,-0.04510739230323542,0.002086624195128506,0.002086624195128506
2017-10-31,-0.004641701560401248,-0.004669545283025221,-0.0047809201735211125,0.017954702349222397,0.017954702349222397
2017-11-30,-0.012183381595388417,-0.012190981387204324,-0.012221380554467951,0.007846422028707438,0.007846422028707438
2017-12-31,0.0012663255526388635,0.0012497625499633216,0.0011835105392611542,0.01721258621652258,0.01721258621652258
2018-01-31,-0.052190219429759446,-0.05222016110165148,-0.052339927789219615,0.01858555449054765,0.01858555449054765
2018-02-28,-0.041353621867680226,-0.04146973000457903,-0.041934162552174234,-0.0255888575484584,-0.0255888575484584
2018-03-31,0.049976582664336563,0.04987364933856695,0.0494619160354885,-0.006132794419109867,-0.006132794419109867
2018-04-30,-0.06093316201622413,-0.06094530421069346,-0.060993872988570765,0.011108550727205136,0.011108550727205136
2018-05-31,0.04020818058265785,0.04016616828947237,0.039998119116730464,0.002535169088849863,0.002535169088849863
2018-06-30,-0.01868640012869404,-0.018695472007935816,-0.01873175952490292,-0.002830577044916528,-0.002830577044916528
2018-07-31,-0.03556999671232397,-0.03567306163005699,-0.03608532130098908,-0.004086586523057834,-0.004086586523057834
2018-08-31,0.039868707458338044,0.03977903208529967,0.03942033059314618,-0.005557801501111594,-0.005557801501111594
2018-09-30,-0.08263342909218609,-0.0826962055810624,-0.08294731153656767,0.0033057429328633976,0.0033057429328633976
2018-10-31,-0.04503665996145532,-0.04508556904100503,-0.04528120535920388,-0.04276131409957298,-0.04276131409957298
2018-11-30,0.050115649246411584,0.05002349554331799,0.049654880730943624,-0.005392789890052855,-0.005392789890052855
2018-12-31,0.11672476786961179,0.11669647725557174,0.1165833147994115,-0.017807224385411203,-0.017807224385411203
2019-01-31,0.029970758289989633,0.02989728810762852,0.029603407378184076,0.04440215167772148,0.04440215167772148
2019-02-28,-0.0296979212286831,-0.029785718762160955,-0.030136908896072387,0.015149270585208615,0.015149270585208615
2019-03-31,0.09320640300081959,0.09319703000822334,0.09315953803783836,0.008650193803239675,0.008650193803239675
2019-04-30,-0.03702208848481353,-0.03709598718075659,-0.037391581964528825,0.013918009854626878,0.013918009854626878
2019-05-31,0.1308948153032381,0.1308821737539542,0.13083160755681855,-0.029186325690251147,-0.029186325690251147
2019-06-30,0.04677377720730792,0.04669276472951257,0.046368714818331165,0.03711400405319952,0.03711400405319952
2019-07-31,-0.0026080343237973548,-0.0026643802071990895,-0.0028897637408060286,0.004022976570390603,0.004022976570390603
2019-08-31,0.1957995335745543,0.19576930486924582,0.19564839004801193,0.0016192888420119137,0.0016192888420119137
2019-09-30,-0.059682247438126786,-0.05979300750898673,-0.06023604779242651,-0.0006988319439167653,-0.0006988319439167653
2019-10-31,-0.007517556381587528,-0.007587263295142825,-0.007866090949364012,0.017025620077989502,0.017025620077989502
2019-11-30,-0.01856874164313636,-0.01867053965607991,-0.0190777317078541,0.00280419980297471,0.00280419980297471
2019-12-31,-0.049756474507871504,-0.04984741365460347,-0.050211170241531315,0.020509626926262847,0.020509626926262847
2020-01-31,0.14142538255227116,0.14138445224178542,0.1412207309998424,-0.007877620912341761,-0.007877620912341761
2020-02-29,0.1093073356750366,0.10924280038881015,0.10898465924390437,-0.03370005787576139,-0.03370005787576139
2020-03-31,0.13802602849432713,0.13799036711586796,0.1378477216020312,-0.08916841546989787,-0.08916841546989787
2020-04-30,0.043044403224209535,0.042987619631397904,0.042760485260151374,0.0834752990400521,0.0834752990400521
2020-05-31,-0.012720489238960317,-0.012724548776578378,-0.01274078692705063,0.07813559697298765,0.07813559697298765
2020-06-30,0.0039502052289511706,0.003915816562319158,0.003778261895791109,0.029549249079982413,0.029549249079982413
2020-07-31,0.08367186877065223,0.08366859843106135,0.08365551707269783,0.04015892345720854,0.04015892345720854
2020-08-31,-0.0661162902008176,-0.06613557281851482,-0.06621270328930368,0.0312483006676495,0.0312483006676495
2020-09-30,-0.0009677522740131176,-0.000982043845456018,-0.0010392101312276195,-0.029778929496494005,-0.029778929496494005
2020-10-31,-0.0378069584276846,-0.03784480571221237,-0.037996194850323455,-0.01736705140697967,-0.01736705140697967
2020-11-30,0.002383951229812405,0.00237122495408741,0.0023203198511874312,0.06610691074732088,0.06610691074732088
2020-12-31,-0.002163493125443159,-0.002187621296755844,-0.002284133982006585,0.032644469637063356,0.032644469637063356
2021-01-31,-0.05312798703188591,-0.053134109987841974,-0.053158601811666234,0.001959984413775244,0.001959984413775244
2021-02-28,-0.10233533179685937,-0.10234836457927379,-0.10240049570893149,0.015915090412083003,0.015915090412083003
2021-03-31,-0.0710084221557237,-0.0710345630727219,-0.07113912674071475,-0.006188666910680963,-0.006188666910680963
2021-04-30,0.03604518577868837,0.03603122201785733,0.03597536697453314,0.030729426085215936,0.030729426085215936
2021-05-31,0.00841898827264161,0.008409307088632608,0.008370582352596597,0.01769878285174674,0.01769878285174674
2021-06-30,0.03028394945942802,0.030275464337903155,0.030241523851803696,0.0008513593880932248,0.0008513593880932248
2021-07-31,0.053510313670987256,0.053500692667853934,0.053462208655320656,0.0014664631794306967,0.0014664631794306967
2021-08-31,-0.014151684155439666,-0.014153529861007682,-0.014160912683279743,-0.00281888050541987,-0.00281888050541987
2021-09-30,-0.05646195916699662,-0.056463604267762604,-0.05647018467082657,-0.019836958549739304,-0.019836958549739304
2021-10-31,9.454667835753425e-05,9.04759714113978e-05,7.419314362685206e-05,0.029712696346452266,0.029712696346452266
2021-11-30,0.029409846074617864,0.0294004067715359,0.029362649559208046,-0.02626775256631829,-0.02626775256631829
2021-12-31,-0.027175513875520918,-0.02718349363595424,-0.027215412677687532,0.022547709683166776,0.022547709683166776
2022-01-31,-0.06188032336757215,-0.06188960167914562,-0.06192671492543948,-0.015416622000538107,-0.015416622000538107
2022-02-28,-0.008291058787231628,-0.008304627559819384,-0.00835890265017041,0.0028345084078417,0.0028345084078417
2022-03-31,-0.12740566753484894,-0.12740827607784747,-0.12741871024984153,0.008012147690183142,0.008012147690183142
2022-04-30,-0.13612334587630193,-0.1361553958433067,-0.13628359571132578,-0.041675570622348425,-0.041675570622348425
2022-05-31,0.011171562535640937,0.011132683336566257,0.010977166540267534,0.001711190590216793,0.001711190590216793
2022-06-30,-0.0458042464252602,-0.045820513010524554,-0.04588557935158195,-0.048528237149128094,-0.048528237149128094
2022-07-31,0.06182254001925451,0.061811114372415175,0.06176541178505783,0.01592441892745121,0.01592441892745121
2022-08-31,-0.08643545687658837,-0.08644740110746894,-0.08649517803099124,-0.03285911612500376,-0.03285911612500376
2022-09-30,-0.13236537583017313,-0.1324077477871909,-0.13257723561526186,-0.052190626003677874,-0.052190626003677874
2022-10-31,-0.0685085803290072,-0.06855300643291214,-0.06873071084853191,0.011630406829723413,0.011630406829723413
2022-11-30,0.07551413360419912,0.07549275457319414,0.0754072384491742,0.056122565341548664,0.056122565341548664
2022-12-31,-0.012266340616941322,-0.012313591861862098,-0.012502596841545201,-0.0030281624158827345,-0.0030281624158827345
2023-01-31,0.06637773270561223,0.06636577012474544,0.06631791980127828,0.0449385932864929,0.0449385932864929
2023-02-28,-0.07806622928413574,-0.07808627814334067,-0.07816647358016038,-0.028726866757629234,-0.028726866757629234
2023-03-31,0.07566370810953019,0.07563350134015732,0.07551267426266589,0.027541453982534117,0.027541453982534117
2023-04-30,0.004404642587816088,0.0043060715515528,0.003911787406499647,0.00596895540164796,0.00596895540164796
2023-05-31,-0.03276943272623663,-0.03279638927486794,-0.03290421546939322,-0.022963226253754267,-0.022963226253754267
2023-06-30,-0.08692779004410825,-0.08699871493968123,-0.08728241452197316,0.014614798464053261,0.014614798464053261
2023-07-31,-0.039929184147927996,-0.039940047654965144,-0.03998350168311375,0.030496876679780908,0.030496876679780908
2023-08-31,-0.012309941097282208,-0.012364299457400661,-0.012581732897874471,-0.02063030123415891,-0.02063030123415891
2023-09-30,-0.07395807800556664,-0.07401190607216102,-0.07422721833853853,-0.026750401577253807,-0.026750401577253807
2023-10-31,0.013969597405571327,0.013934620383518805,0.01379471229530872,-0.018761921422557885,-0.018761921422557885
2023-11-30,0.046560460704159014,0.046517993175903924,0.04634812306288357,0.042649891299804975,0.042649891299804975
2023-12-31,0.04730417491754779,0.04714517979842343,0.04650919932192595,0.018168421995626804,0.018168421995626804
2024-01-31,0.014341236336243133,0.014283242258794052,0.014051265948997731,-0.0022994062775907073,-0.0022994062775907073
2024-02-29,-0.03949648593219251,-0.039499998449813306,-0.03951404852029651,0.012057604754864766,0.012057604754864766
2024-03-31,-0.009367443624181678,-0.009400640619241845,-0.009533428599482517,0.026608616474391392,0.026608616474391392
2024-04-30,-0.08052648330603195,-0.08058343717142046,-0.08081125263297452,-0.0018487645747181773,-0.0018487645747181773
2024-05-31,-0.033774523695248505,-0.033840723477722955,-0.034105522607620745,0.019398181066113674,0.019398181066113674
2024-06-30,0.01516686547583044,0.015094601223290472,0.014805544213130604,0.004261346317925013,0.004261346317925013
2024-07-31,0.047909439639394646,0.04786783294671274,0.04770140617598514,0.005335285571219834,0.005335285571219834
2024-08-31,0.024347309670929473,0.024300869057809878,0.024115106605331504,0.009984415910867102,0.009984415910867102
2024-09-30,-0.052381899750350444,-0.052423636283140736,-0.05259058241430191,0.024271442798076148,0.024271442798076148
2024-10-31,-0.05885165860094853,-0.05892275057496101,-0.05920711847101096,-0.012218391755921328,-0.012218391755921328
2024-11-30,-0.0010220106589083969,-0.0011049048646233147,-0.0014364816874829858,-0.0006564758921186262,-0.0006564758921186262
2024-12-31,0.010367441821199488,0.010310842806170584,0.010084446746054968,-0.008947013018820244,-0.008947013018820244
2025-01-31,-0.0033945043453685324,-0.003447186913711687,-0.003657917187084306,0.02815129601657848,0.02815129601657848
2025-02-28,-0.021456954109765,-0.02152968612001529,-0.02182061416101645,0.008756946510346987,0.008756946510346987
2025-03-31,0.0017465482588014869,0.0017394827768872276,0.0017112208492301906,0.006036590155569967,0.006036590155569967
2025-04-30,-0.03680964895367754,-0.03683781113549157,-0.03695045986274766,-0.00918181002942306,-0.00918181002942306
2025-05-31,-0.0363046897086559,-0.03644117339189057,-0.03698710812482924,0.022071606143283747,0.022071606143283747
2025-06-30,0.022682944131690825,0.022648791817262877,0.02251218255955109,0.02953201695022137,0.02953201695022137
2025-07-31,-0.003837542311334794,-0.003918041928234062,-0.004240040395831135,0.001413753521888402,0.001413753521888402
2025-08-31,0.0005204024317426743,0.00047782871778003194,0.0003075338619294626,0.015997301843455193,0.015997301843455193
2025-09-30,-0.05950944773406355,-0.059613061773178246,-0.06002751792963701,0.029593054427455977,0.029593054427455977
2025-10-31,0.07965936412994094,0.07951892937684761,0.0789571903644743,0.01779023394168196,0.01779023394168196
2025-11-30,-0.03696951410869026,-0.037043326249327935,-0.03733857481187864,0.0072759752043299935,0.0072759752043299935
2025-12-31,-0.05437706277942289,-0.05447627431585538,-0.05487312046158536,0.019755018607925705,0.019755018607925705
2026-01-31,0.049300442436510945,0.04918213995762922,0.048708930042102305,0.03487450479029475,0.03487450479029475
2026-02-28,0.02380446772202975,0.023640941880298628,0.022986838513374134,0.029793236704019725,0.029793236704019725
2026-03-31,0.028416647304080556,0.0282605948096822,0.027636384832088773,-0.030589480777566052,-0.030589480777566052
2026-04-30,-0.02237683257524544,-0.02254299617016031,-0.02320765054981978,0.03580761612689222,0.03580761612689222
2026-05-31,-0.10091912858822771,-0.1009559731780689,-0.1011033515374336,0.010796229343002683,0.010796229343002683
2026-06-30,-0.038165395195558005,-0.03826792343160474,-0.038678036375791675,-0.035353681394278406,-0.035353681394278406
