date,n_elig,betaL,betaH,rho,rho_clipped_low,rho_clipped_high,off_spread,off_count,book_beta
1927-12-31,0.0,,,,,,,1.0,
1928-01-31,0.0,,,,,,,1.0,
1928-02-29,0.0,,,,,,,1.0,
1928-03-31,0.0,,,,,,,1.0,
1928-04-30,0.0,,,,,,,1.0,
1928-05-31,0.0,,,,,,,1.0,
1928-06-30,0.0,,,,,,,1.0,
1928-07-31,0.0,,,,,,,1.0,
1928-08-31,0.0,,,,,,,1.0,
1928-09-30,0.0,,,,,,,1.0,
1928-10-31,0.0,,,,,,,1.0,
1928-11-30,0.0,,,,,,,1.0,
1928-12-31,0.0,,,,,,,1.0,
1929-01-31,0.0,,,,,,,1.0,
1929-02-28,0.0,,,,,,,1.0,
1929-03-31,0.0,,,,,,,1.0,
1929-04-30,0.0,,,,,,,1.0,
1929-05-31,0.0,,,,,,,1.0,
1929-06-30,0.0,,,,,,,1.0,
1929-07-31,0.0,,,,,,,1.0,
1929-08-31,0.0,,,,,,,1.0,
1929-09-30,0.0,,,,,,,1.0,
1929-10-31,0.0,,,,,,,1.0,
1929-11-30,0.0,,,,,,,1.0,
1929-12-31,0.0,,,,,,,1.0,
1930-01-31,0.0,,,,,,,1.0,
1930-02-28,0.0,,,,,,,1.0,
1930-03-31,0.0,,,,,,,1.0,
1930-04-30,0.0,,,,,,,1.0,
1930-05-31,0.0,,,,,,,1.0,
1930-06-30,0.0,,,,,,,1.0,
1930-07-31,0.0,,,,,,,1.0,
1930-08-31,0.0,,,,,,,1.0,
1930-09-30,0.0,,,,,,,1.0,
1930-10-31,0.0,,,,,,,1.0,
1930-11-30,0.0,,,,,,,1.0,
1930-12-31,0.0,,,,,,,1.0,
1931-01-31,0.0,,,,,,,1.0,
1931-02-28,0.0,,,,,,,1.0,
1931-03-31,0.0,,,,,,,1.0,
1931-04-30,0.0,,,,,,,1.0,
1931-05-31,0.0,,,,,,,1.0,
1931-06-30,0.0,,,,,,,1.0,
1931-07-31,0.0,,,,,,,1.0,
1931-08-31,0.0,,,,,,,1.0,
1931-09-30,0.0,,,,,,,1.0,
1931-10-31,0.0,,,,,,,1.0,
1931-11-30,0.0,,,,,,,1.0,
1931-12-31,0.0,,,,,,,1.0,
1932-01-31,0.0,,,,,,,1.0,
1932-02-29,0.0,,,,,,,1.0,
1932-03-31,0.0,,,,,,,1.0,
1932-04-30,0.0,,,,,,,1.0,
1932-05-31,0.0,,,,,,,1.0,
1932-06-30,0.0,,,,,,,1.0,
1932-07-31,0.0,,,,,,,1.0,
1932-08-31,0.0,,,,,,,1.0,
1932-09-30,0.0,,,,,,,1.0,
1932-10-31,0.0,,,,,,,1.0,
1932-11-30,1.0,,,,,,,1.0,
1932-12-31,1.0,,,,,,,1.0,
1933-01-31,1.0,,,,,,,1.0,
1933-02-28,1.0,,,,,,,1.0,
1933-03-31,1.0,,,,,,,1.0,
1933-04-30,1.0,,,,,,,1.0,
1933-05-31,1.0,,,,,,,1.0,
1933-06-30,1.0,,,,,,,1.0,
1933-07-31,1.0,,,,,,,1.0,
1933-08-31,1.0,,,,,,,1.0,
1933-09-30,1.0,,,,,,,1.0,
1933-10-31,1.0,,,,,,,1.0,
1933-11-30,1.0,,,,,,,1.0,
1933-12-31,1.0,,,,,,,1.0,
1934-01-31,1.0,,,,,,,1.0,
1934-02-28,1.0,,,,,,,1.0,
1934-03-31,1.0,,,,,,,1.0,
1934-04-30,1.0,,,,,,,1.0,
1934-05-31,1.0,,,,,,,1.0,
1934-06-30,1.0,,,,,,,1.0,
1934-07-31,1.0,,,,,,,1.0,
1934-08-31,1.0,,,,,,,1.0,
1934-09-30,1.0,,,,,,,1.0,
1934-10-31,1.0,,,,,,,1.0,
1934-11-30,1.0,,,,,,,1.0,
1934-12-31,1.0,,,,,,,1.0,
1935-01-31,1.0,,,,,,,1.0,
1935-02-28,1.0,,,,,,,1.0,
1935-03-31,1.0,,,,,,,1.0,
1935-04-30,1.0,,,,,,,1.0,
1935-05-31,1.0,,,,,,,1.0,
1935-06-30,1.0,,,,,,,1.0,
1935-07-31,1.0,,,,,,,1.0,
1935-08-31,1.0,,,,,,,1.0,
1935-09-30,1.0,,,,,,,1.0,
1935-10-31,1.0,,,,,,,1.0,
1935-11-30,1.0,,,,,,,1.0,
1935-12-31,1.0,,,,,,,1.0,
1936-01-31,1.0,,,,,,,1.0,
1936-02-29,1.0,,,,,,,1.0,
1936-03-31,1.0,,,,,,,1.0,
1936-04-30,1.0,,,,,,,1.0,
1936-05-31,1.0,,,,,,,1.0,
1936-06-30,1.0,,,,,,,1.0,
1936-07-31,1.0,,,,,,,1.0,
1936-08-31,1.0,,,,,,,1.0,
1936-09-30,1.0,,,,,,,1.0,
1936-10-31,1.0,,,,,,,1.0,
1936-11-30,1.0,,,,,,,1.0,
1936-12-31,1.0,,,,,,,1.0,
1937-01-31,1.0,,,,,,,1.0,
1937-02-28,1.0,,,,,,,1.0,
1937-03-31,1.0,,,,,,,1.0,
1937-04-30,1.0,,,,,,,1.0,
1937-05-31,1.0,,,,,,,1.0,
1937-06-30,1.0,,,,,,,1.0,
1937-07-31,1.0,,,,,,,1.0,
1937-08-31,1.0,,,,,,,1.0,
1937-09-30,1.0,,,,,,,1.0,
1937-10-31,1.0,,,,,,,1.0,
1937-11-30,1.0,,,,,,,1.0,
1937-12-31,1.0,,,,,,,1.0,
1938-01-31,1.0,,,,,,,1.0,
1938-02-28,1.0,,,,,,,1.0,
1938-03-31,1.0,,,,,,,1.0,
1938-04-30,1.0,,,,,,,1.0,
1938-05-31,1.0,,,,,,,1.0,
1938-06-30,1.0,,,,,,,1.0,
1938-07-31,1.0,,,,,,,1.0,
1938-08-31,1.0,,,,,,,1.0,
1938-09-30,1.0,,,,,,,1.0,
1938-10-31,1.0,,,,,,,1.0,
1938-11-30,1.0,,,,,,,1.0,
1938-12-31,1.0,,,,,,,1.0,
1939-01-31,1.0,,,,,,,1.0,
1939-02-28,1.0,,,,,,,1.0,
1939-03-31,1.0,,,,,,,1.0,
1939-04-30,1.0,,,,,,,1.0,
1939-05-31,1.0,,,,,,,1.0,
1939-06-30,1.0,,,,,,,1.0,
1939-07-31,1.0,,,,,,,1.0,
1939-08-31,1.0,,,,,,,1.0,
1939-09-30,1.0,,,,,,,1.0,
1939-10-31,1.0,,,,,,,1.0,
1939-11-30,1.0,,,,,,,1.0,
1939-12-31,1.0,,,,,,,1.0,
1940-01-31,1.0,,,,,,,1.0,
1940-02-29,1.0,,,,,,,1.0,
1940-03-31,1.0,,,,,,,1.0,
1940-04-30,1.0,,,,,,,1.0,
1940-05-31,1.0,,,,,,,1.0,
1940-06-30,1.0,,,,,,,1.0,
1940-07-31,1.0,,,,,,,1.0,
1940-08-31,1.0,,,,,,,1.0,
1940-09-30,1.0,,,,,,,1.0,
1940-10-31,1.0,,,,,,,1.0,
1940-11-30,1.0,,,,,,,1.0,
1940-12-31,1.0,,,,,,,1.0,
1941-01-31,1.0,,,,,,,1.0,
1941-02-28,1.0,,,,,,,1.0,
1941-03-31,1.0,,,,,,,1.0,
1941-04-30,1.0,,,,,,,1.0,
1941-05-31,1.0,,,,,,,1.0,
1941-06-30,1.0,,,,,,,1.0,
1941-07-31,1.0,,,,,,,1.0,
1941-08-31,1.0,,,,,,,1.0,
1941-09-30,1.0,,,,,,,1.0,
1941-10-31,1.0,,,,,,,1.0,
1941-11-30,1.0,,,,,,,1.0,
1941-12-31,1.0,,,,,,,1.0,
1942-01-31,1.0,,,,,,,1.0,
1942-02-28,1.0,,,,,,,1.0,
1942-03-31,1.0,,,,,,,1.0,
1942-04-30,1.0,,,,,,,1.0,
1942-05-31,1.0,,,,,,,1.0,
1942-06-30,1.0,,,,,,,1.0,
1942-07-31,1.0,,,,,,,1.0,
1942-08-31,1.0,,,,,,,1.0,
1942-09-30,1.0,,,,,,,1.0,
1942-10-31,1.0,,,,,,,1.0,
1942-11-30,1.0,,,,,,,1.0,
1942-12-31,1.0,,,,,,,1.0,
1943-01-31,1.0,,,,,,,1.0,
1943-02-28,1.0,,,,,,,1.0,
1943-03-31,1.0,,,,,,,1.0,
1943-04-30,1.0,,,,,,,1.0,
1943-05-31,1.0,,,,,,,1.0,
1943-06-30,1.0,,,,,,,1.0,
1943-07-31,1.0,,,,,,,1.0,
1943-08-31,1.0,,,,,,,1.0,
1943-09-30,1.0,,,,,,,1.0,
1943-10-31,1.0,,,,,,,1.0,
1943-11-30,1.0,,,,,,,1.0,
1943-12-31,1.0,,,,,,,1.0,
1944-01-31,1.0,,,,,,,1.0,
1944-02-29,1.0,,,,,,,1.0,
1944-03-31,1.0,,,,,,,1.0,
1944-04-30,1.0,,,,,,,1.0,
1944-05-31,1.0,,,,,,,1.0,
1944-06-30,1.0,,,,,,,1.0,
1944-07-31,1.0,,,,,,,1.0,
1944-08-31,1.0,,,,,,,1.0,
1944-09-30,1.0,,,,,,,1.0,
1944-10-31,1.0,,,,,,,1.0,
1944-11-30,1.0,,,,,,,1.0,
1944-12-31,1.0,,,,,,,1.0,
1945-01-31,1.0,,,,,,,1.0,
1945-02-28,1.0,,,,,,,1.0,
1945-03-31,1.0,,,,,,,1.0,
1945-04-30,1.0,,,,,,,1.0,
1945-05-31,1.0,,,,,,,1.0,
1945-06-30,1.0,,,,,,,1.0,
1945-07-31,1.0,,,,,,,1.0,
1945-08-31,1.0,,,,,,,1.0,
1945-09-30,1.0,,,,,,,1.0,
1945-10-31,1.0,,,,,,,1.0,
1945-11-30,1.0,,,,,,,1.0,
1945-12-31,1.0,,,,,,,1.0,
1946-01-31,1.0,,,,,,,1.0,
1946-02-28,1.0,,,,,,,1.0,
1946-03-31,1.0,,,,,,,1.0,
1946-04-30,1.0,,,,,,,1.0,
1946-05-31,1.0,,,,,,,1.0,
1946-06-30,1.0,,,,,,,1.0,
1946-07-31,1.0,,,,,,,1.0,
1946-08-31,1.0,,,,,,,1.0,
1946-09-30,1.0,,,,,,,1.0,
1946-10-31,1.0,,,,,,,1.0,
1946-11-30,1.0,,,,,,,1.0,
1946-12-31,1.0,,,,,,,1.0,
1947-01-31,1.0,,,,,,,1.0,
1947-02-28,1.0,,,,,,,1.0,
1947-03-31,1.0,,,,,,,1.0,
1947-04-30,1.0,,,,,,,1.0,
1947-05-31,1.0,,,,,,,1.0,
1947-06-30,1.0,,,,,,,1.0,
1947-07-31,1.0,,,,,,,1.0,
1947-08-31,1.0,,,,,,,1.0,
1947-09-30,1.0,,,,,,,1.0,
1947-10-31,1.0,,,,,,,1.0,
1947-11-30,1.0,,,,,,,1.0,
1947-12-31,1.0,,,,,,,1.0,
1948-01-31,1.0,,,,,,,1.0,
1948-02-29,1.0,,,,,,,1.0,
1948-03-31,1.0,,,,,,,1.0,
1948-04-30,1.0,,,,,,,1.0,
1948-05-31,1.0,,,,,,,1.0,
1948-06-30,1.0,,,,,,,1.0,
1948-07-31,1.0,,,,,,,1.0,
1948-08-31,1.0,,,,,,,1.0,
1948-09-30,1.0,,,,,,,1.0,
1948-10-31,1.0,,,,,,,1.0,
1948-11-30,1.0,,,,,,,1.0,
1948-12-31,1.0,,,,,,,1.0,
1949-01-31,1.0,,,,,,,1.0,
1949-02-28,1.0,,,,,,,1.0,
1949-03-31,1.0,,,,,,,1.0,
1949-04-30,1.0,,,,,,,1.0,
1949-05-31,1.0,,,,,,,1.0,
1949-06-30,1.0,,,,,,,1.0,
1949-07-31,1.0,,,,,,,1.0,
1949-08-31,1.0,,,,,,,1.0,
1949-09-30,1.0,,,,,,,1.0,
1949-10-31,1.0,,,,,,,1.0,
1949-11-30,1.0,,,,,,,1.0,
1949-12-31,1.0,,,,,,,1.0,
1950-01-31,1.0,,,,,,,1.0,
1950-02-28,1.0,,,,,,,1.0,
1950-03-31,1.0,,,,,,,1.0,
1950-04-30,1.0,,,,,,,1.0,
1950-05-31,1.0,,,,,,,1.0,
1950-06-30,1.0,,,,,,,1.0,
1950-07-31,1.0,,,,,,,1.0,
1950-08-31,1.0,,,,,,,1.0,
1950-09-30,1.0,,,,,,,1.0,
1950-10-31,1.0,,,,,,,1.0,
1950-11-30,1.0,,,,,,,1.0,
1950-12-31,1.0,,,,,,,1.0,
1951-01-31,1.0,,,,,,,1.0,
1951-02-28,1.0,,,,,,,1.0,
1951-03-31,1.0,,,,,,,1.0,
1951-04-30,1.0,,,,,,,1.0,
1951-05-31,1.0,,,,,,,1.0,
1951-06-30,1.0,,,,,,,1.0,
1951-07-31,1.0,,,,,,,1.0,
1951-08-31,1.0,,,,,,,1.0,
1951-09-30,1.0,,,,,,,1.0,
1951-10-31,1.0,,,,,,,1.0,
1951-11-30,1.0,,,,,,,1.0,
1951-12-31,1.0,,,,,,,1.0,
1952-01-31,1.0,,,,,,,1.0,
1952-02-29,1.0,,,,,,,1.0,
1952-03-31,1.0,,,,,,,1.0,
1952-04-30,1.0,,,,,,,1.0,
1952-05-31,1.0,,,,,,,1.0,
1952-06-30,1.0,,,,,,,1.0,
1952-07-31,1.0,,,,,,,1.0,
1952-08-31,1.0,,,,,,,1.0,
1952-09-30,1.0,,,,,,,1.0,
1952-10-31,1.0,,,,,,,1.0,
1952-11-30,1.0,,,,,,,1.0,
1952-12-31,1.0,,,,,,,1.0,
1953-01-31,1.0,,,,,,,1.0,
1953-02-28,1.0,,,,,,,1.0,
1953-03-31,1.0,,,,,,,1.0,
1953-04-30,1.0,,,,,,,1.0,
1953-05-31,1.0,,,,,,,1.0,
1953-06-30,1.0,,,,,,,1.0,
1953-07-31,1.0,,,,,,,1.0,
1953-08-31,1.0,,,,,,,1.0,
1953-09-30,1.0,,,,,,,1.0,
1953-10-31,1.0,,,,,,,1.0,
1953-11-30,1.0,,,,,,,1.0,
1953-12-31,1.0,,,,,,,1.0,
1954-01-31,1.0,,,,,,,1.0,
1954-02-28,1.0,,,,,,,1.0,
1954-03-31,1.0,,,,,,,1.0,
1954-04-30,1.0,,,,,,,1.0,
1954-05-31,1.0,,,,,,,1.0,
1954-06-30,1.0,,,,,,,1.0,
1954-07-31,1.0,,,,,,,1.0,
1954-08-31,1.0,,,,,,,1.0,
1954-09-30,1.0,,,,,,,1.0,
1954-10-31,1.0,,,,,,,1.0,
1954-11-30,1.0,,,,,,,1.0,
1954-12-31,1.0,,,,,,,1.0,
1955-01-31,1.0,,,,,,,1.0,
1955-02-28,1.0,,,,,,,1.0,
1955-03-31,1.0,,,,,,,1.0,
1955-04-30,1.0,,,,,,,1.0,
1955-05-31,1.0,,,,,,,1.0,
1955-06-30,1.0,,,,,,,1.0,
1955-07-31,1.0,,,,,,,1.0,
1955-08-31,1.0,,,,,,,1.0,
1955-09-30,1.0,,,,,,,1.0,
1955-10-31,1.0,,,,,,,1.0,
1955-11-30,1.0,,,,,,,1.0,
1955-12-31,1.0,,,,,,,1.0,
1956-01-31,1.0,,,,,,,1.0,
1956-02-29,1.0,,,,,,,1.0,
1956-03-31,1.0,,,,,,,1.0,
1956-04-30,1.0,,,,,,,1.0,
1956-05-31,1.0,,,,,,,1.0,
1956-06-30,1.0,,,,,,,1.0,
1956-07-31,1.0,,,,,,,1.0,
1956-08-31,1.0,,,,,,,1.0,
1956-09-30,1.0,,,,,,,1.0,
1956-10-31,1.0,,,,,,,1.0,
1956-11-30,1.0,,,,,,,1.0,
1956-12-31,1.0,,,,,,,1.0,
1957-01-31,1.0,,,,,,,1.0,
1957-02-28,1.0,,,,,,,1.0,
1957-03-31,1.0,,,,,,,1.0,
1957-04-30,1.0,,,,,,,1.0,
1957-05-31,1.0,,,,,,,1.0,
1957-06-30,1.0,,,,,,,1.0,
1957-07-31,1.0,,,,,,,1.0,
1957-08-31,1.0,,,,,,,1.0,
1957-09-30,1.0,,,,,,,1.0,
1957-10-31,1.0,,,,,,,1.0,
1957-11-30,1.0,,,,,,,1.0,
1957-12-31,1.0,,,,,,,1.0,
1958-01-31,1.0,,,,,,,1.0,
1958-02-28,1.0,,,,,,,1.0,
1958-03-31,1.0,,,,,,,1.0,
1958-04-30,1.0,,,,,,,1.0,
1958-05-31,1.0,,,,,,,1.0,
1958-06-30,1.0,,,,,,,1.0,
1958-07-31,1.0,,,,,,,1.0,
1958-08-31,1.0,,,,,,,1.0,
1958-09-30,1.0,,,,,,,1.0,
1958-10-31,1.0,,,,,,,1.0,
1958-11-30,1.0,,,,,,,1.0,
1958-12-31,1.0,,,,,,,1.0,
1959-01-31,1.0,,,,,,,1.0,
1959-02-28,1.0,,,,,,,1.0,
1959-03-31,1.0,,,,,,,1.0,
1959-04-30,1.0,,,,,,,1.0,
1959-05-31,1.0,,,,,,,1.0,
1959-06-30,1.0,,,,,,,1.0,
1959-07-31,1.0,,,,,,,1.0,
1959-08-31,1.0,,,,,,,1.0,
1959-09-30,1.0,,,,,,,1.0,
1959-10-31,1.0,,,,,,,1.0,
1959-11-30,1.0,,,,,,,1.0,
1959-12-31,1.0,,,,,,,1.0,
1960-01-31,1.0,,,,,,,1.0,
1960-02-29,1.0,,,,,,,1.0,
1960-03-31,1.0,,,,,,,1.0,
1960-04-30,1.0,,,,,,,1.0,
1960-05-31,1.0,,,,,,,1.0,
1960-06-30,1.0,,,,,,,1.0,
1960-07-31,1.0,,,,,,,1.0,
1960-08-31,1.0,,,,,,,1.0,
1960-09-30,1.0,,,,,,,1.0,
1960-10-31,1.0,,,,,,,1.0,
1960-11-30,1.0,,,,,,,1.0,
1960-12-31,1.0,,,,,,,1.0,
1961-01-31,1.0,,,,,,,1.0,
1961-02-28,1.0,,,,,,,1.0,
1961-03-31,1.0,,,,,,,1.0,
1961-04-30,1.0,,,,,,,1.0,
1961-05-31,1.0,,,,,,,1.0,
1961-06-30,1.0,,,,,,,1.0,
1961-07-31,1.0,,,,,,,1.0,
1961-08-31,1.0,,,,,,,1.0,
1961-09-30,1.0,,,,,,,1.0,
1961-10-31,1.0,,,,,,,1.0,
1961-11-30,1.0,,,,,,,1.0,
1961-12-31,1.0,,,,,,,1.0,
1962-01-31,1.0,,,,,,,1.0,
1962-02-28,1.0,,,,,,,1.0,
1962-03-31,1.0,,,,,,,1.0,
1962-04-30,1.0,,,,,,,1.0,
1962-05-31,1.0,,,,,,,1.0,
1962-06-30,1.0,,,,,,,1.0,
1962-07-31,1.0,,,,,,,1.0,
1962-08-31,1.0,,,,,,,1.0,
1962-09-30,1.0,,,,,,,1.0,
1962-10-31,1.0,,,,,,,1.0,
1962-11-30,1.0,,,,,,,1.0,
1962-12-31,1.0,,,,,,,1.0,
1963-01-31,1.0,,,,,,,1.0,
1963-02-28,1.0,,,,,,,1.0,
1963-03-31,1.0,,,,,,,1.0,
1963-04-30,1.0,,,,,,,1.0,
1963-05-31,1.0,,,,,,,1.0,
1963-06-30,1.0,,,,,,,1.0,
1963-07-31,1.0,,,,,,,1.0,
1963-08-31,1.0,,,,,,,1.0,
1963-09-30,1.0,,,,,,,1.0,
1963-10-31,1.0,,,,,,,1.0,
1963-11-30,1.0,,,,,,,1.0,
1963-12-31,1.0,,,,,,,1.0,
1964-01-31,1.0,,,,,,,1.0,
1964-02-29,1.0,,,,,,,1.0,
1964-03-31,1.0,,,,,,,1.0,
1964-04-30,1.0,,,,,,,1.0,
1964-05-31,1.0,,,,,,,1.0,
1964-06-30,1.0,,,,,,,1.0,
1964-07-31,1.0,,,,,,,1.0,
1964-08-31,1.0,,,,,,,1.0,
1964-09-30,1.0,,,,,,,1.0,
1964-10-31,1.0,,,,,,,1.0,
1964-11-30,1.0,,,,,,,1.0,
1964-12-31,3.0,,,,,,,1.0,
1965-01-31,3.0,,,,,,,1.0,
1965-02-28,3.0,,,,,,,1.0,
1965-03-31,3.0,,,,,,,1.0,
1965-04-30,3.0,,,,,,,1.0,
1965-05-31,3.0,,,,,,,1.0,
1965-06-30,3.0,,,,,,,1.0,
1965-07-31,3.0,,,,,,,1.0,
1965-08-31,3.0,,,,,,,1.0,
1965-09-30,3.0,,,,,,,1.0,
1965-10-31,3.0,,,,,,,1.0,
1965-11-30,3.0,,,,,,,1.0,
1965-12-31,3.0,,,,,,,1.0,
1966-01-31,3.0,,,,,,,1.0,
1966-02-28,3.0,,,,,,,1.0,
1966-03-31,3.0,,,,,,,1.0,
1966-04-30,3.0,,,,,,,1.0,
1966-05-31,3.0,,,,,,,1.0,
1966-06-30,3.0,,,,,,,1.0,
1966-07-31,3.0,,,,,,,1.0,
1966-08-31,3.0,,,,,,,1.0,
1966-09-30,3.0,,,,,,,1.0,
1966-10-31,3.0,,,,,,,1.0,
1966-11-30,3.0,,,,,,,1.0,
1966-12-31,3.0,,,,,,,1.0,
1967-01-31,3.0,,,,,,,1.0,
1967-02-28,3.0,,,,,,,1.0,
1967-03-31,3.0,,,,,,,1.0,
1967-04-30,3.0,,,,,,,1.0,
1967-05-31,3.0,,,,,,,1.0,
1967-06-30,3.0,,,,,,,1.0,
1967-07-31,3.0,,,,,,,1.0,
1967-08-31,3.0,,,,,,,1.0,
1967-09-30,3.0,,,,,,,1.0,
1967-10-31,3.0,,,,,,,1.0,
1967-11-30,3.0,,,,,,,1.0,
1967-12-31,4.0,,,,,,,1.0,
1968-01-31,4.0,,,,,,,1.0,
1968-02-29,4.0,,,,,,,1.0,
1968-03-31,4.0,,,,,,,1.0,
1968-04-30,4.0,,,,,,,1.0,
1968-05-31,4.0,,,,,,,1.0,
1968-06-30,4.0,,,,,,,1.0,
1968-07-31,4.0,,,,,,,1.0,
1968-08-31,4.0,,,,,,,1.0,
1968-09-30,4.0,,,,,,,1.0,
1968-10-31,4.0,,,,,,,1.0,
1968-11-30,4.0,,,,,,,1.0,
1968-12-31,4.0,,,,,,,1.0,
1969-01-31,4.0,,,,,,,1.0,
1969-02-28,4.0,,,,,,,1.0,
1969-03-31,4.0,,,,,,,1.0,
1969-04-30,4.0,,,,,,,1.0,
1969-05-31,4.0,,,,,,,1.0,
1969-06-30,4.0,,,,,,,1.0,
1969-07-31,4.0,,,,,,,1.0,
1969-08-31,4.0,,,,,,,1.0,
1969-09-30,4.0,,,,,,,1.0,
1969-10-31,4.0,,,,,,,1.0,
1969-11-30,4.0,,,,,,,1.0,
1969-12-31,4.0,,,,,,,1.0,
1970-01-31,4.0,,,,,,,1.0,
1970-02-28,4.0,,,,,,,1.0,
1970-03-31,4.0,,,,,,,1.0,
1970-04-30,4.0,,,,,,,1.0,
1970-05-31,4.0,,,,,,,1.0,
1970-06-30,4.0,,,,,,,1.0,
1970-07-31,4.0,,,,,,,1.0,
1970-08-31,4.0,,,,,,,1.0,
1970-09-30,4.0,,,,,,,1.0,
1970-10-31,4.0,,,,,,,1.0,
1970-11-30,4.0,,,,,,,1.0,
1970-12-31,4.0,,,,,,,1.0,
1971-01-31,4.0,,,,,,,1.0,
1971-02-28,4.0,,,,,,,1.0,
1971-03-31,4.0,,,,,,,1.0,
1971-04-30,4.0,,,,,,,1.0,
1971-05-31,4.0,,,,,,,1.0,
1971-06-30,4.0,,,,,,,1.0,
1971-07-31,4.0,,,,,,,1.0,
1971-08-31,4.0,,,,,,,1.0,
1971-09-30,4.0,,,,,,,1.0,
1971-10-31,4.0,,,,,,,1.0,
1971-11-30,4.0,,,,,,,1.0,
1971-12-31,4.0,,,,,,,1.0,
1972-01-31,4.0,,,,,,,1.0,
1972-02-29,4.0,,,,,,,1.0,
1972-03-31,4.0,,,,,,,1.0,
1972-04-30,4.0,,,,,,,1.0,
1972-05-31,4.0,,,,,,,1.0,
1972-06-30,4.0,,,,,,,1.0,
1972-07-31,4.0,,,,,,,1.0,
1972-08-31,4.0,,,,,,,1.0,
1972-09-30,4.0,,,,,,,1.0,
1972-10-31,4.0,,,,,,,1.0,
1972-11-30,4.0,,,,,,,1.0,
1972-12-31,4.0,,,,,,,1.0,
1973-01-31,4.0,,,,,,,1.0,
1973-02-28,4.0,,,,,,,1.0,
1973-03-31,4.0,,,,,,,1.0,
1973-04-30,4.0,,,,,,,1.0,
1973-05-31,4.0,,,,,,,1.0,
1973-06-30,4.0,,,,,,,1.0,
1973-07-31,4.0,,,,,,,1.0,
1973-08-31,4.0,,,,,,,1.0,
1973-09-30,4.0,,,,,,,1.0,
1973-10-31,4.0,,,,,,,1.0,
1973-11-30,4.0,,,,,,,1.0,
1973-12-31,5.0,,,,,,,1.0,
1974-01-31,6.0,0.026491465970128046,1.9353039421537792,0.013688529947727991,0.0,0.0,,,-6.938893903907228e-18
1974-02-28,6.0,0.0263783725730024,1.934187417218888,0.01363796100531514,0.0,0.0,,,-6.938893903907228e-18
1974-03-31,6.0,0.04532833445520881,1.9505149211374944,0.02323916313789304,0.0,0.0,,,0.0
1974-04-30,6.0,0.05768391319759634,1.9352169939918666,0.02980746519727946,0.0,0.0,,,-3.469446951953614e-18
1974-05-31,6.0,0.0407081991667036,1.9583346601229228,0.020787151448439557,0.0,0.0,,,-1.0408340855860843e-17
1974-06-30,6.0,0.044139216175512176,1.9544404702829907,0.02258406784276274,0.0,0.0,,,-1.0408340855860843e-17
1974-07-31,6.0,0.03980039320980885,1.9353962812649017,0.020564467130109818,0.0,0.0,,,6.938893903907228e-18
1974-08-31,6.0,0.02585620701812058,1.9470023477007825,0.013280008135919409,0.0,0.0,,,0.0
1974-09-30,6.0,-0.0031521744123743367,1.954401600309124,0.0,1.0,0.0,,,-0.0031521744123743367
1974-10-31,6.0,0.009684028718074701,1.9755895797355274,0.00490184237526253,0.0,0.0,,,0.0
1974-11-30,6.0,0.009652979226024871,1.992645322920458,0.0048443037579197915,0.0,0.0,,,0.0
1974-12-31,6.0,0.010775119803914983,2.0094981562269494,0.005362094894451876,0.0,0.0,,,0.0
1975-01-31,6.0,0.002723991036895891,2.102118496902064,0.0012958313439086777,0.0,0.0,,,0.0
1975-02-28,6.0,-0.0046541535729065775,2.1040112750686943,0.0,1.0,0.0,,,-0.0046541535729065775
1975-03-31,6.0,-0.0024530962009438675,2.1087407504035034,0.0,1.0,0.0,,,-0.0024530962009438675
1975-04-30,6.0,-0.008453204678604137,2.1174261297686026,0.0,1.0,0.0,,,-0.008453204678604137
1975-05-31,6.0,-0.008927681396936435,2.2533734129405416,0.0,1.0,0.0,,,-0.008927681396936435
1975-06-30,6.0,-0.001156406153300614,2.249033168348408,0.0,1.0,0.0,,,-0.001156406153300614
1975-07-31,6.0,-0.02284129501166221,2.280894769748745,0.0,1.0,0.0,,,-0.02284129501166221
1975-08-31,6.0,-0.022876913460013568,2.267331899283093,0.0,1.0,0.0,,,-0.022876913460013568
1975-09-30,6.0,-0.03069773405758583,2.2758797510984916,0.0,1.0,0.0,,,-0.03069773405758583
1975-10-31,6.0,-0.012281082327343457,2.2124534088522,0.0,1.0,0.0,,,-0.012281082327343457
1975-11-30,6.0,-0.01937022451760985,2.2767137161814373,0.0,1.0,0.0,,,-0.01937022451760985
1975-12-31,6.0,-0.017069471055222343,2.287948094731545,0.0,1.0,0.0,,,-0.017069471055222343
1976-01-31,6.0,-0.0055490900889262895,2.267955543624536,0.0,1.0,0.0,,,-0.0055490900889262895
1976-02-29,6.0,-0.04644855980593235,2.2641461811939583,0.0,1.0,0.0,,,-0.04644855980593235
1976-03-31,6.0,-0.04150827862102724,2.262250785314712,0.0,1.0,0.0,,,-0.04150827862102724
1976-04-30,6.0,-0.03924951280851105,2.2882990060198467,0.0,1.0,0.0,,,-0.03924951280851105
1976-05-31,6.0,-0.05129853689136234,2.2814345412698422,0.0,1.0,0.0,,,-0.05129853689136234
1976-06-30,6.0,-0.05392248899850165,2.273058660093438,0.0,1.0,0.0,,,-0.05392248899850165
1976-07-31,6.0,-0.03128145219865955,2.2497751751041593,0.0,1.0,0.0,,,-0.03128145219865955
1976-08-31,6.0,-0.021588969341415798,2.241162599904986,0.0,1.0,0.0,,,-0.021588969341415798
1976-09-30,6.0,-0.02046348435250006,2.2307892163405794,0.0,1.0,0.0,,,-0.02046348435250006
1976-10-31,6.0,-0.023550400849734185,2.236006101303236,0.0,1.0,0.0,,,-0.023550400849734185
1976-11-30,6.0,0.0004529852035177473,2.169039965198565,0.0002088413356995378,0.0,0.0,,,0.0
1976-12-31,6.0,-0.010315545678597396,2.1599543830260077,0.0,1.0,0.0,,,-0.010315545678597396
1977-01-31,6.0,-0.015429265322401575,2.139595183333844,0.0,1.0,0.0,,,-0.015429265322401575
1977-02-28,6.0,-0.02408402392114445,2.1430824183770296,0.0,1.0,0.0,,,-0.02408402392114445
1977-03-31,6.0,-0.06589419958939044,2.18242522877241,0.0,1.0,0.0,,,-0.06589419958939044
1977-04-30,6.0,-0.08233532204262026,2.188938750965101,0.0,1.0,0.0,,,-0.08233532204262026
1977-05-31,6.0,-0.07887704779325272,2.1745812302214476,0.0,1.0,0.0,,,-0.07887704779325272
1977-06-30,6.0,-0.08489081508115132,2.18298254791692,0.0,1.0,0.0,,,-0.08489081508115132
1977-07-31,6.0,-0.08604440646324997,2.1722493189533125,0.0,1.0,0.0,,,-0.08604440646324997
1977-08-31,6.0,-0.07581694427819136,2.1842728930268103,0.0,1.0,0.0,,,-0.07581694427819136
1977-09-30,6.0,-0.06494974223105525,2.1328466831623913,0.0,1.0,0.0,,,-0.06494974223105525
1977-10-31,6.0,-0.010621249517175163,1.9648661678512065,0.0,1.0,0.0,,,-0.010621249517175163
1977-11-30,6.0,-0.011797518735103096,1.9568442802831372,0.0,1.0,0.0,,,-0.011797518735103096
1977-12-31,6.0,0.005572304143789342,1.9305050707541043,0.0028864488512390482,0.0,0.0,,,0.0
1978-01-31,6.0,0.04339559317647931,1.8508918716064524,0.02344577435461683,0.0,0.0,,,0.0
1978-02-28,6.0,0.07734996091768186,1.8274932346796025,0.042325716697519215,0.0,0.0,,,1.3877787807814457e-17
1978-03-31,6.0,0.07097762104627892,1.8281289441625643,0.03882528159346692,0.0,0.0,,,1.3877787807814457e-17
1978-04-30,6.0,0.09414815602853614,1.8631962227360062,0.050530456684956405,0.0,0.0,,,0.0
1978-05-31,6.0,0.09172737930856231,1.8543174209730005,0.04946692420137593,0.0,0.0,,,0.0
1978-06-30,6.0,0.10152832938311913,1.843198784494216,0.055082680304055796,0.0,0.0,,,2.7755575615628914e-17
1978-07-31,6.0,0.12374089148138936,1.8248354738359167,0.06780934131079684,0.0,0.0,,,6.938893903907228e-18
1978-08-31,6.0,0.13489048212899224,1.8424391272668776,0.0732129925665942,0.0,0.0,,,2.7755575615628914e-17
1978-09-30,6.0,0.17310066194201415,1.8358370260133197,0.09428977599276192,0.0,0.0,,,6.938893903907228e-18
1978-10-31,6.0,0.33510238004713455,1.907697920963262,0.1756579888067026,0.0,0.0,,,8.326672684688674e-17
1978-11-30,6.0,0.35400634877890325,1.8516795354056368,0.1911812179213576,0.0,0.0,,,6.245004513516506e-17
1978-12-31,6.0,0.3613815465398223,1.837776864858656,0.19664060063549457,0.0,0.0,,,6.938893903907228e-18
1979-01-31,6.0,0.43276800316441744,1.7047060977535482,0.25386663644525975,0.0,0.0,,,3.469446951953614e-18
1979-02-28,6.0,0.4432054854361257,1.750317550494281,0.2532143297717415,0.0,0.0,,,1.3877787807814457e-17
1979-03-31,6.0,0.4296467543647721,1.773116708431823,0.24231160437530344,0.0,0.0,,,-7.632783294297951e-17
1979-04-30,6.0,0.4283733986272454,1.772872978217774,0.24162667257632792,0.0,0.0,,,-4.163336342344337e-17
1979-05-31,6.0,0.41528992906019035,1.7765489618254133,0.2337621636014342,0.0,0.0,,,1.3877787807814457e-17
1979-06-30,6.0,0.41392832965879345,1.7364104863275271,0.2383816113286919,0.0,0.0,,,-4.163336342344337e-17
1979-07-31,6.0,0.418826137924177,1.7430312471449303,0.24028607554236936,0.0,0.0,,,-4.85722573273506e-17
1979-08-31,6.0,0.3942371577243923,1.7632081497670833,0.22359082095694166,0.0,0.0,,,5.551115123125783e-17
1979-09-30,6.0,0.3913925724233982,1.769551673889615,0.22118177061373193,0.0,0.0,,,1.734723475976807e-17
1979-10-31,6.0,0.4535352669250565,1.6852976227235947,0.26911286220893266,0.0,0.0,,,2.7755575615628914e-17
1979-11-30,6.0,0.44437834685857097,1.6867476132250232,0.26345277940481543,0.0,0.0,,,5.551115123125783e-17
1979-12-31,6.0,0.39043994517420727,1.7284614899494548,0.225888715163463,0.0,0.0,,,0.0
1980-01-31,7.0,0.41206437207618896,1.6819513877426795,0.24499184404444296,0.0,0.0,,,-2.7755575615628914e-17
1980-02-29,7.0,0.3944039916685614,1.6265444378552922,0.24247969037268324,0.0,0.0,,,6.938893903907228e-17
1980-03-31,7.0,0.3259634329294222,1.7036228864762553,0.19133543903230804,0.0,0.0,,,1.3877787807814457e-17
1980-04-30,7.0,0.27047124624961755,1.636260252733805,0.16529842718951576,0.0,0.0,,,1.734723475976807e-17
1980-05-31,7.0,0.24776325091828452,1.6469794679809269,0.15043493603598085,0.0,0.0,,,6.938893903907228e-18
1980-06-30,7.0,0.24728552133776133,1.6448982900219093,0.1503348400553493,0.0,0.0,,,-2.0816681711721685e-17
1980-07-31,7.0,0.23819306726104045,1.656807741131591,0.14376626892046981,0.0,0.0,,,2.0816681711721685e-17
1980-08-31,7.0,0.22270501116150748,1.6548191183033238,0.13457967018766714,0.0,0.0,,,0.0
1980-09-30,7.0,0.2228883865976906,1.6554917134629137,0.13463576095555235,0.0,0.0,,,-2.7755575615628914e-17
1980-10-31,7.0,0.19492473940112812,1.6584758018422414,0.11753245913181547,0.0,0.0,,,6.938893903907228e-18
1980-11-30,7.0,0.20134152479899636,1.6854932876271573,0.11945554828191905,0.0,0.0,,,-2.7755575615628914e-17
1980-12-31,7.0,0.18960636749971926,1.6962155797560465,0.11178199856352508,0.0,0.0,,,-4.163336342344337e-17
1981-01-31,7.0,0.19888306043229304,1.6885125186541803,0.11778595552895971,0.0,0.0,,,6.938893903907228e-17
1981-02-28,7.0,0.1998819688496719,1.6702137629504168,0.11967448316111484,0.0,0.0,,,-1.3877787807814457e-17
1981-03-31,7.0,0.1997772369894278,1.6716008909095443,0.11951252124586141,0.0,0.0,,,0.0
1981-04-30,7.0,0.16984975429102667,1.6633144007855205,0.10211524304173225,0.0,0.0,,,-1.3877787807814457e-17
1981-05-31,7.0,0.17656428180089806,1.6489011290989648,0.10707996900783304,0.0,0.0,,,2.7755575615628914e-17
1981-06-30,7.0,0.16268438107444466,1.6534517732580973,0.09839076270962412,0.0,0.0,,,-1.3877787807814457e-17
1981-07-31,7.0,0.16484397724877095,1.6381912884418868,0.10062559751831975,0.0,0.0,,,-2.7755575615628914e-17
1981-08-31,7.0,0.19116605614061624,1.6414272917589645,0.1164633103765208,0.0,0.0,,,6.938893903907228e-18
1981-09-30,7.0,0.23620569148911033,1.6416608248870619,0.14388215148239292,0.0,0.0,,,2.0816681711721685e-17
1981-10-31,7.0,0.15602618260482165,1.6224957554748043,0.09616430864508636,0.0,0.0,,,0.0
1981-11-30,7.0,0.06854115915476588,1.6316065846798102,0.04200838596653282,0.0,0.0,,,0.0
1981-12-31,7.0,0.04207327171501565,1.63499827467376,0.025732915053632555,0.0,0.0,,,0.0
1982-01-31,7.0,0.007595394087760721,1.659514613318,0.004576876893283057,0.0,0.0,,,5.551115123125783e-17
1982-02-28,7.0,-0.011784278620699029,1.6651310958865342,0.0,1.0,0.0,,,-0.011784278620699029
1982-03-31,7.0,-0.015567346420833683,1.6671467963903028,0.0,1.0,0.0,,,-0.015567346420833683
1982-04-30,7.0,-0.019481537262811655,1.6709673130591942,0.0,1.0,0.0,,,-0.019481537262811655
1982-05-31,7.0,-0.018853170912693007,1.669575422119797,0.0,1.0,0.0,,,-0.018853170912693007
1982-06-30,7.0,-0.01471823319120441,1.6663287333199648,0.0,1.0,0.0,,,-0.01471823319120441
1982-07-31,7.0,-0.02050512964655804,1.6679528399325432,0.0,1.0,0.0,,,-0.02050512964655804
1982-08-31,7.0,-0.010161088415502728,1.6344819006241464,0.0,1.0,0.0,,,-0.010161088415502728
1982-09-30,7.0,-0.025296738929486695,1.6495301851588895,0.0,1.0,0.0,,,-0.025296738929486695
1982-10-31,7.0,0.04210939333394295,1.6003715978379627,0.026312259846919952,0.0,0.0,,,-2.7755575615628914e-17
1982-11-30,7.0,0.0473054806945602,1.6051422479616915,0.029471207772788742,0.0,0.0,,,0.0
1982-12-31,7.0,0.05189287644044374,1.6037852297960575,0.03235649978335479,0.0,0.0,,,2.7755575615628914e-17
1983-01-31,7.0,0.05859894214775099,1.6073417203670968,0.03645705291241226,0.0,0.0,,,-2.7755575615628914e-17
1983-02-28,7.0,0.05192580405943528,1.6485859416179205,0.03149717751958709,0.0,0.0,,,2.7755575615628914e-17
1983-03-31,7.0,0.07248154070705976,1.575107917898034,0.04601687280182405,0.0,0.0,,,0.0
1983-04-30,7.0,0.10176474514673928,1.6199920780434502,0.06281805110408066,0.0,0.0,,,0.0
1983-05-31,7.0,0.11989668108532156,1.5961387673811962,0.07511670259224232,0.0,0.0,,,0.0
1983-06-30,7.0,0.1254457279786141,1.5903966521010544,0.07887700707423474,0.0,0.0,,,-2.7755575615628914e-17
1983-07-31,7.0,0.10664974801175892,1.6101356021233466,0.0662365007463445,0.0,0.0,,,2.7755575615628914e-17
1983-08-31,7.0,0.10060741000792428,1.6373973980886274,0.061443489604518536,0.0,0.0,,,0.0
1983-09-30,7.0,0.09817075295265296,1.6360988424181038,0.060002947503807046,0.0,0.0,,,0.0
1983-10-31,7.0,0.11178297697928521,1.6505732075076271,0.0677237316532467,0.0,0.0,,,0.0
1983-11-30,7.0,0.11504790162059564,1.638177839236591,0.07022918932550645,0.0,0.0,,,5.551115123125783e-17
1983-12-31,7.0,0.1066564598681213,1.6400011364346914,0.06503438168341087,0.0,0.0,,,0.0
1984-01-31,7.0,0.11415313378602071,1.6301592640392295,0.07002575533826715,0.0,0.0,,,-2.7755575615628914e-17
1984-02-29,7.0,0.19608673520784384,1.6197457287135206,0.1210601958886382,0.0,0.0,,,-4.85722573273506e-17
1984-03-31,7.0,0.19179882908085655,1.616436487514171,0.11865534499027143,0.0,0.0,,,1.3877787807814457e-17
1984-04-30,7.0,0.2067907344877576,1.6181991341767983,0.12779065945610896,0.0,0.0,,,-6.938893903907228e-18
1984-05-31,7.0,0.23290230650876373,1.560512065447075,0.1492473603156916,0.0,0.0,,,-6.938893903907228e-18
1984-06-30,7.0,0.2459571616125325,1.5533427639484334,0.1583405590324027,0.0,0.0,,,-4.163336342344337e-17
1984-07-31,7.0,0.259206136809472,1.5520666015879832,0.16700709656677593,0.0,0.0,,,2.7755575615628914e-17
1984-08-31,7.0,0.23479422460880872,1.5904734322977694,0.14762536729054296,0.0,0.0,,,1.3877787807814457e-17
1984-09-30,7.0,0.20223854064114477,1.5913598728352036,0.12708535893947853,0.0,0.0,,,-2.7755575615628914e-17
1984-10-31,7.0,0.2269071485739323,1.565778922177028,0.14491646640538824,0.0,0.0,,,4.163336342344337e-17
1984-11-30,7.0,0.2914862090940115,1.6003946398774147,0.1821339573571294,0.0,0.0,,,4.163336342344337e-17
1984-12-31,7.0,0.2938263043475246,1.6121763172774024,0.1822544477292224,0.0,0.0,,,6.245004513516506e-17
1985-01-31,7.0,0.2889784782098653,1.6313015313344401,0.17714596146640935,0.0,0.0,,,4.163336342344337e-17
1985-02-28,7.0,0.2997261277498526,1.6132315237936092,0.1857923821405553,0.0,0.0,,,2.7755575615628914e-17
1985-03-31,7.0,0.3482706984928956,1.6151517292499393,0.21562723314832416,0.0,0.0,,,-3.469446951953614e-18
1985-04-30,7.0,0.35105470189536153,1.6097209579218115,0.21808419662286166,0.0,0.0,,,-1.452830911130576e-17
1985-05-31,7.0,0.312635858576702,1.5753975860143927,0.19844886227586603,0.0,0.0,,,-3.122502256758253e-17
1985-06-30,7.0,0.3398800122746366,1.5727398399887567,0.21610695146952363,0.0,0.0,,,4.5102810375396984e-17
1985-07-31,7.0,0.4355893504410959,1.5128748748270207,0.2879215972774354,0.0,0.0,,,8.326672684688674e-17
1985-08-31,7.0,0.44338721889634064,1.486627212584137,0.2982504390765326,0.0,0.0,,,-2.7755575615628914e-17
1985-09-30,7.0,0.4648928050564234,1.5037637154491743,0.30915282785471376,0.0,0.0,,,-5.551115123125783e-17
1985-10-31,7.0,0.4615390221981808,1.4831773446143093,0.3111826268612545,0.0,0.0,,,-6.938893903907228e-18
1985-11-30,7.0,0.4549971642557592,1.5000254896482432,0.30332628838357695,0.0,0.0,,,0.0
1985-12-31,7.0,0.4440799536417486,1.4984859978937644,0.2963524212211103,0.0,0.0,,,5.551115123125783e-17
1986-01-31,7.0,0.4451106189113526,1.4906963263566195,0.2985924168735549,0.0,0.0,,,8.326672684688674e-17
1986-02-28,7.0,0.3876835348722307,1.5231681171900662,0.2545244549809955,0.0,0.0,,,-2.7321894746634712e-17
1986-03-31,7.0,0.4302797614477307,1.435839972258056,0.2996711122138887,0.0,0.0,,,1.734723475976807e-17
1986-04-30,7.0,0.45373706240909106,1.416657651116167,0.32028702351030064,0.0,0.0,,,0.0
1986-05-31,7.0,0.45247482489421936,1.4163141909583343,0.31947348108406437,0.0,0.0,,,1.3877787807814457e-17
1986-06-30,7.0,0.44606860361402345,1.4189351902559793,0.31436855374173334,0.0,0.0,,,1.3877787807814457e-17
1986-07-31,7.0,0.44576499252340185,1.418046541949211,0.31435145415655014,0.0,0.0,,,-5.551115123125783e-17
1986-08-31,7.0,0.4455986630704717,1.405752958874908,0.3169821982285606,0.0,0.0,,,-4.163336342344337e-17
1986-09-30,7.0,0.42810593972400807,1.4244832137753556,0.3005342116944885,0.0,0.0,,,4.163336342344337e-17
1986-10-31,7.0,0.43754272439441516,1.4109784831117818,0.3100987928812744,0.0,0.0,,,-1.3877787807814457e-17
1986-11-30,7.0,0.43406904384168216,1.4074943701018061,0.3083984228017092,0.0,0.0,,,-1.3877787807814457e-17
1986-12-31,8.0,0.48746895768539694,1.398235337051053,0.34863155347903946,0.0,0.0,,,-5.551115123125783e-17
1987-01-31,8.0,0.4469387465973918,1.4435747823756113,0.30960553762368265,0.0,0.0,,,-5.551115123125783e-17
1987-02-28,8.0,0.4158879581977115,1.4758816845309015,0.2817894974622566,0.0,0.0,,,0.0
1987-03-31,8.0,0.4193997537698133,1.4734073308472169,0.2846461701318238,0.0,0.0,,,0.0
1987-04-30,8.0,0.4302586174204441,1.4719908964783008,0.29229706409858,0.0,0.0,,,5.551115123125783e-17
1987-05-31,8.0,0.43423023202045746,1.5159884054426094,0.2864337421457252,0.0,0.0,,,-5.551115123125783e-17
1987-06-30,8.0,0.4314063125190839,1.5179967787502224,0.28419448483564225,0.0,0.0,,,0.0
1987-07-31,8.0,0.43205946075009644,1.5167198090735794,0.2848643883763875,0.0,0.0,,,5.551115123125783e-17
1987-08-31,8.0,0.4591454749164606,1.4639493201228768,0.3136348154988877,0.0,0.0,,,1.1102230246251565e-16
1987-09-30,8.0,0.4516761018888802,1.4723744479798109,0.30676714235879865,0.0,0.0,,,-5.551115123125783e-17
1987-10-31,8.0,0.2590865876068855,1.8041054289951433,0.14360944956037988,0.0,0.0,,,0.0
1987-11-30,8.0,0.2611696715658399,1.8021905365923219,0.14491790199923782,0.0,0.0,,,0.0
1987-12-31,8.0,0.255333068445898,1.8167596330109568,0.14054312073343941,0.0,0.0,,,0.0
1988-01-31,8.0,0.28360309462201966,1.7541346588025988,0.16167692326175906,0.0,0.0,,,0.0
1988-02-29,8.0,0.2805941377750353,1.7619859871936134,0.15924879074773401,0.0,0.0,,,0.0
1988-03-31,8.0,0.288455465321816,1.7499064681166527,0.1648405046655253,0.0,0.0,,,-5.551115123125783e-17
1988-04-30,8.0,0.2893355115358839,1.7490687904975566,0.1654226026487939,0.0,0.0,,,5.551115123125783e-17
1988-05-31,8.0,0.2536769622660919,1.7945895152219764,0.1413565387039019,0.0,0.0,,,0.0
1988-06-30,8.0,0.2694016273996107,1.778691353609357,0.15146058187832048,0.0,0.0,,,0.0
1988-07-31,8.0,0.25635468850036325,1.8124950960242885,0.14143745219652057,0.0,0.0,,,0.0
1988-08-31,8.0,0.252408151257802,1.8138341562605875,0.13915723793523016,0.0,0.0,,,0.0
1988-09-30,8.0,0.254215598403307,1.8055703323314272,0.1407951791471082,0.0,0.0,,,0.0
1988-10-31,8.0,0.2532432201269174,1.8020659768306788,0.14052938315405086,0.0,0.0,,,-5.551115123125783e-17
1988-11-30,8.0,0.2662870418841963,1.7847721559056549,0.1491994600000206,0.0,0.0,,,0.0
1988-12-31,8.0,0.2551583393820885,1.8121942553516308,0.1408007660484381,0.0,0.0,,,-5.551115123125783e-17
1989-01-31,8.0,0.2598808643414439,1.8147801151130318,0.14320239800801293,0.0,0.0,,,5.551115123125783e-17
1989-02-28,8.0,0.24384719693066714,1.8311525050726836,0.13316596856633095,0.0,0.0,,,0.0
1989-03-31,8.0,0.1754052144537018,1.9351155049457187,0.09064327891818635,0.0,0.0,,,0.0
1989-04-30,8.0,0.18871017872773888,1.934662071975748,0.09754167482852502,0.0,0.0,,,2.7755575615628914e-17
1989-05-31,8.0,0.21256785903599262,1.9135533251327637,0.11108541175420053,0.0,0.0,,,0.0
1989-06-30,8.0,0.19559635861994057,1.9296790857162955,0.10136211770535687,0.0,0.0,,,0.0
1989-07-31,8.0,0.21540087465533508,1.9187825516495733,0.11225913768611008,0.0,0.0,,,-5.551115123125783e-17
1989-08-31,8.0,0.19619755050789556,1.9292954037246335,0.10169388789768695,0.0,0.0,,,0.0
1989-09-30,8.0,0.16361845312033918,1.947630520742433,0.08400897982332303,0.0,0.0,,,0.0
1989-10-31,8.0,0.14942182295399337,1.9560758164740784,0.07638856413210683,0.0,0.0,,,0.0
1989-11-30,8.0,0.14788337721057915,1.961416235020696,0.07539622369293723,0.0,0.0,,,0.0
1989-12-31,9.0,0.15547979098734382,2.2006953026849234,0.0706503034734764,0.0,0.0,,,-2.0816681711721685e-17
1990-01-31,9.0,0.19671676423885048,2.1610463263129627,0.09102848090002581,0.0,0.0,,,-1.3877787807814457e-17
1990-02-28,9.0,0.20051627829179364,2.1245165251777576,0.09438207512884209,0.0,0.0,,,6.938893903907228e-18
1990-03-31,9.0,0.20170869534656222,2.1044680508718723,0.09584782969881399,0.0,0.0,,,-2.0816681711721685e-17
1990-04-30,9.0,0.1968557476511353,2.094071063618233,0.09400624031879741,0.0,0.0,,,-6.938893903907228e-18
1990-05-31,9.0,0.22751273889279883,2.0013806467524593,0.11367789493816302,0.0,0.0,,,2.0816681711721685e-17
1990-06-30,9.0,0.22558800653162295,1.9947518475627655,0.11309076204503916,0.0,0.0,,,6.938893903907228e-18
1990-07-31,9.0,0.22600086318284637,1.9806602324096607,0.11410380209830079,0.0,0.0,,,1.3877787807814457e-17
1990-08-31,9.0,0.24258087282028312,1.868035062362813,0.12985884350235427,0.0,0.0,,,-3.469446951953614e-17
1990-09-30,9.0,0.20963187776564685,1.8558274292535915,0.112958712896037,0.0,0.0,,,6.938893903907228e-18
1990-10-31,9.0,0.3587334858416387,1.5487426909862552,0.2316288483099756,0.0,0.0,,,7.632783294297951e-17
1990-11-30,9.0,0.36798284959189703,1.5397222425958819,0.23899300757745723,0.0,0.0,,,-4.163336342344337e-17
1990-12-31,10.0,0.39821454983292404,1.5123849179326734,0.26330238096876557,0.0,0.0,,,-5.551115123125783e-17
1991-01-31,10.0,0.3546810896669654,1.575953770935176,0.22505805449895683,0.0,0.0,,,4.85722573273506e-17
1991-02-28,10.0,0.34013490645520705,1.5843892201658778,0.21467888201082092,0.0,0.0,,,2.7755575615628914e-17
1991-03-31,10.0,0.3359914053561808,1.5990206774973812,0.21012323985831075,0.0,0.0,,,6.938893903907228e-18
1991-04-30,10.0,0.33644573009698114,1.5987552474026576,0.21044229918467625,0.0,0.0,,,-6.938893903907228e-18
1991-05-31,10.0,0.33155494022396237,1.598355490895251,0.20743504315066727,0.0,0.0,,,-8.326672684688674e-17
1991-06-30,10.0,0.3043922472267506,1.618777938389445,0.18803829729085428,0.0,0.0,,,-2.7755575615628914e-17
1991-07-31,10.0,0.30305193367965133,1.6351062205429265,0.18534082365549615,0.0,0.0,,,-6.938893903907228e-18
1991-08-31,10.0,0.29967242704933883,1.6251594639266447,0.1843957062067512,0.0,0.0,,,-2.7755575615628914e-17
1991-09-30,10.0,0.3041679799960577,1.633243899703464,0.18623549125227606,0.0,0.0,,,4.85722573273506e-17
1991-10-31,10.0,0.30395313839974764,1.6332890233859678,0.1860988067927029,0.0,0.0,,,-1.3877787807814457e-17
1991-11-30,10.0,0.26600169772706245,1.6610012658277988,0.16014539133688996,0.0,0.0,,,0.0
1991-12-31,10.0,0.27405352332491256,1.6499399122228646,0.16609909324255134,0.0,0.0,,,3.469446951953614e-17
1992-01-31,10.0,0.2661323280559762,1.669145832246702,0.15944222662543334,0.0,0.0,,,-2.0816681711721685e-17
1992-02-29,10.0,0.2555367829735775,1.6837354552901374,0.15176777454599838,0.0,0.0,,,-4.5102810375396984e-17
1992-03-31,10.0,0.2572324281306494,1.6794326929147094,0.15316626216452547,0.0,0.0,,,1.0408340855860843e-17
1992-04-30,10.0,0.25309175333592643,1.6808490581353477,0.15057375444330148,0.0,0.0,,,6.765421556309548e-17
1992-05-31,10.0,0.24121309830355495,1.6904598706583305,0.14269081596691038,0.0,0.0,,,-3.469446951953614e-18
1992-06-30,10.0,0.23506067885693704,1.7067313943699554,0.13772564308147056,0.0,0.0,,,5.551115123125783e-17
1992-07-31,10.0,0.23500935353616334,1.7021885599465367,0.13806305544877157,0.0,0.0,,,2.42861286636753e-17
1992-08-31,10.0,0.23350861456897812,1.6900456787726896,0.138167043353853,0.0,0.0,,,-2.0816681711721685e-17
1992-09-30,10.0,0.2343678551413219,1.7012726779895715,0.137760312131903,0.0,0.0,,,3.122502256758253e-17
1992-10-31,10.0,0.24258695818961876,1.6891975444261744,0.14361076890626567,0.0,0.0,,,4.5102810375396984e-17
1992-11-30,10.0,0.24372082624833247,1.6946698845931425,0.14381610746971238,0.0,0.0,,,4.85722573273506e-17
1992-12-31,10.0,0.2478000011291538,1.6828455556188178,0.14725059011017355,0.0,0.0,,,0.0
1993-01-31,10.0,0.22188793370808638,1.7369472979688088,0.1277459218063569,0.0,0.0,,,1.0408340855860843e-17
1993-02-28,10.0,0.22962604832435915,1.7153705021613956,0.13386382011059797,0.0,0.0,,,-3.122502256758253e-17
1993-03-31,10.0,0.2227302456127903,1.730441813573751,0.128712935543786,0.0,0.0,,,-6.938893903907228e-18
1993-04-30,10.0,0.2029057104301283,1.7386355819330015,0.11670399049612186,0.0,0.0,,,2.0816681711721685e-17
1993-05-31,10.0,0.18874658849269596,1.8105011789658778,0.10425101661657257,0.0,0.0,,,-1.734723475976807e-17
1993-06-30,10.0,0.19377208015117228,1.8061876475502157,0.10728236372006582,0.0,0.0,,,1.0408340855860843e-17
1993-07-31,10.0,0.19042171956934792,1.8229874874788101,0.10445585659652605,0.0,0.0,,,2.7755575615628914e-17
1993-08-31,10.0,0.14708626065698724,1.8141636099732463,0.08107662387691501,0.0,0.0,,,1.3877787807814457e-17
1993-09-30,10.0,0.17032054578257935,1.6753369784540881,0.10166345515738696,0.0,0.0,,,1.0408340855860843e-17
1993-10-31,10.0,0.16489803728055633,1.6284725917395337,0.10125932614218107,0.0,0.0,,,-2.0816681711721685e-17
1993-11-30,10.0,0.20291312786263635,1.6580795357925342,0.12237840434213386,0.0,0.0,,,1.3877787807814457e-17
1993-12-31,10.0,0.1626863794530834,1.7255847854912074,0.0942789834616981,0.0,0.0,,,-1.3877787807814457e-17
1994-01-31,10.0,0.16702968315653036,1.718772679161094,0.09717962426424821,0.0,0.0,,,4.5102810375396984e-17
1994-02-28,10.0,0.2595709607961626,1.662366081455641,0.1561454866601169,0.0,0.0,,,-3.469446951953614e-18
1994-03-31,10.0,0.3037068607979183,1.6412860561685751,0.18504200389473413,0.0,0.0,,,-2.7755575615628914e-17
1994-04-30,10.0,0.307278764607986,1.6398070331632582,0.18738714884960095,0.0,0.0,,,-1.3877787807814457e-17
1994-05-31,10.0,0.3088443400722644,1.6439439100739852,0.18786793039573044,0.0,0.0,,,3.469446951953614e-17
1994-06-30,10.0,0.3395230521951444,1.6207956125107943,0.20947925177881319,0.0,0.0,,,-5.551115123125783e-17
1994-07-31,10.0,0.3463685153484131,1.5847710677230582,0.21856059995218294,0.0,0.0,,,6.938893903907228e-18
1994-08-31,10.0,0.3362482147342741,1.596629985592737,0.2105987096374395,0.0,0.0,,,0.0
1994-09-30,10.0,0.3548695595717488,1.595734595557186,0.22238632950602807,0.0,0.0,,,5.551115123125783e-17
1994-10-31,10.0,0.3540041125886395,1.5962095650505161,0.22177796721662682,0.0,0.0,,,-1.0408340855860843e-16
1994-11-30,10.0,0.35614026699364965,1.5914299871752187,0.22378632416358893,0.0,0.0,,,2.0816681711721685e-17
1994-12-31,10.0,0.3508888156786628,1.644812706218573,0.21333055997929198,0.0,0.0,,,3.469446951953614e-17
1995-01-31,10.0,0.3402072569872493,1.6541285940434196,0.20567158938691263,0.0,0.0,,,-4.85722573273506e-17
1995-02-28,10.0,0.351367944804296,1.6327216088033425,0.21520383077542612,0.0,0.0,,,1.3877787807814457e-17
1995-03-31,10.0,0.34749261145194876,1.6507225345696552,0.21050940068649415,0.0,0.0,,,6.938893903907228e-17
1995-04-30,10.0,0.3495101301176192,1.6428120480603328,0.21275113640071341,0.0,0.0,,,2.0816681711721685e-17
1995-05-31,10.0,0.3869068998864733,1.6120151089367698,0.24001443766967165,0.0,0.0,,,6.938893903907228e-17
1995-06-30,10.0,0.40794923397687044,1.6111969491522204,0.2531963793697134,0.0,0.0,,,1.3877787807814457e-17
1995-07-31,10.0,0.39312388568642553,1.6024374908119132,0.24532868704116498,0.0,0.0,,,-2.7755575615628914e-17
1995-08-31,10.0,0.3982101941282541,1.5752573702302697,0.25279056086564705,0.0,0.0,,,6.938893903907228e-17
1995-09-30,10.0,0.39409050244888266,1.5640380440419184,0.2519698954575561,0.0,0.0,,,-2.7755575615628914e-17
1995-10-31,11.0,0.3991003685547677,1.6661476832047961,0.23953480989578757,0.0,0.0,,,1.3877787807814457e-17
1995-11-30,11.0,0.40357774217455566,1.672307375940167,0.24132988228175772,0.0,0.0,,,6.938893903907228e-17
1995-12-31,11.0,0.40486489777888296,1.6723402773061413,0.24209480766142413,0.0,0.0,,,2.7755575615628914e-17
1996-01-31,11.0,0.4049253023296473,1.6895790386223133,0.23966046753268455,0.0,0.0,,,-2.7755575615628914e-17
1996-02-29,11.0,0.40770271902080557,1.662546844123162,0.24522780844459793,0.0,0.0,,,-4.163336342344337e-17
1996-03-31,11.0,0.41117622839414475,1.6621581872498004,0.2473749078446469,0.0,0.0,,,1.3877787807814457e-17
1996-04-30,11.0,0.4095085143085776,1.6603216700619134,0.24664408210326316,0.0,0.0,,,-1.3877787807814457e-17
1996-05-31,11.0,0.4118662105798305,1.6618008705762919,0.24784329932201832,0.0,0.0,,,0.0
1996-06-30,11.0,0.39875085408808175,1.6669946179108015,0.23920344421257053,0.0,0.0,,,1.3877787807814457e-17
1996-07-31,11.0,0.3889013646890248,1.6265806743073663,0.2390913471627391,0.0,0.0,,,5.551115123125783e-17
1996-08-31,11.0,0.3860800459414418,1.6445665228953794,0.2347609783894419,0.0,0.0,,,-1.3877787807814457e-17
1996-09-30,11.0,0.3961905205524091,1.6082239862317782,0.24635282395005262,0.0,0.0,,,6.938893903907228e-17
1996-10-31,11.0,0.4034830243120762,1.5896615682670077,0.25381693334383054,0.0,0.0,,,-1.3877787807814457e-17
1996-11-30,11.0,0.41725828106242874,1.545620346692148,0.26996169011065496,0.0,0.0,,,-6.938893903907228e-17
1996-12-31,11.0,0.4722376360225212,1.469795791314747,0.32129472598373676,0.0,0.0,,,-9.71445146547012e-17
1997-01-31,11.0,0.48536938564046406,1.436788247243077,0.33781553167058226,0.0,0.0,,,-2.7755575615628914e-17
1997-02-28,11.0,0.46729685729874826,1.4806300871582405,0.3156067550914265,0.0,0.0,,,-4.163336342344337e-17
1997-03-31,11.0,0.45134428770676005,1.523522746304688,0.29625044247058197,0.0,0.0,,,5.551115123125783e-17
1997-04-30,11.0,0.4535924544779636,1.5139234257389862,0.29961386868464174,0.0,0.0,,,1.3877787807814457e-16
1997-05-31,11.0,0.4139529478746825,1.5426270935977922,0.26834284811453735,0.0,0.0,,,-9.71445146547012e-17
1997-06-30,11.0,0.41393480585285786,1.5504452000777922,0.2669780304599537,0.0,0.0,,,1.3877787807814457e-17
1997-07-31,11.0,0.4433223381335633,1.5600701954942588,0.2841681992348496,0.0,0.0,,,2.7755575615628914e-17
1997-08-31,11.0,0.4284285555370463,1.5867371134592125,0.2700060091258836,0.0,0.0,,,-8.326672684688674e-17
1997-09-30,11.0,0.3999491857090324,1.6013390217429606,0.24975922042648527,0.0,0.0,,,-4.163336342344337e-17
1997-10-31,11.0,0.3006907110696447,1.643468300469912,0.18296106531757814,0.0,0.0,,,-4.163336342344337e-17
1997-11-30,11.0,0.31054353396450907,1.6349406796230213,0.18994177454567532,0.0,0.0,,,-4.163336342344337e-17
1997-12-31,11.0,0.3105928966815598,1.6341701458162934,0.1900615413130154,0.0,0.0,,,0.0
1998-01-31,11.0,0.3264008099527812,1.6118837477987489,0.20249649541942888,0.0,0.0,,,0.0
1998-02-28,11.0,0.2915456778481833,1.6383645681683594,0.17794920832188302,0.0,0.0,,,0.0
1998-03-31,11.0,0.28522511956413094,1.6344695255137434,0.17450623282467106,0.0,0.0,,,-2.7755575615628914e-17
1998-04-30,11.0,0.2864454406237126,1.6290378552200215,0.17583719107928564,0.0,0.0,,,2.7755575615628914e-17
1998-05-31,11.0,0.24336255228177384,1.6560617516105378,0.14695258316611753,0.0,0.0,,,-6.938893903907228e-18
1998-06-30,11.0,0.24409406605227546,1.6563894265695502,0.14736514381029597,0.0,0.0,,,-6.938893903907228e-18
1998-07-31,11.0,0.26272263499579807,1.6303699346961271,0.16114295866524614,0.0,0.0,,,0.0
1998-08-31,11.0,0.14282256544562344,1.7576130834834207,0.08125938910432028,0.0,0.0,,,-1.3877787807814457e-17
1998-09-30,11.0,0.15527686191660695,1.7607303122760132,0.08818889572923173,0.0,0.0,,,-3.122502256758253e-17
1998-10-31,11.0,0.13434318158495195,1.773694703939288,0.07574199848856875,0.0,0.0,,,1.3877787807814457e-17
1998-11-30,11.0,0.1168023346616281,1.7840119179264975,0.06547172330405947,0.0,0.0,,,-1.0408340855860843e-17
1998-12-31,11.0,0.11570553769201805,1.7874133986227907,0.0647335069666422,0.0,0.0,,,3.122502256758253e-17
1999-01-31,11.0,0.11402047218052365,1.7940517052012486,0.06355473025106227,0.0,0.0,,,2.0816681711721685e-17
1999-02-28,11.0,0.12246554194955771,1.8130747274971268,0.06754577739805365,0.0,0.0,,,3.469446951953614e-18
1999-03-31,11.0,0.11534885726041347,1.8128195450192193,0.06362953090247632,0.0,0.0,,,-6.938893903907228e-18
1999-04-30,11.0,0.10317956371312581,1.812074118402737,0.05694003499375292,0.0,0.0,,,6.938893903907228e-18
1999-05-31,11.0,0.11609378344460161,1.7959418615890188,0.06464228376629286,0.0,0.0,,,-1.0408340855860843e-17
1999-06-30,11.0,0.10828038105434595,1.8039154873497991,0.06002519619886671,0.0,0.0,,,3.469446951953614e-18
1999-07-31,11.0,0.11133125775958899,1.8049821622240576,0.0616799767275313,0.0,0.0,,,6.938893903907228e-18
1999-08-31,11.0,0.11225800340446257,1.8026273704198517,0.06227465822751623,0.0,0.0,,,3.469446951953614e-18
1999-09-30,11.0,0.10258579539520639,1.8052146029317107,0.056827479252940155,0.0,0.0,,,1.214306433183765e-17
1999-10-31,12.0,0.08092106775015474,1.7449131371642266,0.04637541320920129,0.0,0.0,,,-8.673617379884035e-19
1999-11-30,12.0,0.06193335625300601,1.752813482603105,0.03533368317148538,0.0,0.0,,,-1.214306433183765e-17
1999-12-31,12.0,0.03485726409889786,1.7920696157281188,0.01945084264192233,0.0,0.0,,,-1.734723475976807e-18
2000-01-31,12.0,0.0462086935997426,1.779460046254815,0.025967817426975605,0.0,0.0,,,-7.806255641895632e-18
2000-02-29,12.0,0.05326102399888292,1.7845577297205901,0.029845503517121886,0.0,0.0,,,-7.806255641895632e-18
2000-03-31,12.0,0.041592239067698406,1.789668513354343,0.02324019155354241,0.0,0.0,,,1.734723475976807e-18
2000-04-30,12.0,0.04325552933406209,1.8133910584262913,0.023853392864747212,0.0,0.0,,,2.6020852139652106e-18
2000-05-31,12.0,0.04684482781313379,1.8213386313443918,0.025719999019927466,0.0,0.0,,,-2.6020852139652106e-18
2000-06-30,12.0,0.050826946920361084,1.8183771427904758,0.02795181798334872,0.0,0.0,,,-2.6020852139652106e-18
2000-07-31,12.0,0.010563377513943139,1.8523399248523629,0.005702720851727618,0.0,0.0,,,0.0
2000-08-31,12.0,-0.01416802888953611,1.8658301041769245,0.0,1.0,0.0,,,-0.01416802888953611
2000-09-30,12.0,-0.012579349794994133,1.8835470924645694,0.0,1.0,0.0,,,-0.012579349794994133
2000-10-31,12.0,0.004784041094278731,1.908974125966449,0.002506079589662711,0.0,0.0,,,0.0
2000-11-30,12.0,-0.007780853529718197,1.9262264261029607,0.0,1.0,0.0,,,-0.007780853529718197
2000-12-31,12.0,-0.010735422361435112,1.923473471208507,0.0,1.0,0.0,,,-0.010735422361435112
2001-01-31,12.0,-0.01594597657239536,1.9322014181557883,0.0,1.0,0.0,,,-0.01594597657239536
2001-02-28,12.0,-0.02224055724881509,1.9520148651225444,0.0,1.0,0.0,,,-0.02224055724881509
2001-03-31,12.0,-0.019438760286932234,1.944103751394964,0.0,1.0,0.0,,,-0.019438760286932234
2001-04-30,12.0,-0.04140889799825544,1.957478806206851,0.0,1.0,0.0,,,-0.04140889799825544
2001-05-31,12.0,-0.04041527842625848,1.95983157860468,0.0,1.0,0.0,,,-0.04041527842625848
2001-06-30,12.0,-0.04259620890457537,1.960209080830651,0.0,1.0,0.0,,,-0.04259620890457537
2001-07-31,12.0,-0.05179006483856298,1.9615069704645296,0.0,1.0,0.0,,,-0.05179006483856298
2001-08-31,12.0,-0.008976212695245511,1.9607399101619993,0.0,1.0,0.0,,,-0.008976212695245511
2001-09-30,12.0,-0.04185811884700783,1.9893218893434448,0.0,1.0,0.0,,,-0.04185811884700783
2001-10-31,12.0,-0.01393997998305525,1.9556229728841137,0.0,1.0,0.0,,,-0.01393997998305525
2001-11-30,12.0,-0.02597698597380293,1.986908386160931,0.0,1.0,0.0,,,-0.02597698597380293
2001-12-31,12.0,-0.02337181862648771,1.9853778831794577,0.0,1.0,0.0,,,-0.02337181862648771
2002-01-31,12.0,-0.025181605804392392,1.9957084681082624,0.0,1.0,0.0,,,-0.025181605804392392
2002-02-28,12.0,-0.043332503819965326,2.004866544540914,0.0,1.0,0.0,,,-0.043332503819965326
2002-03-31,12.0,-0.056790705581274206,2.018712984144274,0.0,1.0,0.0,,,-0.056790705581274206
2002-04-30,12.0,-0.055732844145649205,2.0168487379164954,0.0,1.0,0.0,,,-0.055732844145649205
2002-05-31,12.0,-0.07454947968650406,2.0393137580943126,0.0,1.0,0.0,,,-0.07454947968650406
2002-06-30,12.0,-0.07267336769070286,2.031508692805512,0.0,1.0,0.0,,,-0.07267336769070286
2002-07-31,12.0,-0.09394699221045516,2.045764777386115,0.0,1.0,0.0,,,-0.09394699221045516
2002-08-31,12.0,-0.08777490015510342,2.0398332914719446,0.0,1.0,0.0,,,-0.08777490015510342
2002-09-30,12.0,-0.11331830230467933,2.0696940555152157,0.0,1.0,0.0,,,-0.11331830230467933
2002-10-31,12.0,-0.12272275470984267,2.080066457105976,0.0,1.0,0.0,,,-0.12272275470984267
2002-11-30,12.0,-0.134305923085045,2.093784601259368,0.0,1.0,0.0,,,-0.134305923085045
2002-12-31,12.0,-0.1308026547299292,2.1032283946660817,0.0,1.0,0.0,,,-0.1308026547299292
2003-01-31,12.0,-0.13044633065029335,2.0966479070764397,0.0,1.0,0.0,,,-0.13044633065029335
2003-02-28,12.0,-0.15096505334541832,2.0848520821930623,0.0,1.0,0.0,,,-0.15096505334541832
2003-03-31,12.0,-0.17312015970776187,2.1221130457867514,0.0,1.0,0.0,,,-0.17312015970776187
2003-04-30,12.0,-0.1880987800906808,2.1385435111970335,0.0,1.0,0.0,,,-0.1880987800906808
2003-05-31,12.0,-0.15425666780887154,2.1248808942856985,0.0,1.0,0.0,,,-0.15425666780887154
2003-06-30,12.0,-0.1801901313482868,2.1552986759145227,0.0,1.0,0.0,,,-0.1801901313482868
2003-07-31,13.0,-0.2284471257993875,2.1159454968591556,0.0,1.0,0.0,,,-0.2284471257993875
2003-08-31,16.0,-0.24156071987695787,1.9421901537591406,0.0,1.0,0.0,,,-0.24156071987695787
2003-09-30,16.0,-0.2615242546836333,1.9534458649737738,0.0,1.0,0.0,,,-0.2615242546836333
2003-10-31,16.0,-0.2765207294718238,1.9684867279934686,0.0,1.0,0.0,,,-0.2765207294718238
2003-11-30,16.0,-0.2742947181120916,1.9702265885953543,0.0,1.0,0.0,,,-0.2742947181120916
2003-12-31,16.0,-0.22974578075242305,1.9222446511448004,0.0,1.0,0.0,,,-0.22974578075242305
2004-01-31,16.0,-0.23409386402595928,1.9236135660525693,0.0,1.0,0.0,,,-0.23409386402595928
2004-02-29,16.0,-0.2332617261191514,1.8962568088444869,0.0,1.0,0.0,,,-0.2332617261191514
2004-03-31,16.0,-0.2613007172397104,1.8732353027964386,0.0,1.0,0.0,,,-0.2613007172397104
2004-04-30,16.0,-0.1565897769933968,1.8058261110568998,0.0,1.0,0.0,,,-0.1565897769933968
2004-05-31,16.0,-0.1587465082220153,1.804596604839579,0.0,1.0,0.0,,,-0.1587465082220153
2004-06-30,16.0,-0.15818439605823267,1.8033672052308367,0.0,1.0,0.0,,,-0.15818439605823267
2004-07-31,16.0,-0.15118128239824133,1.7799012490609374,0.0,1.0,0.0,,,-0.15118128239824133
2004-08-31,16.0,-0.137335476802796,1.7729433222757667,0.0,1.0,0.0,,,-0.137335476802796
2004-09-30,16.0,-0.1317897711950734,1.7567157275040342,0.0,1.0,0.0,,,-0.1317897711950734
2004-10-31,16.0,-0.13528310351209066,1.82515937143094,0.0,1.0,0.0,,,-0.13528310351209066
2004-11-30,16.0,-0.11546093345145017,1.789717279339894,0.0,1.0,0.0,,,-0.11546093345145017
2004-12-31,16.0,-0.11889918156849777,1.7917738420950524,0.0,1.0,0.0,,,-0.11889918156849777
2005-01-31,16.0,-0.12278441090605315,1.8063868960458618,0.0,1.0,0.0,,,-0.12278441090605315
2005-02-28,16.0,-0.12384868543960675,1.7929288926070974,0.0,1.0,0.0,,,-0.12384868543960675
2005-03-31,16.0,-0.11578497810353552,1.780136150896993,0.0,1.0,0.0,,,-0.11578497810353552
2005-04-30,16.0,-0.11399673851310552,1.7609151985381044,0.0,1.0,0.0,,,-0.11399673851310552
2005-05-31,16.0,-0.10420334233774378,1.7579934598276217,0.0,1.0,0.0,,,-0.10420334233774378
2005-06-30,16.0,-0.1033757350968226,1.7729303981477562,0.0,1.0,0.0,,,-0.1033757350968226
2005-07-31,16.0,-0.08454634928647789,1.7305250290248675,0.0,1.0,0.0,,,-0.08454634928647789
2005-08-31,16.0,-0.07870023719859727,1.724922567862007,0.0,1.0,0.0,,,-0.07870023719859727
2005-09-30,16.0,-0.0032106875797382924,1.6781030908947865,0.0,1.0,0.0,,,-0.0032106875797382924
2005-10-31,16.0,0.04738831124564519,1.5868732587384304,0.029862694443108236,0.0,0.0,,,-1.3877787807814457e-17
2005-11-30,16.0,0.06705297150007052,1.594967483061098,0.04204033763207568,0.0,0.0,,,1.0408340855860843e-17
2005-12-31,16.0,0.16663517708904818,1.5688186256981047,0.10621698031848494,0.0,0.0,,,-1.3877787807814457e-17
2006-01-31,16.0,0.13881612635203883,1.796835219100548,0.0772559024202157,0.0,0.0,,,-1.3877787807814457e-17
2006-02-28,16.0,0.14880203001983136,1.7930693675362113,0.08298732481515458,0.0,0.0,,,0.0
2006-03-31,16.0,0.12564640321305562,1.7205301689703962,0.0730277245229854,0.0,0.0,,,6.938893903907228e-18
2006-04-30,16.0,0.07774723267850847,1.924228132325839,0.04040437377065806,0.0,0.0,,,2.7755575615628914e-17
2006-05-31,16.0,0.07282709167400503,1.8680835718877584,0.03898492164374151,0.0,0.0,,,6.938893903907228e-18
2006-06-30,16.0,0.06789480666161171,1.8757030108935315,0.036196991883735666,0.0,0.0,,,-6.938893903907228e-18
2006-07-31,16.0,0.05780478294700087,1.8820827544633771,0.030713199411617945,0.0,0.0,,,1.3877787807814457e-17
2006-08-31,16.0,0.05034572088333037,1.8752371099088927,0.02684765602029729,0.0,0.0,,,6.938893903907228e-18
2006-09-30,16.0,0.04182076800008366,1.8848216507923674,0.022188183153829154,0.0,0.0,,,-6.938893903907228e-18
2006-10-31,16.0,0.06062399993616055,1.875712835320362,0.03232051239112318,0.0,0.0,,,0.0
2006-11-30,18.0,0.0729817318054234,1.7542426087423784,0.04160298663463899,0.0,0.0,,,3.469446951953614e-18
2006-12-31,18.0,0.07675082404592867,1.7689271796060155,0.04338834573338571,0.0,0.0,,,3.469446951953614e-18
2007-01-31,18.0,0.07650251340707212,1.7639840495019237,0.04336916392677886,0.0,0.0,,,6.938893903907228e-18
2007-02-28,18.0,0.07031202575357622,1.768833630064544,0.03975050256762167,0.0,0.0,,,-3.469446951953614e-18
2007-03-31,18.0,0.06802173135422934,1.7614197701983851,0.03861755869049215,0.0,0.0,,,6.938893903907228e-18
2007-04-30,18.0,-0.06403442294888698,1.813842733693498,0.0,1.0,0.0,,,-0.06403442294888698
2007-05-31,18.0,-0.054811591930317045,1.8128606495388568,0.0,1.0,0.0,,,-0.054811591930317045
2007-06-30,18.0,-0.04694820883305657,1.7935679916987906,0.0,1.0,0.0,,,-0.04694820883305657
2007-07-31,18.0,-0.049099230230420815,1.7988891687729047,0.0,1.0,0.0,,,-0.049099230230420815
2007-08-31,18.0,-0.06062176316149143,1.8045699971439437,0.0,1.0,0.0,,,-0.06062176316149143
2007-09-30,18.0,-0.06062611267340991,1.8475747493987082,0.0,1.0,0.0,,,-0.06062611267340991
2007-10-31,18.0,-0.05465297696493725,1.8656103530532828,0.0,1.0,0.0,,,-0.05465297696493725
2007-11-30,18.0,-0.10401777864574177,1.9077400134748823,0.0,1.0,0.0,,,-0.10401777864574177
2007-12-31,18.0,-0.09952737722331466,1.8955200914370443,0.0,1.0,0.0,,,-0.09952737722331466
2008-01-31,18.0,-0.12255414513363916,1.868762057706523,0.0,1.0,0.0,,,-0.12255414513363916
2008-02-29,18.0,-0.11350867279497621,1.8778670173697067,0.0,1.0,0.0,,,-0.11350867279497621
2008-03-31,18.0,-0.1307878423246192,1.9265434081666086,0.0,1.0,0.0,,,-0.1307878423246192
2008-04-30,18.0,-0.1254517518667182,1.9285820304106087,0.0,1.0,0.0,,,-0.1254517518667182
2008-05-31,18.0,-0.12238264034927004,1.9442029535512835,0.0,1.0,0.0,,,-0.12238264034927004
2008-06-30,18.0,-0.12775721387024258,1.9229373276803257,0.0,1.0,0.0,,,-0.12775721387024258
2008-07-31,18.0,-0.11153694679942193,1.913927414134771,0.0,1.0,0.0,,,-0.11153694679942193
2008-08-31,18.0,-0.14061725918028506,1.969579730773266,0.0,1.0,0.0,,,-0.14061725918028506
2008-09-30,18.0,-0.1171311140269165,1.9120431554564061,0.0,1.0,0.0,,,-0.1171311140269165
2008-10-31,18.0,-0.11119570659893982,1.9023153105340795,0.0,1.0,0.0,,,-0.11119570659893982
2008-11-30,18.0,-0.12640269400494633,1.9216831704736084,0.0,1.0,0.0,,,-0.12640269400494633
2008-12-31,18.0,-0.11750590304329844,1.9002191104416235,0.0,1.0,0.0,,,-0.11750590304329844
2009-01-31,18.0,-0.0923319816303127,1.8475682668931466,0.0,1.0,0.0,,,-0.0923319816303127
2009-02-28,18.0,-0.07177361888997949,1.8317098765097002,0.0,1.0,0.0,,,-0.07177361888997949
2009-03-31,18.0,-0.0545641290695002,1.834138711113333,0.0,1.0,0.0,,,-0.0545641290695002
2009-04-30,18.0,-0.07108063393891696,1.8633024826488307,0.0,1.0,0.0,,,-0.07108063393891696
2009-05-31,18.0,-0.0802583438355381,1.8884647362088298,0.0,1.0,0.0,,,-0.0802583438355381
2009-06-30,18.0,-0.08227950472196109,1.890124139080922,0.0,1.0,0.0,,,-0.08227950472196109
2009-07-31,18.0,-0.07888240801421414,1.88136291047026,0.0,1.0,0.0,,,-0.07888240801421414
2009-08-31,18.0,-0.07754189523015534,1.871839660329316,0.0,1.0,0.0,,,-0.07754189523015534
2009-09-30,18.0,-0.0739092349950032,1.865925922244947,0.0,1.0,0.0,,,-0.0739092349950032
2009-10-31,18.0,-0.07440233265196053,1.8684944723558645,0.0,1.0,0.0,,,-0.07440233265196053
2009-11-30,18.0,-0.06678025984661687,1.8557293023919836,0.0,1.0,0.0,,,-0.06678025984661687
2009-12-31,18.0,-0.06746137391068177,1.8585795979525328,0.0,1.0,0.0,,,-0.06746137391068177
2010-01-31,18.0,-0.07547605753755508,1.8633309367293078,0.0,1.0,0.0,,,-0.07547605753755508
2010-02-28,18.0,-0.07831716689924827,1.8666056858516245,0.0,1.0,0.0,,,-0.07831716689924827
2010-03-31,18.0,-0.08546262365872453,1.8756467731853892,0.0,1.0,0.0,,,-0.08546262365872453
2010-04-30,18.0,-0.08338613953469112,1.8779814494857945,0.0,1.0,0.0,,,-0.08338613953469112
2010-05-31,18.0,-0.09453847306428353,1.8856406525485494,0.0,1.0,0.0,,,-0.09453847306428353
2010-06-30,18.0,-0.0961704157890883,1.8869845381525217,0.0,1.0,0.0,,,-0.0961704157890883
2010-07-31,18.0,-0.1041849344075603,1.8815325039624087,0.0,1.0,0.0,,,-0.1041849344075603
2010-08-31,18.0,-0.10610598606760419,1.8807815682531044,0.0,1.0,0.0,,,-0.10610598606760419
2010-09-30,18.0,-0.10849927243481988,1.8882417764159733,0.0,1.0,0.0,,,-0.10849927243481988
2010-10-31,18.0,-0.11013007717111617,1.8899122218954645,0.0,1.0,0.0,,,-0.11013007717111617
2010-11-30,18.0,-0.09908767349385941,1.8824718276542292,0.0,1.0,0.0,,,-0.09908767349385941
2010-12-31,18.0,-0.10692778099934609,1.8894038567433489,0.0,1.0,0.0,,,-0.10692778099934609
2011-01-31,18.0,-0.09720175264116307,1.8856570428781432,0.0,1.0,0.0,,,-0.09720175264116307
2011-02-28,18.0,-0.1003233492054272,1.8769748388293017,0.0,1.0,0.0,,,-0.1003233492054272
2011-03-31,18.0,-0.10082164331954388,1.8760832549261524,0.0,1.0,0.0,,,-0.10082164331954388
2011-04-30,18.0,-0.08385833069669846,1.8522231344277804,0.0,1.0,0.0,,,-0.08385833069669846
2011-05-31,18.0,-0.08766065532822129,1.8561284431446365,0.0,1.0,0.0,,,-0.08766065532822129
2011-06-30,18.0,-0.08307485656002726,1.857622398862356,0.0,1.0,0.0,,,-0.08307485656002726
2011-07-31,18.0,-0.08135243543602592,1.8590904964901078,0.0,1.0,0.0,,,-0.08135243543602592
2011-08-31,18.0,-0.09208636380587193,1.869889991389433,0.0,1.0,0.0,,,-0.09208636380587193
2011-09-30,18.0,-0.0959459958154886,1.8775430077879407,0.0,1.0,0.0,,,-0.0959459958154886
2011-10-31,18.0,-0.16381248899868667,1.9321768904925656,0.0,1.0,0.0,,,-0.16381248899868667
2011-11-30,18.0,-0.12143937144186454,1.894699704675447,0.0,1.0,0.0,,,-0.12143937144186454
2011-12-31,18.0,-0.13634737786420417,1.9094996338540566,0.0,1.0,0.0,,,-0.13634737786420417
2012-01-31,18.0,-0.1805378283194993,1.9440206594000007,0.0,1.0,0.0,,,-0.1805378283194993
2012-02-29,18.0,-0.2145412562088182,1.9775366425245333,0.0,1.0,0.0,,,-0.2145412562088182
2012-03-31,18.0,-0.20681989646786197,1.9731525343351621,0.0,1.0,0.0,,,-0.20681989646786197
2012-04-30,18.0,-0.1960186769472514,1.955303741118021,0.0,1.0,0.0,,,-0.1960186769472514
2012-05-31,18.0,-0.19967900319808246,1.9619690962690355,0.0,1.0,0.0,,,-0.19967900319808246
2012-06-30,18.0,-0.20251258321855514,1.9674127996021575,0.0,1.0,0.0,,,-0.20251258321855514
2012-07-31,18.0,-0.20943992387357657,1.9678492302283632,0.0,1.0,0.0,,,-0.20943992387357657
2012-08-31,18.0,-0.2133480190226297,1.9697066129766299,0.0,1.0,0.0,,,-0.2133480190226297
2012-09-30,18.0,-0.21573317567665512,1.9813051600890088,0.0,1.0,0.0,,,-0.21573317567665512
2012-10-31,18.0,-0.20028242853041636,1.992151891276715,0.0,1.0,0.0,,,-0.20028242853041636
2012-11-30,18.0,-0.2198357105956112,2.0045529544367966,0.0,1.0,0.0,,,-0.2198357105956112
2012-12-31,18.0,-0.22418836106830417,2.0067060452673484,0.0,1.0,0.0,,,-0.22418836106830417
2013-01-31,18.0,-0.22716755359217522,2.007342797103899,0.0,1.0,0.0,,,-0.22716755359217522
2013-02-28,18.0,-0.21815970156432965,2.0049396006090188,0.0,1.0,0.0,,,-0.21815970156432965
2013-03-31,18.0,-0.2067913346774721,1.9929669217787085,0.0,1.0,0.0,,,-0.2067913346774721
2013-04-30,18.0,-0.20981880876897663,1.9927480655017855,0.0,1.0,0.0,,,-0.20981880876897663
2013-05-31,18.0,-0.16690533270015556,1.9845277742629548,0.0,1.0,0.0,,,-0.16690533270015556
2013-06-30,18.0,-0.13973124261248043,1.9558314043138814,0.0,1.0,0.0,,,-0.13973124261248043
2013-07-31,18.0,-0.1459981040195516,1.9780749481286393,0.0,1.0,0.0,,,-0.1459981040195516
2013-08-31,18.0,-0.14292203760291122,1.9728584795262876,0.0,1.0,0.0,,,-0.14292203760291122
2013-09-30,18.0,-0.15048536386029623,1.9771453148025686,0.0,1.0,0.0,,,-0.15048536386029623
2013-10-31,18.0,-0.14934979378091576,1.9712459817719952,0.0,1.0,0.0,,,-0.14934979378091576
2013-11-30,18.0,-0.1491417698636392,1.9717372423088506,0.0,1.0,0.0,,,-0.1491417698636392
2013-12-31,18.0,-0.13019045540336754,1.9586789103602846,0.0,1.0,0.0,,,-0.13019045540336754
2014-01-31,18.0,-0.14131465265852422,1.9630986079459392,0.0,1.0,0.0,,,-0.14131465265852422
2014-02-28,18.0,-0.13986038822851743,1.9729238962677522,0.0,1.0,0.0,,,-0.13986038822851743
2014-03-31,18.0,-0.1339770761832426,1.9735962645981093,0.0,1.0,0.0,,,-0.1339770761832426
2014-04-30,18.0,-0.15951767454957289,2.0095941500942636,0.0,1.0,0.0,,,-0.15951767454957289
2014-05-31,18.0,-0.1438994801012433,2.015120933525189,0.0,1.0,0.0,,,-0.1438994801012433
2014-06-30,18.0,-0.14887139293973073,2.0239702972069016,0.0,1.0,0.0,,,-0.14887139293973073
2014-07-31,18.0,-0.16440239904243556,2.0265456040310084,0.0,1.0,0.0,,,-0.16440239904243556
2014-08-31,18.0,-0.14162412409435945,1.9982265611828094,0.0,1.0,0.0,,,-0.14162412409435945
2014-09-30,18.0,-0.08389905020451374,1.9232893610787654,0.0,1.0,0.0,,,-0.08389905020451374
2014-10-31,18.0,-0.0733206265596921,1.9040829861792319,0.0,1.0,0.0,,,-0.0733206265596921
2014-11-30,18.0,-0.07180896616409403,1.9240930966998797,0.0,1.0,0.0,,,-0.07180896616409403
2014-12-31,18.0,-0.06129280372431336,1.913156987552103,0.0,1.0,0.0,,,-0.06129280372431336
2015-01-31,18.0,-0.05557402795447533,1.8908325395817558,0.0,1.0,0.0,,,-0.05557402795447533
2015-02-28,18.0,-0.04686478992486818,1.8858345146548903,0.0,1.0,0.0,,,-0.04686478992486818
2015-03-31,18.0,-0.0634144478111461,1.884413851710752,0.0,1.0,0.0,,,-0.0634144478111461
2015-04-30,18.0,-0.07035041493849112,1.9153731497907924,0.0,1.0,0.0,,,-0.07035041493849112
2015-05-31,18.0,0.0067108418715089435,1.9331862916562774,0.003471389126062631,0.0,0.0,,,-1.3877787807814457e-17
2015-06-30,18.0,0.05415712405663102,1.904629671251322,0.028434464123962926,0.0,0.0,,,0.0
2015-07-31,18.0,0.0248730707649045,1.9414218375211,0.012811780667236969,0.0,0.0,,,-1.0408340855860843e-17
2015-08-31,18.0,0.04432945733751088,1.8956224900727845,0.02338517166242779,0.0,0.0,,,-1.734723475976807e-18
2015-09-30,18.0,0.02915844390998717,1.8296101025983766,0.015936971417340184,0.0,0.0,,,-5.963111948670274e-19
2015-10-31,18.0,0.008874186841555769,1.8416791278019113,0.004818530387618242,0.0,0.0,,,1.3010426069826053e-17
2015-11-30,18.0,0.011245637254222923,1.8255277753235402,0.006160211532377177,0.0,0.0,,,-4.336808689942018e-18
2015-12-31,18.0,0.016551468401095483,1.8272564150258315,0.009058098395490651,0.0,0.0,,,5.61752250619052e-18
2016-01-31,18.0,0.013312706771143004,1.8370055103012073,0.007246960717586615,0.0,0.0,,,1.3010426069826053e-17
2016-02-29,18.0,0.01757972761556475,1.833739234325125,0.009586819808670698,0.0,0.0,,,-1.5612511283791264e-17
2016-03-31,18.0,0.010230347104123821,1.8165320766411908,0.0056318009660693506,0.0,0.0,,,3.469446951953614e-18
2016-04-30,18.0,0.011531128780421103,1.821651236049409,0.0063300419708376835,0.0,0.0,,,-8.673617379884035e-18
2016-05-31,18.0,-0.013237586660202836,1.838215317287473,0.0,1.0,0.0,,,-0.013237586660202836
2016-06-30,18.0,-0.0421587949694873,1.8626673303952295,0.0,1.0,0.0,,,-0.0421587949694873
2016-07-31,18.0,-0.02977597945687217,1.8586086350468565,0.0,1.0,0.0,,,-0.02977597945687217
2016-08-31,18.0,-0.023978034622059354,1.8583351536779293,0.0,1.0,0.0,,,-0.023978034622059354
2016-09-30,18.0,-0.03088332088222184,1.869087888736114,0.0,1.0,0.0,,,-0.03088332088222184
2016-10-31,18.0,-0.014750572658692507,1.8485851894839833,0.0,1.0,0.0,,,-0.014750572658692507
2016-11-30,18.0,-0.016240787251881675,1.8577008722003614,0.0,1.0,0.0,,,-0.016240787251881675
2016-12-31,18.0,-0.014380179166407665,1.8555779568075186,0.0,1.0,0.0,,,-0.014380179166407665
2017-01-31,18.0,0.0028905761209882287,1.8460122361839453,0.0015658488412642344,0.0,0.0,,,-3.469446951953614e-18
2017-02-28,18.0,0.011370287281244371,1.8461507219369686,0.00615891603330997,0.0,0.0,,,-3.469446951953614e-18
2017-03-31,18.0,0.005592320994200428,1.846199991062601,0.0030290981590687287,0.0,0.0,,,6.938893903907228e-18
2017-04-30,18.0,0.0065830197724563305,1.8420541259220908,0.0035737385127926243,0.0,0.0,,,-6.938893903907228e-18
2017-05-31,18.0,0.0013661917710241257,1.8406902923311041,0.0007422170784059172,0.0,0.0,,,3.469446951953614e-18
2017-06-30,18.0,0.008029452194231412,1.8470532266594197,0.004347168819143062,0.0,0.0,,,-3.469446951953614e-18
2017-07-31,18.0,0.006032651090464466,1.8510067124505827,0.0032591189701725743,0.0,0.0,,,3.469446951953614e-18
2017-08-31,18.0,0.009811229269170968,1.8479761045297216,0.005309175397410108,0.0,0.0,,,6.938893903907228e-18
2017-09-30,18.0,-0.014455950577970271,1.8696395129238703,0.0,1.0,0.0,,,-0.014455950577970271
2017-10-31,18.0,-0.01416929464856696,1.8670858115710183,0.0,1.0,0.0,,,-0.01416929464856696
2017-11-30,18.0,-0.006030117476535776,1.8771878394446488,0.0,1.0,0.0,,,-0.006030117476535776
2017-12-31,18.0,-0.010005702355144324,1.8594994975460488,0.0,1.0,0.0,,,-0.010005702355144324
2018-01-31,18.0,-0.05518786888583834,1.900397386225223,0.0,1.0,0.0,,,-0.05518786888583834
2018-02-28,18.0,-0.02183006792145228,1.8835322064938105,0.0,1.0,0.0,,,-0.02183006792145228
2018-03-31,18.0,-0.02618510179923032,1.8896595096535713,0.0,1.0,0.0,,,-0.02618510179923032
2018-04-30,18.0,-0.019928618754521673,1.8876769431669478,0.0,1.0,0.0,,,-0.019928618754521673
2018-05-31,18.0,-0.021132649519856425,1.8787516632040804,0.0,1.0,0.0,,,-0.021132649519856425
2018-06-30,18.0,-0.04710000333491747,1.903692432701254,0.0,1.0,0.0,,,-0.04710000333491747
2018-07-31,18.0,-0.029432217312783556,1.9050355163470085,0.0,1.0,0.0,,,-0.029432217312783556
2018-08-31,18.0,-0.029495523562826077,1.8900602271716267,0.0,1.0,0.0,,,-0.029495523562826077
2018-09-30,18.0,-0.008375121007335954,1.8943802914348078,0.0,1.0,0.0,,,-0.008375121007335954
2018-10-31,18.0,0.022741063902956025,1.8408985442184878,0.012353241287726822,0.0,0.0,,,3.469446951953614e-18
2018-11-30,18.0,0.007071370823710486,1.8343535681509424,0.0038549661016761016,0.0,0.0,,,-3.469446951953614e-18
2018-12-31,18.0,-0.037433583999072276,1.8851203922735087,0.0,1.0,0.0,,,-0.037433583999072276
2019-01-31,18.0,0.04339227893931018,1.827129472345224,0.023748880194906896,0.0,0.0,,,0.0
2019-02-28,18.0,0.04368260854371838,1.8268655823649518,0.023911232969406247,0.0,0.0,,,0.0
2019-03-31,18.0,0.05543513907660977,1.804541964354403,0.030719783840794396,0.0,0.0,,,6.938893903907228e-18
2019-04-30,18.0,0.05079536534764438,1.832800213431181,0.02771462212597111,0.0,0.0,,,-3.469446951953614e-18
2019-05-31,18.0,-0.019878865908707386,1.9485496061235792,0.0,1.0,0.0,,,-0.019878865908707386
2019-06-30,18.0,-0.010351374162049972,1.930588719135621,0.0,1.0,0.0,,,-0.010351374162049972
2019-07-31,18.0,-0.008365680630713617,1.9530133722167016,0.0,1.0,0.0,,,-0.008365680630713617
2019-08-31,18.0,-0.01733510983540102,1.9608986971956237,0.0,1.0,0.0,,,-0.01733510983540102
2019-09-30,18.0,-0.010750346715313748,1.9519124161715118,0.0,1.0,0.0,,,-0.010750346715313748
2019-10-31,18.0,-0.03572128272419061,1.991466663847051,0.0,1.0,0.0,,,-0.03572128272419061
2019-11-30,18.0,-0.05196321882332228,2.003029146873774,0.0,1.0,0.0,,,-0.05196321882332228
2019-12-31,18.0,-0.05789657976654108,2.0083586508617195,0.0,1.0,0.0,,,-0.05789657976654108
2020-01-31,18.0,-0.08402103190897649,2.045650450512743,0.0,1.0,0.0,,,-0.08402103190897649
2020-02-29,18.0,-0.1289721626011745,2.0480509793948496,0.0,1.0,0.0,,,-0.1289721626011745
2020-03-31,18.0,-0.16927493316341813,1.90559515384572,0.0,1.0,0.0,,,-0.16927493316341813
2020-04-30,18.0,-0.11290400764126017,1.8151256053361602,0.0,1.0,0.0,,,-0.11290400764126017
2020-05-31,18.0,-0.10510597162583549,1.7241776243104128,0.0,1.0,0.0,,,-0.10510597162583549
2020-06-30,18.0,-0.10661645777404326,1.7197696709001868,0.0,1.0,0.0,,,-0.10661645777404326
2020-07-31,18.0,-0.09587879007011936,1.7350140817112258,0.0,1.0,0.0,,,-0.09587879007011936
2020-08-31,18.0,-0.1034824296000877,1.7603134215552465,0.0,1.0,0.0,,,-0.1034824296000877
2020-09-30,18.0,-0.09832107762120648,1.7629832188235677,0.0,1.0,0.0,,,-0.09832107762120648
2020-10-31,18.0,-0.09107115238183401,1.755930288673798,0.0,1.0,0.0,,,-0.09107115238183401
2020-11-30,18.0,-0.09017793977519203,1.7651466556880284,0.0,1.0,0.0,,,-0.09017793977519203
2020-12-31,18.0,-0.09067991718333149,1.7697553097941834,0.0,1.0,0.0,,,-0.09067991718333149
2021-01-31,18.0,-0.08575938010700437,1.7684865613437786,0.0,1.0,0.0,,,-0.08575938010700437
2021-02-28,18.0,-0.0968903609112365,1.7761272694674832,0.0,1.0,0.0,,,-0.0968903609112365
2021-03-31,18.0,-0.09067771638518299,1.766610855166563,0.0,1.0,0.0,,,-0.09067771638518299
2021-04-30,18.0,-0.0865183876323144,1.7633816403012843,0.0,1.0,0.0,,,-0.0865183876323144
2021-05-31,18.0,-0.08532689663998694,1.7625869356627581,0.0,1.0,0.0,,,-0.08532689663998694
2021-06-30,18.0,-0.08693110206188427,1.7647507436732106,0.0,1.0,0.0,,,-0.08693110206188427
2021-07-31,18.0,-0.09079850823059915,1.7673444027261522,0.0,1.0,0.0,,,-0.09079850823059915
2021-08-31,18.0,-0.08872282665229642,1.7654435550396947,0.0,1.0,0.0,,,-0.08872282665229642
2021-09-30,18.0,-0.07942189812670881,1.7683724410773247,0.0,1.0,0.0,,,-0.07942189812670881
2021-10-31,18.0,-0.0929574724559349,1.775983782235063,0.0,1.0,0.0,,,-0.0929574724559349
2021-11-30,18.0,-0.09265210792796488,1.7631426186500407,0.0,1.0,0.0,,,-0.09265210792796488
2021-12-31,18.0,-0.08591526279290712,1.7394056777691975,0.0,1.0,0.0,,,-0.08591526279290712
2022-01-31,18.0,-0.08029734679275437,1.7563965029837807,0.0,1.0,0.0,,,-0.08029734679275437
2022-02-28,18.0,-0.07867368584125835,1.7585437514473998,0.0,1.0,0.0,,,-0.07867368584125835
2022-03-31,18.0,-0.07928111449337259,1.7600130945870502,0.0,1.0,0.0,,,-0.07928111449337259
2022-04-30,18.0,-0.046983481449936484,1.7523577640606458,0.0,1.0,0.0,,,-0.046983481449936484
2022-05-31,18.0,-0.032843963375886735,1.7388076603496208,0.0,1.0,0.0,,,-0.032843963375886735
2022-06-30,18.0,-0.02664526714130827,1.7623596905421524,0.0,1.0,0.0,,,-0.02664526714130827
2022-07-31,18.0,-0.024721569792732614,1.7713644985326726,0.0,1.0,0.0,,,-0.024721569792732614
2022-08-31,18.0,-0.004536849180356666,1.761602416258663,0.0,1.0,0.0,,,-0.004536849180356666
2022-09-30,18.0,0.025961530116668866,1.7271528271902805,0.0150314029586501,0.0,0.0,,,-6.938893903907228e-18
2022-10-31,18.0,0.0216648322014008,1.7364406322898587,0.012476575241637375,0.0,0.0,,,3.469446951953614e-18
2022-11-30,18.0,0.04694060726323026,1.7006717626378425,0.027601215175362587,0.0,0.0,,,0.0
2022-12-31,18.0,0.04569930046577692,1.701865380680359,0.026852476690904657,0.0,0.0,,,-6.938893903907228e-18
2023-01-31,18.0,0.06635566072339508,1.6972554704028466,0.039095859097537884,0.0,0.0,,,3.469446951953614e-18
2023-02-28,18.0,0.09719062374379417,1.6787710431427219,0.05789391241931938,0.0,0.0,,,-1.3877787807814457e-17
2023-03-31,18.0,0.1968793291812096,1.6328276711271914,0.1205756937260242,0.0,0.0,,,-6.938893903907228e-18
2023-04-30,18.0,0.21376461155532947,1.645052395429981,0.12994395324378472,0.0,0.0,,,-4.163336342344337e-17
2023-05-31,18.0,0.24380794377712695,1.6257038281537777,0.1499707016461948,0.0,0.0,,,2.7755575615628914e-17
2023-06-30,18.0,0.24081707517607387,1.6214722485771214,0.14851754347778465,0.0,0.0,,,5.551115123125783e-17
2023-07-31,18.0,0.2245701205583596,1.6260592035425705,0.13810697671345906,0.0,0.0,,,2.0816681711721685e-17
2023-08-31,18.0,0.23756177823108132,1.609092419629199,0.1476371247127156,0.0,0.0,,,-4.163336342344337e-17
2023-09-30,18.0,0.2539731371183363,1.590128960178948,0.15971857847916623,0.0,0.0,,,2.7755575615628914e-17
2023-10-31,18.0,0.24408308083556318,1.595634463883582,0.15296929613910093,0.0,0.0,,,-3.469446951953614e-17
2023-11-30,18.0,0.29318557665313544,1.5934555627456632,0.18399356938950406,0.0,0.0,,,5.551115123125783e-17
2023-12-31,18.0,0.29450966050272054,1.5827680374412973,0.18607253465822118,0.0,0.0,,,-2.7755575615628914e-17
2024-01-31,18.0,0.2939630866630415,1.5832221104937947,0.185673939692111,0.0,0.0,,,0.0
2024-02-29,18.0,0.3019590938326971,1.5823542013009853,0.19082901513733863,0.0,0.0,,,0.0
2024-03-31,18.0,0.29862241982002435,1.57008067907891,0.19019558918157736,0.0,0.0,,,-1.3877787807814457e-17
2024-04-30,18.0,0.3023454994978776,1.5691731343764221,0.19267822834478202,0.0,0.0,,,5.551115123125783e-17
2024-05-31,18.0,0.29003594691656276,1.5872287777934595,0.18273102842790323,0.0,0.0,,,5.551115123125783e-17
2024-06-30,18.0,0.2889480403399632,1.5854194649760536,0.18225336999021108,0.0,0.0,,,1.3877787807814457e-17
2024-07-31,18.0,0.28451509482220955,1.583076972618688,0.17972284338870237,0.0,0.0,,,-2.7755575615628914e-17
2024-08-31,18.0,0.27947072217203195,1.5842322393515311,0.17640767258115314,0.0,0.0,,,1.3877787807814457e-17
2024-09-30,18.0,0.2883015406147144,1.5818956632257724,0.1822506675483358,0.0,0.0,,,-3.469446951953614e-17
2024-10-31,18.0,0.2853967179109573,1.5704877360247484,0.1817248943524764,0.0,0.0,,,-1.474514954580286e-17
2024-11-30,18.0,0.276652472965446,1.5918727177354257,0.17379057375831383,0.0,0.0,,,-4.466912950640278e-17
2024-12-31,18.0,0.26452856448373147,1.6073471839191313,0.16457462776569645,0.0,0.0,,,3.903127820947816e-18
2025-01-31,18.0,0.26258249141396267,1.5900597377361638,0.16514001655548655,0.0,0.0,,,-2.168404344971009e-18
2025-02-28,18.0,0.26005083150253433,1.591281888871616,0.16342222790390543,0.0,0.0,,,1.1275702593849246e-17
2025-03-31,18.0,0.2664755710438775,1.587171691835219,0.16789334916612356,0.0,0.0,,,3.209238430557093e-17
2025-04-30,18.0,0.2849259003059218,1.576799876882904,0.1806988346987808,0.0,0.0,,,1.734723475976807e-17
2025-05-31,18.0,0.28356184052330563,1.5779361528274158,0.17970425483642477,0.0,0.0,,,5.898059818321144e-17
2025-06-30,18.0,0.29267643901550605,1.5866555835729361,0.18446122904407386,0.0,0.0,,,2.0816681711721685e-17
2025-07-31,18.0,0.29871119043357713,1.5889582448974005,0.18799184395991791,0.0,0.0,,,-1.3877787807814457e-17
2025-08-31,18.0,0.29182042551960274,1.6034039420076542,0.18200056634151002,0.0,0.0,,,3.8163916471489756e-17
2025-09-30,18.0,0.22934569656055112,1.6971238690359753,0.13513786515231052,0.0,0.0,,,-8.673617379884035e-19
2025-10-31,18.0,0.24323166055156947,1.6943186389251288,0.14355721229973306,0.0,0.0,,,7.719519468096792e-17
2025-11-30,18.0,0.26911525823297744,1.6616835756874364,0.16195337197194407,0.0,0.0,,,0.0
2025-12-31,18.0,0.2610260192171193,1.6639936047757964,0.15686720097237963,0.0,0.0,,,1.734723475976807e-17
2026-01-31,18.0,0.30018664726210925,1.6222888882024666,0.18503895911826343,0.0,0.0,,,6.591949208711867e-17
2026-02-28,18.0,0.28599554960243906,1.5856026868023392,0.18037024784512817,0.0,0.0,,,-4.85722573273506e-17
2026-03-31,18.0,0.2125993368029945,1.7266700626446703,0.1231267868728579,0.0,0.0,,,2.0816681711721685e-17
2026-04-30,18.0,0.20728888001170281,1.7420947279031496,0.11898829420212038,0.0,0.0,,,-4.163336342344337e-17
2026-05-31,18.0,0.1813992229912011,1.8126845039417598,0.10007214305453638,0.0,0.0,,,1.3877787807814457e-17
2026-06-30,18.0,0.17529904651703818,1.7661706243403876,0.09925374372167875,0.0,0.0,,,0.0
