date,net_10bps,net_2bps,gross,bench_net_10bps
1982-02-28,-0.07093597455689564,-0.06693597455689564,-0.06593597455689564,-0.023849332365626214
1982-03-31,0.060321592781815404,0.06275207860505058,0.06335970006085938,-0.01265381325545667
1982-04-30,0.008094022516489548,0.012449618973879167,0.013538518088226571,0.027463018613662328
1982-05-31,-0.020352324961916423,-0.02034639175641359,-0.02034490845503788,-0.011131491852775547
1982-06-30,0.012045597039014675,0.012061652664307004,0.012065666570630088,-0.030095733713015473
1982-07-31,0.009715110862572039,0.009730396534387053,0.009734217952340807,0.00917603848730079
1982-08-31,0.16628573269565355,0.16837959652264473,0.16890306247939252,0.05802376775490059
1982-09-30,-0.03833722893732618,-0.033743301909080176,-0.03259482015201867,0.0335603274847772
1982-10-31,0.02722918747047842,0.029331881591460583,0.029857555121706125,0.07902070598721614
1982-11-30,0.21656964739933207,0.21968627709578084,0.22046543451989303,0.0420579892737722
1982-12-31,0.052217211308162315,0.05533384100461108,0.05611299842872327,0.016392344665121517
1983-01-31,-0.13579760508856722,-0.13579000215755013,-0.13578810142479586,0.005541782088529474
1983-02-28,-0.04051118909075457,-0.03722085340068155,-0.03639826947816329,0.027772663562462954
1983-03-31,0.08118003874972882,0.0812874684027787,0.08131432581604117,0.011644210434660834
1983-04-30,-0.05198809884674548,-0.05188596591319985,-0.05186043267981344,0.040845963339601624
1983-05-31,-0.08614935333467372,-0.08600755449363601,-0.08597210478337658,-0.011191113479298742
1983-06-30,0.03700876397118952,0.037144192379513205,0.03717804948159412,0.012812579734336322
1983-07-31,0.0822194336801777,0.08228454691519116,0.08230082522394452,-0.03199888289657047
1983-08-31,0.05464678686893995,0.05608288456826489,0.056441908993096125,-0.007209584975289877
1983-09-30,-0.0004011275855682016,0.0008560633809910133,0.001170361122630817,0.025193317799025557
1983-10-31,0.053736023466726714,0.05379159732763093,0.053805490792856986,-0.023644701099869932
1983-11-30,-0.050495100534170174,-0.04775747747178735,-0.04707307170619165,0.012709585752241829
1983-12-31,0.1612215636929366,0.16123633567718665,0.16124002867324916,-0.00038287723544812736
1984-01-31,0.09156893792693742,0.09301482751430036,0.0933762999111411,0.0025334682071048715
1984-02-29,-0.0011162026832169775,0.001346815929395587,0.0019625705825487283,-0.02909709769546189
1984-03-31,0.028857027792207616,0.02891422190146183,0.028928520428775382,0.003938839598296164
1984-04-30,0.016741797643633084,0.017948109503070565,0.018249687467929935,-0.008441300074113625
1984-05-31,-0.02581520268255718,-0.02571274210742213,-0.025687126963638368,-0.06280927026316517
1984-06-30,-0.022180052238107376,-0.020690766013562838,-0.020318444457426702,0.01951241557967398
1984-07-31,0.03004068601304924,0.03006873958875252,0.03007575298267834,0.009181727171852635
1984-08-31,0.005188820405207589,0.005215740696236946,0.005222470768994285,0.052495848517121746
1984-09-30,0.013484510053941301,0.015165179467197287,0.015585346820511284,0.0057041604345051304
1984-10-31,0.01638065686941026,0.016462808648822068,0.016483346593675022,0.029386240589916065
1984-11-30,0.014019083324566068,0.015800355166199435,0.016245673126607775,0.002925190489497316
1984-12-31,-0.0027623739497763975,0.0003007471440818943,0.0010665274175464673,0.011686173234858802
1985-01-31,0.059941917255814166,0.060094867651525254,0.060133105250453026,0.051946404095729475
1985-02-28,-0.03903067979660603,-0.03899939043196449,-0.0389915680908041,-0.01113165371278474
1985-03-31,-0.042560347694069814,-0.04243868976440815,-0.04240827528199274,0.00891491320434745
1985-04-30,-0.03043928549887714,-0.029176366378796607,-0.028860636598776475,0.006284848561246429
1985-05-31,0.043349415799751156,0.04337166296009838,0.043377224750185184,0.05428659460657791
1985-06-30,0.007034753421510357,0.008594186714761523,0.008984045038074314,0.009853981938636697
1985-07-31,-0.033928052123319806,-0.03241439279416889,-0.03203597796188116,-0.014038114061999249
1985-08-31,-0.08415649835246891,-0.08293456950831019,-0.0826290872972705,0.011564488227666852
1985-09-30,-0.06646539144863081,-0.06634676407568241,-0.0663171072324453,-0.016194190779427832
1985-10-31,0.04692428270324403,0.04701026084822907,0.04703175538447533,0.02787923493759622
1985-11-30,0.15349789291593433,0.1536912783159999,0.1537396246660163,0.03556290724398529
1985-12-31,0.043703484108078824,0.04381562690260674,0.043843662601238724,0.03860317961928598
1986-01-31,0.006055311427295788,0.006106748252151969,0.006119607458366014,0.0035615771398565524
1986-02-28,0.10465360547911413,0.10477823843165383,0.10480939666978877,0.06708070938395135
1986-03-31,-0.2528298059776368,-0.2507780015288708,-0.2502650504166793,0.07375235153932952
1986-04-30,-0.012081788179808131,-0.011347041404390955,-0.011163354710536661,0.0009994571002514738
1986-05-31,-0.05615590696552185,-0.05516988303358391,-0.05492337705059942,0.007847393243813432
1986-06-30,-0.04758789798269827,-0.047563563444958275,-0.04755747981052327,0.03741581167035886
1986-07-31,-0.048879056647972534,-0.048830667846730555,-0.04881857064642006,-0.027541678825932208
1986-08-31,-0.061973395389172854,-0.06040439860350646,-0.060012149407089856,0.04145949582324719
1986-09-30,-0.040861463910490045,-0.04083072685533072,-0.04082304259154089,-0.05113053018564656
1986-10-31,0.07588913667157003,0.07597586467010208,0.07599754666973509,0.008537375175195538
1986-11-30,-0.06727423775758459,-0.06722826470598753,-0.06721677144308827,0.022217310201471847
1986-12-31,-0.06469268589112982,-0.06465617229562452,-0.06464704389674819,-0.006013736094298597
1987-01-31,0.05328661584545858,0.05342507047826456,0.053459684136466054,0.05554225129458082
1987-02-28,0.062306620814543384,0.062360438450033626,0.06237389285890618,0.023617754076502604
1987-03-31,-0.05324446574468894,-0.05322286238527511,-0.05321746154542166,0.004087262285012496
1987-04-30,-0.1103567823929819,-0.11034057658162785,-0.11033652512878935,-0.017579261437470142
1987-05-31,-0.06852729689554271,-0.06834472641612678,-0.0682990837962728,0.003242194255692221
1987-06-30,0.04315471902464792,0.043284967621539376,0.04331752977076224,0.012885920971047533
1987-07-31,-0.0028823383425044197,-0.00284485324522656,-0.002835481970907095,0.004173579580981135
1987-08-31,-0.032238231882999076,-0.03216566963220576,-0.032147529069507436,0.0144204808149378
1987-09-30,-0.018761393165947698,-0.018717402010193996,-0.018706404221255572,-0.028241402875112044
1987-10-31,-0.14298632581891338,-0.1429300390215675,-0.14291596732223105,-0.07432941148683524
1987-11-30,-0.04043578612444284,-0.040098003852099,-0.04001355828401305,-0.025806567267575426
1987-12-31,0.10465417670252093,0.10466135548304326,0.10466315017817383,0.023900833356437258
1988-01-31,-0.05407262430598608,-0.05393814402172556,-0.05390452395066043,0.05082065593226413
1988-02-29,-0.0175190862330122,-0.017488909227537146,-0.01748136497616838,0.03258689063338042
1988-03-31,-0.02193805078443151,-0.021870990156492718,-0.02185422499950802,-0.00923901839085554
1988-04-30,-0.03045269832641955,-0.030428655989881558,-0.03042264540574706,0.001808114903370758
1988-05-31,-0.008832739369504801,-0.008822971142890094,-0.008820529086236418,-0.011894941279443589
1988-06-30,0.03596785291989293,0.036105116269834626,0.036139432107320055,0.035014864298292994
1988-07-31,-0.010573115751018072,-0.0091739497657893,-0.008824158269482109,-0.014061130957716142
1988-08-31,-0.004865651608900696,-0.004852108440420605,-0.004848722648300582,-0.017628948132330086
1988-09-30,0.006333980974154661,0.0063431248920901625,0.006345410871574038,0.027631735862948942
1988-10-31,-0.012692429124663373,-0.012681783795687346,-0.012679122463443339,0.011169230276939703
1988-11-30,-0.07335750108645286,-0.07334164490841388,-0.07333768086390413,-0.011839165497074089
1988-12-31,-0.014599340929699844,-0.014512426162105706,-0.01449069747020717,0.009180355881687492
1989-01-31,-0.02943467608812351,-0.027429599339168456,-0.026928330151929695,0.04890591554295969
1989-02-28,-0.01499650570778392,-0.014986050189466912,-0.01498343630988766,-0.01543418361974832
1989-03-31,-0.027372268479048674,-0.02719033061115476,-0.027144846144181282,0.014458037819796963
1989-04-30,0.0468741790610646,0.04740322953106371,0.047535492148563493,0.029532911824959714
1989-05-31,0.006363879347136038,0.006797688506540602,0.006906140796391742,0.024450193904933727
1989-06-30,0.014637724153433705,0.014673521161454334,0.014682470413459492,0.009660766102925846
1989-07-31,0.0067476050514897615,0.006756006298864506,0.006758106610708192,0.04462471894148278
1989-08-31,0.01772894853309069,0.020029463472676416,0.020604592207572846,-0.0024288226190109265
1989-09-30,-0.031040639737926985,-0.028420063078675725,-0.02776491891386291,-0.0016206071940900576
1989-10-31,-0.01834033387132338,-0.017913590943961288,-0.017806905212120763,-0.00692164569468699
1989-11-30,-0.025816747564258603,-0.02570764540588028,-0.025680369866285697,0.02010425078419017
1989-12-31,-0.04259779339597035,-0.0425409177448198,-0.04252669883203217,0.015162269282177631
1990-01-31,0.012751809540431943,0.012793457030158332,0.01280386890258993,-0.04846617380131328
1990-02-28,0.08309690168540537,0.08313599435075919,0.08314576751709765,-0.01277543628870768
1990-03-31,0.12788040331891104,0.12793109491669982,0.12794376781614702,-0.016645776603777845
1990-04-30,-0.011836272010196866,-0.01159127297486313,-0.011530023216029694,-0.031090839662907283
1990-05-31,-0.04349051152016011,-0.04323848203255083,-0.043175474660648513,0.07355890263212331
1990-06-30,0.041187540194327105,0.04121083507965941,0.04121665880099249,0.0020239332306345604
1990-07-31,0.0247576368925827,0.02516189744435376,0.025262962582296527,-0.013226093283494587
1990-08-31,0.06948841403812217,0.07246560779633389,0.07320990623588682,-0.08036091913499153
1990-09-30,0.07361369153868835,0.07589735860928497,0.07646827537693413,-0.05860910579497975
1990-10-31,-0.06451240016831235,-0.06404821829651623,-0.06393217282856721,0.032012083276140815
1990-11-30,0.17228418381310417,0.17333528372586993,0.17359805870406136,0.024604628202768715
1990-12-31,-0.014983270444348,-0.014568892028129728,-0.014465297424075159,0.023515598335413133
1991-01-31,0.10523550243293796,0.10555052378765988,0.10562927912634036,0.021967817357779352
1991-02-28,0.013020507994878154,0.013149435306261961,0.013181667134107913,0.05667243663690199
1991-03-31,0.06696489695881871,0.067006457523117,0.06701684766419157,0.015362277178318487
1991-04-30,-0.0014234489318159477,-0.0013685088826630657,-0.0013547738703748452,0.0037970854246734487
1991-05-31,0.03377143189792354,0.03378709783447461,0.033791014318612374,0.00994172695332364
1991-06-30,-0.009313870514266624,-0.008368520009453397,-0.00813218238325009,-0.03874229274910525
1991-07-31,-0.03281838011918239,-0.03278145342492578,-0.03277222175136162,0.032626408820938764
1991-08-31,0.001944194114801632,0.0025069121841597946,0.0026475917014993355,0.014036834540700056
1991-09-30,0.055797730261546885,0.05622249501167021,0.05632868619920104,0.017175709640699397
1991-10-31,0.02001813478507516,0.020039290611018,0.02004457956750371,0.011200095863933335
1991-11-30,-0.06746949592531327,-0.06459195564606847,-0.06387257057625727,-0.030937751742589913
1991-12-31,-0.05822166668462255,-0.057984063885302924,-0.05792466318547301,0.059691703855568615
1992-01-31,-0.005497536981498647,-0.00465619247746926,-0.004445856351461913,-8.742348606197145e-05
1992-02-29,-0.05761276069585608,-0.056858499761946055,-0.056669934528468545,0.008529526805467133
1992-03-31,-0.028737771413695542,-0.028716619796770242,-0.028711331892538917,-0.03144883285649379
1992-04-30,-0.09093976434096523,-0.09090523702412132,-0.09089660519491034,0.006723327794736569
1992-05-31,-0.05427517369696771,-0.053837136536127664,-0.053727627245917654,0.035762202207343
1992-06-30,-0.13923061211415805,-0.13918261982886657,-0.1391706217575437,-0.02603158282056485
1992-07-31,-0.012658783289522954,-0.012470056445866948,-0.012422874734952946,0.01009424476476499
1992-08-31,0.05003785029140578,0.050386058202507404,0.05047311018028281,0.004020420426774363
1992-09-30,-0.012997409776512214,-0.012523575875084366,-0.012405117399727404,0.016663647014652297
1992-10-31,-0.050915950545667034,-0.050593760307079724,-0.050513212747432895,0.011630242765909543
1992-11-30,0.12325865210989723,0.12337413834172181,0.12340300989967795,0.017046456535809634
1992-12-31,0.02038309374045235,0.02059254438538879,0.0206449070466229,0.004394803846019299
1993-01-31,-0.06497177755547896,-0.06462147219326934,-0.06453389585271693,0.018661012919653903
1993-02-28,-0.015550466284931229,-0.015338133200746295,-0.015285049929700062,0.028044871175108406
1993-03-31,0.014449531732715576,0.014640047968448623,0.014687677027381885,0.017153138409556307
1993-04-30,-0.01262285948006685,-0.012413840156734014,-0.012361585325900804,0.009139302446751797
1993-05-31,-0.031621682296726544,-0.031496219106224924,-0.031464853308599515,0.015382631243882098
1993-06-30,0.04289791363716628,0.04295303910791068,0.04296682047559678,0.008428098519486522
1993-07-31,0.10105739054521311,0.10110779998902215,0.10112040234997441,0.012814877742629856
1993-08-31,0.0490162839740946,0.04915577299946682,0.04919064525580988,0.048651375848409055
1993-09-30,-0.02608751756735696,-0.025933852973885105,-0.02589543682551714,-0.0027792654361869203
1993-10-31,-0.07593093684912952,-0.07578741032404784,-0.07575152869277743,0.04188693098635149
1993-11-30,-0.08793598800679397,-0.08758899539153756,-0.08750224723772346,-0.03593658474033772
1993-12-31,-0.09964525397306481,-0.09739272959331276,-0.09682959849837475,0.06441347475643182
1994-01-31,0.07636137420615924,0.0788844825908562,0.07951525968703044,0.025083080008645665
1994-02-28,0.002719421758862943,0.0027741037791921327,0.00278777428427443,-0.038599953107657535
1994-03-31,0.03660640283018226,0.03881682788449103,0.03936943414806822,-0.051065979026685894
1994-04-30,0.03791534352257063,0.03861908741095786,0.03879502338305467,0.004186418782290818
1994-05-31,0.016572653340108996,0.01932672518752528,0.02001524314937935,0.0021719596134504027
1994-06-30,0.04772290866141287,0.04800614764993028,0.04807695739705964,-0.030220853029008798
1994-07-31,-0.02975833890324747,-0.029434838577687222,-0.02935396349629716,0.03438046497315403
1994-08-31,-0.011195987488737087,-0.010602948691536015,-0.010454688992235747,0.025026090348160356
1994-09-30,-0.012830388201301059,-0.01279495586482209,-0.012786097780702346,-0.04120534118843831
1994-10-31,0.004488725975572486,0.005073190534218736,0.005219306673880299,0.010526892505398226
1994-11-30,0.00344680870017395,0.0040206393643651625,0.004164097030412966,-0.029483729185351307
1994-12-31,0.006091512030386747,0.008801733562811805,0.009479288945918068,0.005506347502169173
1995-01-31,-0.00187793159158618,-0.0010924126018026026,-0.0008960328543567084,-0.014815826386972531
1995-02-28,-0.08379751409948472,-0.0837370747501965,-0.08372196491287444,0.028610491583486546
1995-03-31,-0.09340710343809357,-0.09327562096616647,-0.09324275034818469,-0.00047687483913693096
1995-04-30,0.038034161996757423,0.038096699976431926,0.038112334471350554,0.020862422684948236
1995-05-31,-0.11218504426152455,-0.10933937377297372,-0.10862795615083601,0.04000751253392057
1995-06-30,-0.05953441508266774,-0.059256893458645356,-0.05918751305263976,0.0030046748321431974
1995-07-31,0.05626088027613056,0.056408479160458644,0.056445378881540664,0.037387346397307716
1995-08-31,0.052802423166278166,0.055214771269164936,0.05581785829488663,0.014498799137594503
1995-09-30,-0.0703062814227183,-0.06792158429754791,-0.06732541001625532,0.014613267666997332
1995-10-31,-0.021500465003147076,-0.018762833815695972,-0.018078426018833197,0.0023217193164577978
1995-11-30,0.031851077260937076,0.03461512222861739,0.03530613347053747,0.02951930218556982
1995-12-31,0.008610218365067868,0.008815028882776004,0.008866231512203039,0.016822502540506382
1996-01-31,0.022437583329358357,0.022456591822125265,0.022461343945316993,0.03564293252091183
1996-02-29,-0.05359342175116841,-0.050621240290771224,-0.04987819492567193,-0.014324149035392485
1996-03-31,0.049353374161760624,0.04940311729655137,0.04941555308024906,-0.00013636884835608242
1996-04-30,-0.03980311758251485,-0.03718016880508744,-0.03652443161073059,0.011307697623728631
1996-05-31,-0.07106707556507509,-0.07101888862256016,-0.07100684188693143,0.005415103579274166
1996-06-30,0.06171596183109502,0.062027790976717546,0.06210574826312318,3.142608772476081e-05
1996-07-31,0.028456447908864087,0.028763825419367978,0.02884066979699395,-0.032641560900256925
1996-08-31,-0.0344658475297977,-0.03431676726668671,-0.03427949720090896,0.013808011210636932
1996-09-30,-0.019646244749171853,-0.01949129155722214,-0.019452553259234714,0.04337424345230614
1996-10-31,-0.03915642801703801,-0.039121731630194216,-0.039113057533483264,0.01248680644826631
1996-11-30,-0.058370568004016576,-0.05832337728030465,-0.05831157959937667,0.043873144335893725
1996-12-31,-0.038879321970119146,-0.03875279305110353,-0.03872116082134963,-0.016450908553093946
1997-01-31,-0.010217561969604393,-0.009702054763859404,-0.009573177962423157,0.014824936148122065
1997-02-28,0.04367561907953882,0.04424364899041065,0.04438565646812861,0.005599194566085017
1997-03-31,0.06906089137828152,0.07269529033368835,0.07360389007254006,-0.02622910798855256
1997-04-30,0.04498871761353208,0.045379342393733604,0.045476998588783984,0.02962410456341259
1997-05-31,-0.06365861998635391,-0.06362312618434862,-0.0636142527338473,0.05027525958680809
1997-06-30,-0.020204717610881117,-0.019836765396120566,-0.01974477734243043,0.02436032171517387
1997-07-31,-0.085549001104032,-0.08529598618720155,-0.08523273245799394,0.0679347736315165
1997-08-31,0.018103075231260632,0.01869287083217299,0.01884031973240108,-0.056138839197441136
1997-09-30,-0.00891980486501387,-0.008438562668736039,-0.00831825211966658,0.04048243555049289
1997-10-31,-0.014813836709864393,-0.014780766036803918,-0.014772498368538799,-0.06264679598846669
1997-11-30,-0.09149512183650711,-0.09046349849973577,-0.09020559266554293,0.011849532933450547
1997-12-31,-0.02830117310336314,-0.027852460623673345,-0.027740282503750897,0.014821409108922746
1998-01-31,0.06748505184821897,0.06751356791191097,0.06752069692783398,0.017082826866919646
1998-02-28,-0.04409117947625563,-0.04360217134383789,-0.04347991931073346,0.050793383787064474
1998-03-31,-0.08405413021355455,-0.08381732275671715,-0.0837581208925078,0.02020875171486323
1998-04-30,-0.061164761627119535,-0.06113747614442596,-0.06113065477375257,-0.008964634174155295
1998-05-31,-0.07211316297086103,-0.0718917810750402,-0.07183643560108499,-0.013863631702059098
1998-06-30,-0.10898026921278404,-0.10879504043266966,-0.10874873323764106,0.01423675992326857
1998-07-31,0.03262700004265142,0.03264319924877045,0.03264724905030021,-0.005982518290050621
1998-08-31,0.11606210780039508,0.11610087697856852,0.11611056927311189,-0.0805365010884855
1998-09-30,0.047817401888432136,0.048051346876737365,0.04810983312381367,0.02749969653775554
1998-10-31,-0.04728285373855133,-0.04097814491938827,-0.0394019677145975,0.05386551621397899
1998-11-30,0.07748590514022306,0.07783666138526397,0.0779243504465242,0.04468557594884703
1998-12-31,-0.1081254720719865,-0.10279000528301213,-0.10145613858576853,0.011321535063277911
1999-01-31,-0.07687054095994997,-0.07351275284278096,-0.0726733058134887,0.023585617930158197
1999-02-28,0.0593913759193641,0.05942272850649203,0.05943056665327401,-0.024462452075385922
1999-03-31,0.08250533285782607,0.08265136134971204,0.08268786847268354,0.03736178135315173
1999-04-30,0.028403816943927105,0.02843909868106951,0.02844791911535511,0.052267747018009285
1999-05-31,-0.04988506706516666,-0.049848989101651156,-0.04983996961077228,-0.040104168964108934
1999-06-30,0.034537773861630386,0.03455833833609687,0.03456347945471349,0.040632221563153055
1999-07-31,0.048620559626096814,0.04879885989408145,0.048843434961077604,-0.013176506703352188
1999-08-31,-0.05829745132222146,-0.058123071736595505,-0.058079476840189014,0.003930125087691817
1999-09-30,0.026492858767567413,0.02650749955668922,0.02651115975396967,-0.01342405509058239
1999-10-31,-0.061183461312884414,-0.06116495082683584,-0.06116032320532369,0.028824654172456658
1999-11-30,-0.006310911072902599,-0.006280709362674984,-0.006273158935118081,0.047789946833978886
1999-12-31,-0.09119148588075343,-0.09099588911044751,-0.09094698991787104,0.06270206690238424
2000-01-31,-0.035976903031041244,-0.03578750296567418,-0.035740152949332415,-0.029086516637044566
2000-02-29,-0.1572988170850983,-0.15712877564087452,-0.1570862652798186,0.04994136380825464
2000-03-31,-0.01995586805552437,-0.019561867682046735,-0.019463367588677324,0.023090601070478025
2000-04-30,-0.014559561016516426,-0.01444383271499712,-0.014414900639617294,-0.0513189754835208
2000-05-31,0.02048644317907097,0.020534208593856476,0.020546149947552852,-0.034269866118589155
2000-06-30,0.06101041391438246,0.06102617178575423,0.061030111253597176,0.04465547679510475
2000-07-31,-0.06061377110757774,-0.06048674596685126,-0.06045498968166964,-0.007393335835186832
2000-08-31,-0.004179291493563089,-0.003999415404402938,-0.003954446382112901,0.03749623176138014
2000-09-30,0.11261244063045492,0.11269905107027185,0.11272070368022609,-0.04715792625935309
2000-10-31,-0.04972555447675586,-0.04951909947699544,-0.04946748572705534,-0.01487871390237254
2000-11-30,0.1108700912188318,0.1111083894049067,0.11116796395142542,-0.043237281595383224
2000-12-31,0.027466558785367592,0.027680533316103886,0.02773402694878796,0.0038298917440198303
2001-01-31,0.029060501825570004,0.029253045908739166,0.029301181929531454,0.03269706441125849
2001-02-28,0.05158866957696498,0.056882047430524336,0.058205391893914174,-0.055896169235407335
2001-03-31,-0.03411999124093405,-0.03229399588544901,-0.03183749704657775,-0.05122694954864863
2001-04-30,-0.028626548463967772,-0.02850508076271936,-0.028474713837407253,0.04490979275518762
2001-05-31,-0.005069717977710924,-0.004998454116900393,-0.00498063815169776,-0.010323470119967938
2001-06-30,0.006515380901639121,0.00828124310122242,0.008722708651118245,-0.002551928843352703
2001-07-31,-0.04027518239198408,-0.03996975449700787,-0.03989339752326382,-0.022866957289716643
2001-08-31,0.012520986609427392,0.014404440645145207,0.014875304154074662,-0.04847029719335474
2001-09-30,-0.1053417384929015,-0.1049801329295046,-0.10488973153865538,-0.07205095826139925
2001-10-31,0.12252508004453395,0.1228637327037347,0.12294839586853488,0.049985444580958036
2001-11-30,-0.022359364691392283,-0.0219066507257517,-0.021793472234341554,0.040769182569616355
2001-12-31,-0.02358236035373278,-0.023374372348084194,-0.023322375346672048,0.0017527406475797646
2002-01-31,-0.009984687873968105,-0.00993654511334763,-0.00992450942319251,-0.012814031926458257
2002-02-28,0.027856534289668333,0.029927562704950034,0.03044531980877046,-0.00982110613471551
2002-03-31,0.018286001148688797,0.020280374123264902,0.02077896736690893,0.018191512989681868
2002-04-30,0.06185770831382456,0.064146739501936,0.06471899729896385,-0.008353508833330671
2002-05-31,-0.003785505182565954,-0.0015666004581981368,-0.0010118742771061825,-0.008652459874368756
2002-06-30,-0.043345584015479756,-0.04325082949458284,-0.04322714086435861,-0.049593245910225334
2002-07-31,-0.038234040979990044,-0.03804459429748952,-0.037997232626864386,-0.04608145621188514
2002-08-31,0.027723679385413938,0.028185965146230632,0.028301536586434806,0.00587365097533743
2002-09-30,0.01806705240678008,0.018236694566810097,0.0182791051068176,-0.06374811628943058
2002-10-31,-0.13485737531357317,-0.1345450800230067,-0.13446700620036506,0.035037985836369925
2002-11-30,0.09311006933163714,0.09372350879026549,0.09387686865492258,0.03450608709244125
2002-12-31,-0.04453606634455764,-0.044209014984648,-0.04412725214467059,-0.03949325919445647
2003-01-31,0.003775824380408041,0.0038107475218747576,0.0038194783072414366,-0.026111070018898445
2003-02-28,0.03057926380907623,0.030713528608138158,0.030747094807903642,-0.00469785644845724
2003-03-31,-0.08274554778301206,-0.08240799059013505,-0.0823236012919158,-0.015185205445074294
2003-04-30,0.03841784093410905,0.03860151399551912,0.03864743226087164,0.05191877477567499
2003-05-31,0.036383461713021197,0.03665615881798604,0.03672433309422725,0.04935160943360418
2003-06-30,0.012388277476619159,0.012662111788125001,0.012730570366001462,0.014702974662481662
2003-07-31,-0.04581844732802757,-0.04567501811832633,-0.045639160815901025,0.011189492698877604
2003-08-31,0.04526521914010141,0.04585556428722215,0.04600315057400234,0.027435962818245133
2003-09-30,-0.05638245239697018,-0.056252901265838345,-0.05622051348305539,0.0034777894008340415
2003-10-31,0.0017631788848520209,0.0018061668829215212,0.0018169138824388961,0.03774626651615162
2003-11-30,0.019891224387073827,0.020179865494712457,0.020252025771622113,0.0003736995606730458
2003-12-31,-0.0020882230819607825,-0.0019100274146189554,-0.0018654784977834987,0.030452669441491168
2004-01-31,-0.020899948766642848,-0.0204303029902629,-0.020312891546167913,0.014759637094484657
2004-02-29,-0.029649963516318104,-0.02937128139195215,-0.029301610860860663,0.015143845820661361
2004-03-31,0.030330460702743357,0.03053697390032381,0.030588602199718925,-0.006875803384391278
2004-04-30,0.06629341478484026,0.06649495987634045,0.06654534614921549,-0.0212970941245959
2004-05-31,-0.04039639195735021,-0.04025901135085399,-0.04022466619922994,-0.0010760440534919873
2004-06-30,0.015442715858866767,0.01561718457227528,0.01566080175062741,0.019021228104837685
2004-07-31,-0.021176675876492655,-0.021169007929191713,-0.02116709094236648,-0.017024130114844407
2004-08-31,-0.030685429574437886,-0.030534634308764855,-0.030496935492346597,0.008547116956739542
2004-09-30,-0.024459958837180346,-0.024284046537948755,-0.024240068463140856,0.01361413656339321
2004-10-31,-0.017197903312603856,-0.016798912106349623,-0.016699164304786063,0.013718168600367654
2004-11-30,-0.04935986130747135,-0.048931403290666614,-0.04882428878646543,0.021517441538381397
2004-12-31,0.0356549505495634,0.03570420401016616,0.03571651737531685,0.027239872405041624
2005-01-31,0.05296591205139202,0.053144600967835603,0.053189273196946496,-0.005491121237595921
2005-02-28,-0.02253155732492702,-0.020789910669476348,-0.020354499005613678,0.009473034744702657
2005-03-31,0.011292316664939826,0.013886534342751746,0.014535088762204726,-0.015359909534955663
2005-04-30,-0.009053953459257037,-0.008980697993951238,-0.00896238412762479,-0.009322229867406892
2005-05-31,0.012551320512140491,0.012837658497911878,0.012909242994354725,0.031266798178310774
2005-06-30,-0.0798049398647189,-0.07978448570156782,-0.07977937216078004,0.017583834685207612
2005-07-31,-0.008839568362738335,-0.006037797606897117,-0.005337354917936812,0.021254339874398853
2005-08-31,-0.030408579416990413,-0.030283795261929793,-0.030252599223164638,0.00943689325704582
2005-09-30,0.06011600123726786,0.061878561512683485,0.06231920158153739,0.026495144476184722
2005-10-31,0.08631358133372985,0.08676705402598532,0.08688042219904919,-0.020553778703953914
2005-11-30,-0.01364253813169852,-0.012705824663182102,-0.012471646296052998,0.04009155879385599
2005-12-31,-0.04690851864987645,-0.04584036818339447,-0.04557333056677398,0.03047790859857612
2006-01-31,0.08043985908157641,0.08142260840309537,0.0816682957334751,0.04306100746497364
2006-02-28,-0.03652768014603871,-0.035888267245851986,-0.0357284140208053,-0.009036140129135046
2006-03-31,-0.015926095339865897,-0.014775325129680486,-0.014487632577134132,0.0379127100085985
2006-04-30,-0.08361626135287652,-0.08316236855176147,-0.08304889535148272,0.05323672150621617
2006-05-31,-0.058351538935758805,-0.057785536989901645,-0.05764403650343736,-0.02725542700614199
2006-06-30,-0.010732847198877756,-0.010529732479622448,-0.010478953799808621,-0.010009603484248682
2006-07-31,0.01205453547797913,0.012890659394755066,0.01309969037394905,0.011778453637012258
2006-08-31,0.02630644273106294,0.026832937731136396,0.02696456148115476,0.01990364855560152
2006-09-30,-0.025834102369077776,-0.02460904522434832,-0.024302780938165958,-0.008983901073579555
2006-10-31,0.03218103359957694,0.03276143828610249,0.03290653945773388,0.017234943178464638
2006-11-30,0.017633049314198315,0.01788436197305705,0.017947190137771733,0.025803659243933137
2006-12-31,0.016664289718965934,0.01685961598754665,0.016908447554691827,-0.005577241132804293
2007-01-31,0.06296227628759071,0.0632025375292755,0.0632626028396967,7.024066005107722e-05
2007-02-28,-0.022134239971843963,-0.0216979570455513,-0.021588886313978133,0.015035020061328341
2007-03-31,-0.00309879203723169,-0.0026608652044495386,-0.0025513834962540005,0.014237076981548984
2007-04-30,0.002746833500751065,0.002813736190924589,0.00283046186346797,0.02869537327074339
2007-05-31,-0.005793214421491467,-0.005369655494443783,-0.005263765762681862,0.004070204749909539
2007-06-30,-0.02180118713352336,-0.021463788542997665,-0.02137943889536624,0.003636654236648504
2007-07-31,-0.06743942929695901,-0.06702416879133326,-0.06692035366492682,0.011438151206816445
2007-08-31,0.04138467507438052,0.041635473858158786,0.04169817355410335,-0.006211395802009022
2007-09-30,-0.024690634038495602,-0.02107759759841851,-0.020174338488399234,0.05286840766861914
2007-10-31,0.025530617355871223,0.02616344277219428,0.026321649126275045,0.039995814326131106
2007-11-30,0.04256657861659086,0.04338103423142829,0.04358464813513765,-0.02956062958726845
2007-12-31,0.05032256295031585,0.053297698424826415,0.054041482293454055,0.006375072156517637
2008-01-31,0.013828398629566595,0.014039448556306271,0.01409221103799119,-0.028875451881253823
2008-02-29,-0.15966524983619498,-0.15729347392486517,-0.15670052994703274,0.031742746576639246
2008-03-31,0.004404790276341371,0.004629222204108391,0.004685330186050146,-0.02817327881675587
2008-04-30,0.047295204372760705,0.04765716075049373,0.04774764984492698,0.03343146531381994
2008-05-31,0.07333139818462976,0.07411274143528601,0.07430807724795008,0.006708773806843348
2008-06-30,-0.016277552062759135,-0.016212765747717833,-0.01619656916895751,-0.020359656654859948
2008-07-31,-0.03590945166595167,-0.03575825825812944,-0.03572045990617388,-0.014710525067780818
2008-08-31,0.015264489870381422,0.015318191020399035,0.015331616307903438,-0.029057817221247333
2008-09-30,0.09554835620574029,0.09620154696438833,0.09636484465405035,-0.08085246873669728
2008-10-31,-0.0944740894405404,-0.09402832889825002,-0.09391688876267743,-0.16205288432242781
2008-11-30,0.2670846216703287,0.2697574265213449,0.2704256277340989,-0.012557752692992391
2008-12-31,0.004252157870893773,0.007313771072104189,0.008079174372406793,0.02100736698537288
2009-01-31,-0.07483722884041911,-0.0733834545390005,-0.07302001096364584,-0.04383090475106464
2009-02-28,0.006599553190497696,0.007963685170305258,0.008304718165257147,-0.026996612094781953
2009-03-31,0.06346066268497441,0.06371421667193672,0.0637776051686773,0.0609739103339
2009-04-30,0.01958602785791651,0.019992036273104946,0.020093538376902056,0.048747002532797894
2009-05-31,0.010256796631832621,0.01042792808424672,0.010470710947350245,0.07644364077399743
2009-06-30,0.10133893165514178,0.1016604850988207,0.10174087345974042,-0.0029182728683481546
2009-07-31,0.00438694114485954,0.004803864859243921,0.004908095787840017,0.05686540113701617
2009-08-31,0.017329272227564852,0.017580697600592155,0.01764355394384898,0.025661608124683623
2009-09-30,-0.050403439828512614,-0.050304118321790284,-0.050279287945109705,0.03507804990947323
2009-10-31,-0.017999958898797422,-0.01788955746344774,-0.017861957104610318,0.0002623974716068271
2009-11-30,-0.10725442532981407,-0.10716301628245485,-0.10714016402061505,0.036699941777044165
2009-12-31,0.10925723253937467,0.10946433910587922,0.10951611574750535,0.008416032150676381
2010-01-31,-0.03110093045965286,-0.030953980238697786,-0.03091724268345902,-0.03681819495484841
2010-02-28,0.003697484026367885,0.0037047117029162086,0.0037065186220532897,0.025699364490769604
2010-03-31,0.03800562558978772,0.03809791415536209,0.03812098629675568,0.04337286848849742
2010-04-30,-0.026519546936432395,-0.026415999288235074,-0.026390112376185743,0.010388696347715767
2010-05-31,-0.07931867480496213,-0.07930673235246184,-0.07930374673933677,-0.043445283014834066
2010-06-30,-0.03547306109487362,-0.03542139226788073,-0.035408475061132504,-0.0073543904240554415
2010-07-31,0.018749468495022056,0.01876256112590579,0.01876583428362672,0.03098240081248735
2010-08-31,-0.03727928515867364,-0.03724751678529012,-0.03723957469194424,-0.004923153610124028
2010-09-30,-0.01067017885039885,-0.010507317246781302,-0.010466601845876916,0.06123983529409597
2010-10-31,-0.09142446463575478,-0.09109674075233858,-0.09101480978148452,0.026035621146103492
2010-11-30,0.00449153303700272,0.004556075450242769,0.004572211053552782,0.016086864002898882
2010-12-31,0.04946094970148538,0.04950578772234903,0.04951699722756494,0.039938418555224835
2011-01-31,-0.0020620494436160543,-0.0019371569412626765,-0.0019059338156743322,-0.006398126578103173
2011-02-28,-0.00904203897861109,-0.008985396989585918,-0.008971236492329625,0.034643835048202405
2011-03-31,-0.022756529857401727,-0.022571881949161852,-0.022525719972101885,0.005697104038496303
2011-04-30,-0.09887372714974937,-0.09879471311445082,-0.09877495960562618,0.04439786059457356
2011-05-31,0.02265600101511453,0.022877384723639038,0.022932730650770165,-0.025462635633102273
2011-06-30,0.02600403812413926,0.026110151430844965,0.026136679757521392,-0.02090343620540708
2011-07-31,-0.05884478435321437,-0.05876267356156743,-0.0587421458636557,0.019244215381157465
2011-08-31,-0.02696982562757163,-0.02686061455491151,-0.02683331178674648,-0.02735606312139342
2011-09-30,0.09711120564915851,0.09721418423385769,0.0972399288800325,-0.07549285053024332
2011-10-31,-0.029619147815624382,-0.029332400814359217,-0.029260714064042924,0.0796143268615654
2011-11-30,-0.0003409528233455669,-0.00015012683010936145,-0.00010242033180031009,-0.012453076745320231
2011-12-31,0.06128239746437517,0.06203137290058266,0.06221861675963453,-0.01752337155469245
2012-01-31,-0.07836990003579683,-0.07812937795434838,-0.07806924743398626,0.06046881428307417
2012-02-29,0.030178933884038736,0.030367425345730746,0.030414548211153747,0.03216250924893814
2012-03-31,-0.001045324448732347,-0.0009059247943238363,-0.0008710748807217086,-0.010382640250007527
2012-04-30,-0.0021328877866786124,-0.0020480596468008187,-0.0020268526118313703,-0.0006770699066536865
2012-05-31,0.01709772553874411,0.017274446802888765,0.01731862711892493,-0.06444504884960027
2012-06-30,-0.014506576125138894,-0.014317310070450343,-0.014269993556778205,0.019012962089297106
2012-07-31,0.007775962333339869,0.00804586675365921,0.008113342858739046,0.014557620414166509
2012-08-31,-0.059253048473924506,-0.05903884171127812,-0.058985290020616525,0.026374980671617726
2012-09-30,-0.02810465986318341,-0.02786723001590595,-0.027807872554086586,0.02391361299557181
2012-10-31,0.04221420562416867,0.0422359815815427,0.042241425570886205,-0.014932678005661193
2012-11-30,0.016354727653546737,0.01661018147329241,0.01667404492822883,0.016724157732597396
2012-12-31,0.08369803274545863,0.08388374973487309,0.0839301789822267,0.005805306153042256
2013-01-31,0.03142937784101316,0.031822556817222174,0.03192085156127443,0.028140307478195677
2013-02-28,0.0217977455599564,0.02196882609580106,0.022011596229762224,-0.009928043255373116
2013-03-31,0.0008712184815892025,0.0011360073682006929,0.0012022045898535654,0.009326699189895758
2013-04-30,0.08725443673579673,0.08785887489450482,0.08800998443418184,-0.001149168126146992
2013-05-31,-0.0008473533871064514,-0.0004678815009302128,-0.00037301352938615313,-0.01348255265411958
2013-06-30,0.1286255138751024,0.1292105731444859,0.12935683796183176,-0.04131840071967954
2013-07-31,-0.03520108639397637,-0.034840024987560295,-0.03474975963595628,0.03451955349102243
2013-08-31,0.024647999100098485,0.025057646974275215,0.025160058942819398,0.013653469779877626
2013-09-30,-0.053123969862219095,-0.052449342074858483,-0.05228068512801833,0.012633495863901847
2013-10-31,-0.05561044363826596,-0.05540766613836913,-0.05535697176339492,0.013472325941916984
2013-11-30,-0.06439623325519597,-0.06380856193996601,-0.06366164411115852,-0.0033647676026117446
2013-12-31,-0.008219452988073141,-0.007409024972552376,-0.007206417968672184,0.0069862206070690335
2014-01-31,0.042055030881991036,0.04247187757427243,0.04257608924734278,-0.016051364588943136
2014-02-28,0.023267419656296248,0.023621950865830264,0.02371058366821377,0.03560722980301527
2014-03-31,0.04144980048074265,0.041486768578026315,0.041496010602347234,-0.019113575868244404
2014-04-30,0.04117178706881361,0.041358065264945114,0.04140463481397799,-0.0007793609613777706
2014-05-31,-0.057549125612530935,-0.057001067091688826,-0.0568640524614783,0.015931096564971724
2014-06-30,0.024437488891529295,0.025174461562470996,0.02535870473020642,0.019809175249681066
2014-07-31,0.12993617837215576,0.1306612573002353,0.13084252703225518,-0.0031737545688205336
2014-08-31,-0.028392438397665143,-0.028144938978898422,-0.02808306412420674,0.005265824316838079
2014-09-30,-0.030100955090342323,-0.029553041794573905,-0.0294160634706318,-0.03290465221664648
2014-10-31,0.04573950109862197,0.046110260965129206,0.04620295093175602,0.0004082217890473284
2014-11-30,-0.04997445768213441,-0.049512611679992984,-0.04939715017945763,-0.003116258009773027
2014-12-31,0.040956569849563765,0.04142224732834754,0.041538666698043486,-0.015044447061745703
2015-01-31,-0.06589331870072995,-0.0637756901022938,-0.06324628295268475,0.022416337312819785
2015-02-28,0.02400487331602847,0.02449035749251648,0.024611728536638483,0.01865471052193423
2015-03-31,-0.0300587095058375,-0.03001535352067241,-0.030004514524381135,-0.0007279915633155208
2015-04-30,0.18312904494448343,0.18490731110254768,0.18535187764206373,0.025343420197897582
2015-05-31,-0.062171600864955885,-0.06159730750568856,-0.06145373416587173,0.0035987223089342887
2015-06-30,-0.07597674874600949,-0.075489013556143,-0.07536707975867638,-0.034138650495887615
2015-07-31,-0.023480041666065356,-0.022988086720814392,-0.02286509798450165,-0.018433923367036878
2015-08-31,-0.029276655500208755,-0.028822179029857273,-0.028708559912269404,-0.037255075762697404
2015-09-30,-0.03452933346408724,-0.03440348094752703,-0.034372017818386974,-0.0259942377192373
2015-10-31,-0.0405571448384005,-0.04032032871808009,-0.04026112468799999,0.04789797522173967
2015-11-30,-0.02931533246390934,-0.029122665500272493,-0.02907449875936328,-0.025120073525644847
2015-12-31,-0.004864446048489411,-0.004252418066816959,-0.004099411071398846,-0.016561856547919418
2016-01-31,-0.08117188676964053,-0.0809193962303202,-0.08085627359549012,-0.028987497074662825
2016-02-29,-0.03605355847492488,-0.0353911064616008,-0.03522549345826978,0.004261023368655978
2016-03-31,0.035074429069199727,0.035690329162375585,0.03584430418566955,0.04059538585557257
2016-04-30,0.07990807937622314,0.0801103358035302,0.08016089991035696,0.03353328112347739
2016-05-31,0.00938220806187481,0.009739261877379207,0.009828525331255306,-0.003252413372649349
2016-06-30,0.07078650564615448,0.07092041677489441,0.0709538945570794,0.01746300877575415
2016-07-31,-0.04727346184468748,-0.046394992940572595,-0.04617537571454387,0.028825668138012673
2016-08-31,0.07056787940991789,0.07074086217826474,0.07078410787035144,-0.0032225747163580386
2016-09-30,-0.009181816525991498,-0.008589600792962969,-0.008441546859705837,0.012141843728728442
2016-10-31,-0.013161838638703635,-0.0123485205544444,-0.01214519103337959,-0.014828875967414753
2016-11-30,0.010175535643103415,0.010790361358676082,0.010944067787569248,0.0029003952601809307
2016-12-31,0.07123868732650511,0.0722290179280019,0.0724766005783761,0.013501317039403157
2017-01-31,-0.04400184649630129,-0.04329288463766891,-0.04311564417301081,0.024296497035436064
2017-02-28,0.030216440577866432,0.0321747620315212,0.03266434239493489,0.021086084267406636
2017-03-31,0.0003786508302302422,0.001079510848692687,0.001254725853308298,-0.0011057684226015076
2017-04-30,-0.055147226475691084,-0.053290230271914214,-0.05282598122096999,0.0012921678289411008
2017-05-31,0.008357471700641331,0.008519605242028995,0.008560138627375912,0.010567902191785796
2017-06-30,0.013143409578388044,0.013381791174665793,0.013441386573735229,-0.008017116436223437
2017-07-31,0.0038627830087226,0.005764320479800533,0.006239704847570016,0.02042743186252457
2017-08-31,-0.03447262582743458,-0.033884657218566615,-0.03373766506634963,0.012487997299728102
2017-09-30,0.018857181216119536,0.018871141695988938,0.018874631815956288,0.0014946901921925756
2017-10-31,-0.05334528328231137,-0.050426090008166134,-0.04969629168962983,0.024231327433632346
2017-11-30,-0.05041893763135088,-0.050073424133366476,-0.04998704575887038,0.008289220724854352
2017-12-31,-0.017599902885442595,-0.014525192764252839,-0.0137565152339554,0.022699854131168713
2018-01-31,-0.06666259421556435,-0.06632599884762468,-0.06624185000563976,0.016894278151576694
2018-02-28,0.0004937057325486106,0.0006391779460035735,0.0006755459993673142,-0.032662196745696336
2018-03-31,-0.009548056807114846,-0.009485579784537884,-0.009469960528893644,-0.009214572399271299
2018-04-30,0.03428528583208269,0.03431834796434754,0.03432661349741375,0.017018401430460343
2018-05-31,-0.023023630587636866,-0.02264247627783998,-0.022547187700390756,0.0065466395413115485
2018-06-30,0.04993970926749999,0.05070803537678985,0.05090011690411231,-0.0012196317804699728
2018-07-31,-0.020860714859545784,-0.020795144798161184,-0.020778752282815036,-0.006043190087149592
2018-08-31,-0.04684509238807516,-0.046796239815419076,-0.04678402667225506,-0.0066965259080464315
2018-09-30,0.004921279795811461,0.005272032710211211,0.005359720938811149,0.005493787916384352
2018-10-31,0.030025157917248194,0.030061118816158545,0.030070109040886132,-0.052821217275581096
2018-11-30,-0.0649898690985888,-0.06492162104270736,-0.064904559028737,-0.0075272129277144184
2018-12-31,0.030127925989491093,0.030369966357289734,0.030430476449239394,-0.023869953675518165
2019-01-31,0.020675275425487423,0.021157563809625052,0.02127813590565946,0.05396108422751229
2019-02-28,0.0202912176475472,0.020718731114408254,0.020825609481123518,0.019829349699061097
2019-03-31,0.020993577694618255,0.021068815417594942,0.021087624848339113,0.012490577331668673
2019-04-30,0.036383996869904574,0.036482822704941506,0.03650752916370074,0.01937708023021102
2019-05-31,-0.024577821481692814,-0.024532564530368294,-0.024521250292537163,-0.037110928284461525
2019-06-30,-0.035761446652022244,-0.0355199796531366,-0.03545961290341519,0.045898928982701
2019-07-31,-0.006179598423719535,-0.006066327146334722,-0.006038009326988518,0.008189502719652329
2019-08-31,-0.14923299370475013,-0.14888261665347205,-0.14879502239065254,0.0008350441874966593
2019-09-30,0.05067559657733376,0.051140272331805764,0.051256441270423767,-8.939810984925163e-05
2019-10-31,-0.06348112380102539,-0.06329127961694571,-0.06324381857092579,0.018985574322548437
2019-11-30,0.006085619983257444,0.006103559408609212,0.0061080442649471545,0.004254117322932398
2019-12-31,0.03196689603393285,0.0321377265687572,0.03218043420246328,0.02497375071915783
2020-01-31,-0.12520576617990922,-0.12461447527067465,-0.124466652543366,-0.009631724614985864
2020-02-29,0.03904719555465748,0.03945178443962603,0.039552931660868165,-0.04206289292843989
2020-03-31,-0.20508623420022415,-0.20424224647631828,-0.20403124954534183,-0.11373836186470582
2020-04-30,0.04610196232019241,0.05014602999363197,0.05115704691199186,0.10680806927895997
2020-05-31,0.011186356185712627,0.011655578644816625,0.011772884259592624,0.10116948997560964
2020-06-30,0.038182909300916584,0.04123594089732223,0.04199919879642364,0.03762629089826578
2020-07-31,-0.03731588185608123,-0.03701286781606164,-0.03693711430605674,0.0438561530381381
2020-08-31,-0.062213679776608355,-0.0593321849484021,-0.058611811241350543,0.04020841024192366
2020-09-30,0.06794177859262747,0.07086748658607027,0.07159891358443096,-0.03588050160142301
2020-10-31,-0.003720028995933765,-0.003119251682106012,-0.0029690573536490733,-0.023179127247768137
2020-11-30,0.15890465160833245,0.15914697694441124,0.15920755827843094,0.08231903011702002
2020-12-31,0.03056986153807668,0.03191355843834688,0.03224948266341443,0.03924611443541482
2021-01-31,-0.030483094254339378,-0.029883942600742636,-0.029734154687343452,0.0033631225521746425
2021-02-28,-0.04189449914287688,-0.04131135448770994,-0.04116556832391821,0.01987670481572186
2021-03-31,-0.0018941107016662642,-0.0015818362952712151,-0.0015037676936724528,-0.0033220631524520294
2021-04-30,0.002468949135519986,0.0025857943728600655,0.0026150056821950853,0.03655465514476508
2021-05-31,0.055235263294745256,0.05528797732064596,0.05530115582712114,0.022849835255986366
2021-06-30,-0.021688947695621973,-0.021643437319794626,-0.021632059725837788,0.0029774188009728765
2021-07-31,-0.02202748582613535,-0.02191104366042306,-0.02188193311899499,0.000785164396688456
2021-08-31,-0.013417141576717367,-0.013157552913370991,-0.013092655747534397,-0.0020132098936675603
2021-09-30,-0.014866915408900975,-0.014853603694757809,-0.014850275766222016,-0.02256628618288174
2021-10-31,0.012700997412690745,0.013756195921042274,0.014019995548130156,0.03686061125628151
2021-11-30,-0.019535427954060398,-0.017683286244248184,-0.01722025081679513,-0.030174953201585853
2021-12-31,-0.010053100151930054,-0.007686809812889995,-0.00709523722812998,0.028826338051318217
2022-01-31,-0.008084386279309259,-0.007914156871732312,-0.007871599519838075,-0.018756033588204178
2022-02-28,0.026617877748945834,0.026800146276272734,0.02684571340810446,0.0036949869532685864
2022-03-31,-0.11026197884996107,-0.11015991902246973,-0.1101344040655969,0.01426182388632187
2022-04-30,0.0330194606163076,0.03328367081526173,0.03334972336500026,-0.04428352508137426
2022-05-31,0.015988753218742966,0.016083115768192487,0.016106706405554866,-0.0015336914544164535
2022-06-30,0.020787886821454382,0.02084635112916052,0.020860967206087055,-0.054775231166461026
2022-07-31,-0.04354275848636997,-0.043245487129007,-0.04317116928966626,0.01997700300603427
2022-08-31,-0.05166905472847023,-0.05160859643194116,-0.0515934818578089,-0.03771679661144145
2022-09-30,-0.008540295688708555,-0.008368217434360777,-0.008325197870773833,-0.06213534922824873
2022-10-31,-0.043246631159408994,-0.04311689458788815,-0.04308446044500794,0.01332397185203927
2022-11-30,0.13693258902576544,0.1371459942739109,0.13719934558594724,0.0662506633461974
2022-12-31,0.05654093235635804,0.056812817196245646,0.05688078840621755,-0.0083683988797984
2023-01-31,0.056991168222744595,0.05733996106765761,0.057427159278885864,0.054389988205846
2023-02-28,-0.045824062333340305,-0.04548767107094602,-0.04540357325534745,-0.03254823751417955
2023-03-31,0.027873903533544585,0.028250723507267504,0.028344928500698235,0.03144275758923892
2023-04-30,-0.023212282542331257,-0.022591030469322957,-0.022435717451070883,0.007110432628353266
2023-05-31,-0.09124718118704682,-0.09092675963260653,-0.09084665424399646,-0.02590007794074768
2023-06-30,-0.08439924324717848,-0.0839770996400563,-0.08387156373827576,0.020151740484781865
2023-07-31,0.013352910155276078,0.013429833152666323,0.013449063902013884,0.035516075240541504
2023-08-31,-0.03555242888353997,-0.03550180415171137,-0.03548914796875422,-0.02376332480646845
2023-09-30,0.02404456856177437,0.024371905354813757,0.024453739553073606,-0.029335501680306752
2023-10-31,0.01051473053664148,0.010854861907618595,0.010939894750362875,-0.024687466586788838
2023-11-30,-0.01580311875548403,-0.01579005307187295,-0.01578678665097018,0.05041622349027459
2023-12-31,0.01902151113206185,0.01968582098228977,0.01985189844484675,0.02119762531190791
2024-01-31,-0.059419321105437795,-0.05899066847998218,-0.05888350532361828,0.0002211984584138399
2024-02-29,-0.0874543201193465,-0.08743094946550901,-0.08742510680204965,0.016658375943533685
2024-03-31,-0.00331642028976866,-0.0031219667642300815,-0.003073353382845437,0.03481307132967029
2024-04-30,0.15615701664537815,0.15617252641298154,0.15617640385488238,-0.0003935857031158816
2024-05-31,0.030258594321606054,0.03057469979279903,0.030653726160597278,0.02450544403169116
2024-06-30,-0.0847691734526535,-0.08430433876756468,-0.08418813009629249,0.007631718435051249
2024-07-31,0.037615287595576564,0.03779223140621545,0.03783646735887518,0.0025051235264487402
2024-08-31,0.03638299009764845,0.03652492851905313,0.0365604131244043,0.007070509989846484
2024-09-30,0.09621085072106642,0.09682559735885726,0.09697928401830497,0.029044474333964315
2024-10-31,-0.06219285556109015,-0.06154024599454478,-0.06137709360290844,-0.008870888492646414
2024-11-30,-0.052182779263724215,-0.05212572358395736,-0.05211145966401565,0.0003842429965543008
2024-12-31,-0.023121407006628517,-0.02277969688649639,-0.022694269356463355,-0.008820943708276819
2025-01-31,0.056761248816059616,0.05678679554830018,0.05679318223136032,0.035703722389189965
2025-02-28,0.10285405893687524,0.10319875156323088,0.10328492471981979,0.008823517063302165
2025-03-31,0.09400518708608986,0.09436244536636593,0.09445175993643494,0.004959047037589616
2025-04-30,0.12762016896102626,0.12823238734210685,0.128385441937377,-0.018569001854645648
2025-05-31,-0.039549085235131225,-0.03644004076185995,-0.03566277964354213,0.02881208491088037
2025-06-30,-0.005976613521050911,-0.005054571257113612,-0.004824060691129287,0.03673719999636506
2025-07-31,0.04905045451231887,0.050558706531114155,0.050935769535812976,0.005970188854615564
2025-08-31,0.03209199976786899,0.03322807647727837,0.033512095654630716,0.01805462796464224
2025-09-30,0.018160355246004265,0.018799337237860394,0.018959082735824424,0.03900148988808394
2025-10-31,-0.06885333988060459,-0.06790176411699353,-0.06766387017609077,0.026298722063416945
2025-11-30,-0.05992845290926258,-0.0594937692572075,-0.059385098344193726,0.010073264741500266
2025-12-31,-0.08755678473230104,-0.08683540703162415,-0.08665506260645493,0.024178496580881767
2026-01-31,0.014562865057731555,0.014835229395805833,0.014903320480324403,0.04113260407151125
2026-02-28,-0.08803096963848105,-0.08781543880419658,-0.08776155609562547,0.04168578715235657
2026-03-31,0.31101195813850085,0.3112075053130956,0.3112563921067443,-0.035506589908953105
2026-04-30,-0.03334521029736441,-0.032250731923218263,-0.03197711232968173,0.04442182361305587
2026-05-31,-0.02842812012693481,-0.028223704126000324,-0.0281726001257667,0.013294915306268654
2026-06-30,0.0046564840283816215,0.006151573200321091,0.006525345493305958,-0.04350419807976815
