date,net_10bps,gross,bench_net_10bps,scaler
1965-01-31,0.012015763906530065,0.017015763906530066,0.011355891865776438,2.39528578087352
1965-02-28,-0.030640034082981875,-0.021648827996825527,-0.0019930543477342613,1.7933267877973351
1965-03-31,-0.028365987403598053,-0.01905627150750564,-0.003935388842517244,2.156397562994384
1965-04-30,0.01260957663332152,0.021919292529413933,0.010904294464512576,0.907900675854965
1965-05-31,-0.012099171286919709,-0.002827659799347841,-0.0028954077075375637,2.1175781377430014
1965-06-30,-0.07581830305150633,-0.07041290743662254,-0.015104634990595037,1.9915487742291156
1965-07-31,-0.035855274478360635,-0.025855274478360633,0.0034530110172441564,0.5916995881826326
1965-08-31,0.011855470677550184,0.021855470677550184,0.005711000537952704,0.40165846440165326
1965-09-30,0.05216357637532103,0.05337600784619781,0.007001343241636149,0.40635955724561246
1965-10-31,0.04644771883948293,0.04688352243455279,0.006561055155756595,0.40887844272201124
1965-11-30,0.03349626695771916,0.03351103244505466,-0.005699940332710188,0.4140382619011647
1965-12-31,0.1594886172623721,0.1597191683771459,-0.007444666176192549,0.49779742408184974
1966-01-31,0.032984137589576364,0.03421572623348945,-0.0009064278938507955,0.5197759249319164
1966-02-28,0.10304957245579673,0.10324157503572709,-0.015201556876726419,0.5109431954395314
1966-03-31,-0.10528035512789365,-0.10418822734542377,0.003825148942902829,0.4448635365935707
1966-04-30,-0.003523888941317903,-0.0003260954562918812,0.004585094416962865,0.4580137768661425
1966-05-31,0.011334332003392898,0.012829957796764376,-0.020494789373361536,0.47265816042884923
1966-06-30,0.028126722083287578,0.028884161933585784,-0.011010805977578603,0.48701091000178615
1966-07-31,0.040475290841512815,0.0420103007852153,-0.00897625361286299,0.4996597436464866
1966-08-31,0.15870143886583132,0.15889200415986243,-0.0397534101393207,0.4529516815349629
1966-09-30,-0.0789052531209813,-0.0782238513294034,0.011388335310130095,0.42933704474575557
1966-10-31,-0.032090711519258575,-0.03081800764113361,0.018658321689697978,0.43131643200640907
1966-11-30,-0.0017426508441195374,-0.0007413583896738181,-0.003880859154206772,0.4401784763311235
1966-12-31,-0.04989963468613234,-0.048892053147108906,0.019271609519796045,0.4369307994002801
1967-01-31,-0.00125816376133037,0.0012172212545027705,0.03100320730690065,0.4456779236966734
1967-02-28,-0.0262030915503332,-0.02595400187132765,-0.006258794172362081,0.45008798781662407
1967-03-31,0.03300271009829137,0.03374395619273286,0.02444900474033503,0.4580446080969657
1967-04-30,-0.027294366265391726,-0.02650223423090261,0.0025958383223859327,0.4622135869599532
1967-05-31,-0.024952249011224677,-0.023531726832268503,-0.017646570141410835,0.46711932059954997
1967-06-30,-0.043058432964071046,-0.042065953319422235,-0.013032814777746574,0.468054772899519
1967-07-31,-0.004542355310444532,-0.002297664444282593,0.0205056066747716,0.47561413847878947
1967-08-31,-0.0021918762783857872,-0.0011787249080205888,-0.00943488670603328,0.48312511275734404
1967-09-30,0.008820331785894768,0.009312133157604954,0.009709757042670445,0.49085011802047057
1967-10-31,0.008514479302334609,0.009270368831208065,-0.02449351398233949,0.4984540092248836
1967-11-30,0.006466452161725999,0.007578847931111262,-0.0002954177942150098,0.505922269961124
1967-12-31,0.007908074759195359,0.00826139676476514,0.009904496394600374,0.5132898265386235
1968-01-31,-0.02894226213296473,-0.028112904098828786,7.604943121042345e-05,0.5100347255786855
1968-02-29,0.0014602217595137924,0.0023400292881492826,-0.0010898125558997385,0.5103829053556758
1968-03-31,0.012125296607458804,0.012925553771094415,-0.0012301066421095685,0.5109393504088511
1968-04-30,0.016194923019851842,0.016557986756123643,0.035800022773057605,0.5109503294513374
1968-05-31,0.010691643088908897,0.011608064265734162,0.0018565084586490699,0.5113224066536359
1968-06-30,-0.017335359289908668,-0.017006399038681362,0.020173148628005733,0.5113218921560002
1968-07-31,0.015044871479135196,0.01664894168516972,0.014354944812157017,0.512032448930317
1968-08-31,0.022050492256818262,0.022533156855607594,0.017154989140268306,0.5118993606724481
1968-09-30,0.04676262943085127,0.04713366258479158,0.028233656943938396,0.5161200100588227
1968-10-31,-0.016589347090071697,-0.01658028868113975,-0.012586823341437542,0.5197386729412569
1968-11-30,0.01725093488279894,0.017721808699302406,0.003073400945166449,0.522041482728917
1968-12-31,-0.006338789676723804,-0.006086454061063612,-0.02649536044944653,0.6353064288348824
1969-01-31,-0.0024451568849528345,-0.0010574752261940513,0.01688669382897251,0.6396689441791248
1969-02-28,-0.007775514684124903,-0.006977163515176218,-0.024471832622592365,0.6879334457659501
1969-03-31,-0.0011375044433943374,-0.00032791047662063515,0.020463386483213886,0.7557431550328615
1969-04-30,0.008170341585911955,0.008969965438901835,0.01572372422685403,0.7557006227884384
1969-05-31,0.06888322365143985,0.07006871321430269,0.0008328950117741651,0.742952493310523
1969-06-30,0.0310719793316099,0.0317321607303002,-0.024660591513099073,0.7459152656173683
1969-07-31,0.016530554525074972,0.016966217546087146,-0.025225017800799165,0.7573028755961997
1969-08-31,-0.0009317452676309418,-0.0004277015014292323,0.011068036542836002,1.068137445043048
1969-09-30,0.23381373011345863,0.23520273218299775,-0.013105283186018835,0.9853362099972627
1969-10-31,-0.13906370924777603,-0.13835485851489973,0.04232113085691669,0.9279785670657309
1969-11-30,0.05392572658387218,0.05555080681065434,-0.008070410775283893,0.9181382638844792
1969-12-31,0.16349185953333364,0.16471884586177,-0.005718954090952494,0.8752643995763257
1970-01-31,0.030326088332289256,0.030415555545916066,-0.02301681510900569,0.8745243310063177
1970-02-28,-0.15032805009099898,-0.14980668336326713,0.048237429377283036,0.8015736473539379
1970-03-31,0.02642947944983108,0.028112386635286486,0.011053086062516454,0.8093543577815615
1970-04-30,-0.08286068896216159,-0.08244073330201687,-0.08164604972245676,0.7919041398246618
1970-05-31,0.03742663231176836,0.03916341436179241,-0.02638702063469181,0.7970067463328505
1970-06-30,-0.007232180611507729,-0.007115734006786195,0.006958647768740223,0.8201998080499043
1970-07-31,-0.043199154373357244,-0.042160768430605004,0.02834406176020371,0.8110624221027368
1970-08-31,-0.014757638492298874,-0.01381649032389824,0.007754832738081835,0.8095348658241458
1970-09-30,-0.009108016420930419,-0.007912661517581767,0.007406184320851217,0.808493446909583
1970-10-31,0.0026679986662278355,0.004124280477664873,0.0039609566941828656,0.808489667807643
1970-11-30,0.060765705303084006,0.061269508699442754,0.02451009982287941,0.7996395470427886
1970-12-31,0.01668005330258541,0.017747288456871714,0.014142294528718097,0.7994947566355333
1971-01-31,0.03729457946562099,0.03742242038752484,0.034801429628207536,0.8081312162515558
1971-02-28,0.015925172202708858,0.016060166759556925,0.022314947775190275,0.8084433699941419
1971-03-31,0.08014069539245113,0.08062466891888459,0.044208638811132794,0.7938405060731756
1971-04-30,-0.0669429286830507,-0.06671175393437796,-0.004460010285388755,0.7731027543346168
1971-05-31,-0.03329213409725102,-0.03226497710172017,-0.018026753214490265,0.7669484314333078
1971-06-30,0.028004255033258336,0.028760188539650088,0.004543333136726557,0.7704912902446748
1971-07-31,0.009543117977855991,0.009988073486070418,-0.00889272019392659,0.7710352415937026
1971-08-31,-0.11118768000742124,-0.11105518799629362,-0.0044810584726688585,0.7284341762602284
1971-09-30,0.013893547274358644,0.015506562935812361,0.0183990262624964,0.7398290813164184
1971-10-31,0.00898882856842117,0.00951700662827417,-0.01990995034542864,0.7427323099130188
1971-11-30,-0.017830002729092315,-0.017177751049758036,0.016212629179604365,0.7420904386269751
1971-12-31,0.030109223913620718,0.030854317018170794,0.05440780726301708,0.7409124782517166
1972-01-31,0.007068814688668414,0.00791167322506197,0.012219491054604681,0.7411290712869616
1972-02-29,0.03524464245678303,0.03590595554209668,0.023510449024011226,0.7394292064023841
1972-03-31,0.00307635010584552,0.0035440891280373293,0.01007859849796372,0.7395986078245592
1972-04-30,-0.0050848267823283425,-0.0038819855227811913,0.0038836316107125346,0.7391267404531594
1972-05-31,0.05278151353279763,0.053750007516430255,0.043274707267693724,0.7441592778116248
1972-06-30,-0.016725402065310046,-0.01621125378215818,-0.00368468686543591,0.7443609975091043
1972-07-31,0.01799697112943925,0.01917778704730835,0.015834703992085086,0.7441953242517677
1972-08-31,-0.003124282787169661,-0.0020535959699305804,0.01128657859354218,0.7441147194749966
1972-09-30,0.01964365342905183,0.021181793749554777,0.013128361399216443,0.8400076812585348
1972-10-31,0.011972735393493215,0.01297547803779705,0.017690150965266827,0.899680375739362
1972-11-30,0.05404937033129896,0.05476980377268317,0.03339114302789786,0.8993470834277917
1972-12-31,0.03257274531016475,0.03319387979433083,0.016881041705268218,1.0069617758591098
1973-01-31,8.964419379601878e-05,0.0016698293198609913,-0.010351567123411981,1.0113005538251505
1973-02-28,0.0100454456378926,0.010629831516521263,-0.015948700738128402,1.186429780650152
1973-03-31,0.021455498681597063,0.022046634389682657,0.0028297769283004703,1.1909749531282043
1973-04-30,-0.08239807162041989,-0.08224715326147254,-0.04046051844903123,1.23796082440754
1973-05-31,0.03396386916156886,0.03556276562760267,-0.009989783057597151,1.2485498602122083
1973-06-30,0.013133751995437133,0.014351923763307057,0.003101630318212978,1.250868839639528
1973-07-31,0.11506518077267798,0.11525712622501905,0.010165217199552268,1.227413242339962
1973-08-31,-0.09963727753173864,-0.09847375813877388,-0.008417938206125575,1.1713149681566954
1973-09-30,-0.08618215879896293,-0.08420428255404178,0.008003093179128812,1.1303178672767613
1973-10-31,-0.02043043103799753,-0.018781886160528404,0.0063980410197068405,1.1264886721999405
1973-11-30,-0.005103425162976341,-0.003516360726187732,-0.03145161308945152,1.1557940025656575
1973-12-31,-0.01027257940978959,-0.008624599844533993,-0.018735253270231844,1.156466506890057
1974-01-31,0.0341227210395849,0.03726964735930943,0.008787490031029922,1.1631890769550064
1974-02-28,-0.014188798225053189,-0.012666129590872254,-0.005692278374012112,1.1632231811556994
1974-03-31,0.05211509664671922,0.05237498239657119,-0.023515240936324972,1.2178829133435065
1974-04-30,0.14874625349037385,0.15096542073552704,-0.019129047576502224,1.173398561282831
1974-05-31,0.05484521898191742,0.05541142481904213,-0.00917069429106767,1.1817804951947835
1974-06-30,0.05607799992413592,0.05771889917200027,-0.01913399971648592,1.1766319126552633
1974-07-31,0.18455589943457865,0.1864097024521631,-0.0331313360441447,1.0520718801454336
1974-08-31,0.23196270905047503,0.23251074517516615,-0.048428518526223686,0.9909872382052015
1974-09-30,0.07713252843959484,0.07777431563018553,-0.038047697425289455,0.9797855513218029
1974-10-31,-0.17483631539480776,-0.17279814358341913,0.04132530613781895,0.8496345579428507
1974-11-30,-0.015286586979557962,-0.013804194262440913,0.002263272811527753,0.8511332475678853
1974-12-31,0.05450388699925617,0.055520702927265485,-0.01517194188277515,0.8472416046207876
1975-01-31,-0.0675345647647572,-0.06683836250546021,0.04942529011725274,0.822566848498312
1975-02-28,0.05667581472263298,0.05780743305240818,0.02905834254108284,0.8185190051965006
1975-03-31,-0.04275158594336509,-0.042183934677571464,0.012921905947589001,0.8073414494072104
1975-04-30,0.041531728921820624,0.043598286542290074,0.008260449224904653,0.8061116321984575
1975-05-31,-0.020951485184935188,-0.020194576995785307,0.020058546298645716,0.8081408618293364
1975-06-30,0.01563674881089141,0.01698576417486352,0.022186251327408014,0.811815675748187
1975-07-31,-0.057219250151999614,-0.055526485989907615,-0.02053808877339819,0.7954530402353137
1975-08-31,0.00416483900144324,0.005929735400726749,-0.02190619169161806,0.7960812349904419
1975-09-30,0.038794024659633115,0.039615306084327846,-0.022962657224864083,0.7940545803990553
1975-10-31,-0.17115660269253952,-0.17007631363608677,0.04429485957605278,0.7013802510190528
1975-11-30,-0.01684519996385223,-0.013287194554374743,0.0066391225329539925,0.7040233420457975
1975-12-31,-0.007992709281013284,-0.006363035928898857,0.003828097517111236,0.7048285736193106
1976-01-31,0.01816492223474066,0.019831431887519207,0.053325745851491003,0.7042664740726574
1976-02-29,0.005083808148102371,0.005854569843919788,0.003663497119605397,0.7042747607642351
1976-03-31,0.029375631619107626,0.030006715550097023,0.009782254834627541,0.7026876576641045
1976-04-30,0.010687150061753876,0.010990541355281222,0.0016276548013428223,0.7121122132114976
1976-05-31,-0.03997686124293281,-0.03969317739253645,-0.010129303314595012,0.7060527159539268
1976-06-30,0.01700782643644603,0.018349561636357457,0.020157461623454755,0.7056270010963972
1976-07-31,-0.015039914613214116,-0.01405979672420143,-0.00556040155407946,0.7154346088062242
1976-08-31,0.0077031735655923705,0.008237230163816901,0.004124883142337628,0.7277588993734588
1976-09-30,0.03207812716492252,0.03350383112647578,0.011523440292993589,0.7369688349207301
1976-10-31,0.014505047921201292,0.014914224130274578,-0.007110244792505234,0.738314204358164
1976-11-30,0.08593695815722577,0.08627713713300925,0.006197720529591573,0.7214184025824384
1976-12-31,0.00887126804360722,0.009647341710779935,0.03884708981888753,0.7223320528818358
1977-01-31,-0.10281620202577335,-0.1014043022907096,-0.02294829914062574,0.6869080378621123
1977-02-28,0.00015378241757909813,0.0012656974592216768,-0.004161946663367333,0.6875012707732711
1977-03-31,-0.0004437736258848775,0.0005383465699725135,-0.003174743231708743,0.6888750604626631
1977-04-30,0.00814935182978757,0.00905591056606431,0.004609399322038595,0.7079307259327957
1977-05-31,0.0014051842413581271,0.0024079431678868807,-0.0053727694274918,0.7103180383850056
1977-06-30,0.016154867355260352,0.017215592875155894,0.017589242472077903,0.7125964698949622
1977-07-31,-0.009166921082743092,-0.008558623404690305,-0.01182591424823583,0.7523703433166848
1977-08-31,-0.01951371838965531,-0.01876146594619118,0.013091647322278837,0.862249027451147
1977-09-30,-0.017749309442681615,-0.01569022945212046,-0.0015588568969902572,0.8825205235309587
1977-10-31,0.024670225181281685,0.027015512553508352,-0.025356358058832552,0.9788106052049587
1977-11-30,-0.038891863596978306,-0.036945594317294606,0.005970876668387914,0.9746226764678735
1977-12-31,0.09732850715338733,0.09863352634719982,-0.006064429371373192,0.9510661469213402
1978-01-31,0.0041291205044986755,0.005095168066261738,-0.010801853446931872,0.9742721871155943
1978-02-28,0.07075920530443995,0.07198615551222041,-0.004781319273490163,0.972229753017997
1978-03-31,0.04462384103180661,0.045233685526336984,0.016149053364529393,0.9756495699150024
1978-04-30,0.025624625033051702,0.026262864371473703,0.03267032429698017,0.9838532495572959
1978-05-31,0.06002713511531582,0.06094317278347191,0.002963937957145742,0.973557337530761
1978-06-30,0.05001882336563249,0.05040435870408397,-0.007312937821521573,0.9660925833157998
1978-07-31,0.0751757333417868,0.07614158589330612,0.015728783792069302,0.9690822566116609
1978-08-31,0.0739074385563081,0.07546175852005549,0.016022000776197955,0.9520652431053771
1978-09-30,0.023917885976308725,0.024572951268760062,-0.002802717631858631,0.9567586153901865
1978-10-31,0.1098420150619242,0.11089865437813952,-0.05824952102226708,1.174213528334638
1978-11-30,-0.2322375010133532,-0.2296842223024197,0.026754838163091356,0.9516055619836863
1978-12-31,0.03861802071908673,0.04173871465571926,-0.004438026877323883,0.9511151715743251
1979-01-31,-0.03213047092492713,-0.030074765921054892,0.03253838788710535,0.943365457564177
1979-02-28,-0.03753102632504855,-0.035001688908906536,-0.02024782294992176,0.9340300085929557
1979-03-31,-0.01680486202066632,-0.013889465782769481,0.02510670470930343,0.9343101440196871
1979-04-30,0.02798629897306337,0.03165100384821503,0.004166746128366816,0.9327672416426148
1979-05-31,-0.08593011280004441,-0.08365044076194657,-0.000619441855325753,0.913298596991525
1979-06-30,0.009061867963946748,0.011509891720592722,0.014430416849164221,0.9139588680245134
1979-07-31,0.0009743103026480155,0.0030831150825862404,0.00197686064788886,0.9170486782642719
1979-08-31,0.1236901889307059,0.12622889067027798,0.017383758219747726,0.8703346647087193
1979-09-30,0.07202437278415358,0.07304345178670266,-0.003713273602517552,0.8600833005298925
1979-10-31,0.1683990603309845,0.16873891667271457,-0.04803883469916441,0.7856067889763663
1979-11-30,-0.07613333746777286,-0.07426630248235315,0.02180931075016936,0.7790503569044835
1979-12-31,0.03715285887069571,0.03892890050757963,0.012160340189211877,0.7767792209185312
1980-01-31,0.12644965021622304,0.1268769766201876,0.013826036314146284,0.7886902781474713
1980-02-29,0.30207160831221874,0.30338088499016636,-0.04003279668556124,0.6113747095137688
1980-03-31,-0.041308313211423454,-0.03960308690142317,-0.03424648131245145,0.6029536890616733
1980-04-30,-0.23326651884553154,-0.23198511179247794,0.06145109858038916,0.4872232136320688
1980-05-31,0.02962802055886523,0.03166672666318264,0.03056357101965312,0.4865927119853402
1980-06-30,0.021263221575437374,0.0216307447431263,0.01944763819634852,0.4864060149658477
1980-07-31,0.004792254143655366,0.005164960862616257,0.003436728250730224,0.4869936643742137
1980-08-31,0.013904486392263804,0.014754118096696087,-0.009788633232592128,0.48831045580684657
1980-09-30,0.04145323263829837,0.042335034340260355,0.003433293932164134,0.48775017199625653
1980-10-31,0.047151307883654674,0.04751147919730594,-0.004166213375849564,0.48558966681532295
1980-11-30,0.07118379738608459,0.07151114424867029,0.022197202277398825,0.48200016495196957
1980-12-31,-0.039835833312044516,-0.039563451613397166,-0.0018776771860389593,0.47762122908335425
1981-01-31,0.025871644766896247,0.026517545766628764,-0.006123100468084016,0.4777387283158092
1981-02-28,0.0522559941861633,0.052968029192413536,-0.01655423672535529,0.4757387850830113
1981-03-31,0.001088238269585639,0.001302545582520751,0.02449485557399887,0.47535815753770005
1981-04-30,0.07611707277114485,0.07687043799823486,-0.010300532638505881,0.46820238781477447
1981-05-31,-0.018622985743063394,-0.018136851245929193,0.02028029169616355,0.46607384843668437
1981-06-30,0.02845034084175219,0.029015983768689073,-0.004105162704227878,0.4658695926654591
1981-07-31,0.057244748779237915,0.05782510255423152,-0.01677564825532872,0.463293711967113
1981-08-31,0.03922437298053969,0.03954171926184227,-0.03983478875878218,0.46300355257235315
1981-09-30,0.015083678320807788,0.015320098397524235,-0.03706093700419745,0.46304572962129437
1981-10-31,-0.09908650439554531,-0.09879175221940248,0.04170378592995388,0.44201242641534777
1981-11-30,-0.026139013171034474,-0.02522557466859698,0.046485039215188484,0.45887414120657316
1981-12-31,-0.027943631038161106,-0.027035784382442134,-0.023084641792791953,0.4557430660603423
1982-01-31,0.019285365491485393,0.020017143654720602,-0.0037985492153016663,0.45716594642052993
1982-02-28,0.00800397771049822,0.008564054288296687,-0.014856413804107356,0.4590184991532944
1982-03-31,0.019578869495823527,0.02001802573272329,-0.007272459652047827,0.4599082356064147
1982-04-30,-0.05377318394369491,-0.053311190059310294,0.019642375218889646,0.4511212254145231
1982-05-31,0.018202624575143236,0.01925114191476228,-0.00801797809388335,0.4569245111058766
1982-06-30,0.04360504860322399,0.04437194218391419,-0.01788024126211545,0.4555018285652457
1982-07-31,-0.017269241993729246,-0.016695887560381054,0.007877179177855227,0.4538433449233749
1982-08-31,0.006611946770490757,0.007551520855526701,0.05122262571465596,0.4582295504587323
1982-09-30,0.05982611996978063,0.06024375609325134,0.03103431798990649,0.45527188679327074
1982-10-31,0.09351613187977671,0.093898296697849,0.07074816872260126,0.4539041808759426
1982-11-30,0.024338107541396068,0.024624031225209182,0.0317220898417921,0.46056940956167736
1982-12-31,0.018822258878275246,0.01925179627085801,0.00975306120097966,0.46063368904553476
1983-01-31,-0.0006746247781239056,-0.00035922634852045363,0.009326983387056616,0.4672608977943976
1983-02-28,0.027972006857927254,0.02843986852113666,0.022896944953190675,0.5348823520885015
1983-03-31,0.013598004406845436,0.014190277439504725,0.012188598716603433,0.5401345242949055
1983-04-30,0.060533269914966034,0.06156892213679029,0.035221236729424295,0.7081465907967558
1983-05-31,-0.038474905745698326,-0.0373741060454862,-0.007958260758380908,0.6971277687254372
1983-06-30,0.03715443435867361,0.038612820294058534,0.012309345307438515,0.6966891428611445
1983-07-31,0.045400945209147815,0.04599721686671334,-0.023425693067503618,0.6964797865222279
1983-08-31,0.02473229173189749,0.02505539998898662,-0.0035102557219518498,0.6965575632304702
1983-09-30,-0.023631127654008106,-0.023296115043788358,0.018875586213127425,0.6932235921845527
1983-10-31,-0.021757227574971026,-0.020900120760570618,-0.02021124884681199,0.6935135275010634
1983-11-30,-0.0008658765011827704,0.0002495092604959618,0.013386148712917463,0.7131278451364302
1983-12-31,0.02087704442301211,0.0218505352983801,0.0009293581156760873,0.7329396238950758
1984-01-31,0.03657853150218475,0.03836097393704054,0.00620393489675102,0.7331959487603562
1984-02-29,-0.06887079024687445,-0.06736443721209466,-0.03259398995688916,0.7213568804772756
1984-03-31,0.056517663841772155,0.058621103795618176,0.003342732711325063,0.7172194995160219
1984-04-30,0.03374397796569537,0.03455590227933565,-0.002310830543654615,0.7477691750972397
1984-05-31,0.07953996478501045,0.07998720901489272,-0.05270563349738059,0.7432820499223319
1984-06-30,-0.018357899139424524,-0.017629389188992074,0.019471144386883226,0.7411712589930428
1984-07-31,-0.010762042607102573,-0.00992013318879504,0.013143582487990618,0.7571236868000867
1984-08-31,-0.12401109004284878,-0.12319580162821295,0.04402580217102558,0.7098195767695511
1984-09-30,0.018972246944775832,0.02061786975061119,0.01223930340639891,0.7100272552872117
1984-10-31,0.04729846241076085,0.04830347969443052,0.024065096728600972,0.8043975700222633
1984-11-30,0.04066075348232165,0.04163919435119669,0.005259257707416989,0.817448120796615
1984-12-31,0.025854085613314065,0.026649993189538736,0.012180491402706448,0.8349299867503234
1985-01-31,0.13221276866967432,0.13285224378341165,0.04570441196296012,0.796253705896
1985-02-28,-0.014463770878947685,-0.014143431677320795,-0.0023480454895602786,0.7915816702856728
1985-03-31,-0.0649731899218208,-0.06370552026491237,-0.0023598131282289237,0.7681172724772809
1985-04-30,0.019958680183486958,0.021590094736138814,0.0058849774464135385,0.8120595043824533
1985-05-31,0.1411583675144563,0.14224098077337552,0.04477547752669895,0.7690864007946255
1985-06-30,0.036142850035780466,0.037191105629102834,0.0067651379980091676,0.7766780254788221
1985-07-31,-0.034246667133564966,-0.03417346852664285,-0.02069482643116949,0.774535568505781
1985-08-31,0.0038328412532120473,0.005040896114392499,0.010890752069901293,0.7736982463674775
1985-09-30,0.0031156443961410274,0.004329216955119905,-0.0201656243121935,0.7934491697845047
1985-10-31,0.04569761969662384,0.04651232439840683,0.020944629656263376,0.8701399594292131
1985-11-30,0.1404323887033803,0.14165056044881003,0.025624530338137372,0.8236500675738072
1985-12-31,0.17210434350936343,0.1726744094993681,0.03133972971350962,0.7560203740008189
1986-01-31,0.018391157325996516,0.018756379726603725,0.0008079787858734648,0.757984238858155
1986-02-28,0.21059037890288143,0.21137660728504126,0.04992698654673312,0.6680546499700479
1986-03-31,0.23431736237121364,0.23501099332428466,0.06674179450764599,0.5723780385780974
1986-04-30,0.015117354536661664,0.0156354216731869,-0.00659389626599852,0.5757163618560974
1986-05-31,-0.042059798132542264,-0.04161391226596143,0.014062838894575932,0.5723030898233195
1986-06-30,0.07015811736409801,0.07099546704138697,0.02489805215079711,0.5675512376493672
1986-07-31,-0.0458987141599025,-0.04522369001234651,-0.028176635885001345,0.5560677003628074
1986-08-31,0.07821122024863056,0.0787256094307635,0.03340786874669873,0.5492991923548564
1986-09-30,-0.11876213973018024,-0.1183816476965964,-0.04341007021146733,0.510426125364263
1986-10-31,-0.025759601666915995,-0.024303733943009644,0.01070381352168559,0.5088502278078062
1986-11-30,0.017855368794728942,0.018909733108352707,0.014663695874244684,0.5097734286109604
1986-12-31,0.010272884443741241,0.011136861657276556,-0.008310646769787353,0.50962313116496
1987-01-31,0.04512508339043279,0.04554320762920773,0.046668672701178915,0.5084026598267255
1987-02-28,0.07451862223107539,0.07538733684397331,0.02877584074755629,0.5131596546837577
1987-03-31,0.03703220817593561,0.03772629660869823,0.0015199963475757555,0.5134166647692515
1987-04-30,0.0518953465480449,0.05220565610372252,-0.011380243973200102,0.5118398498215138
1987-05-31,0.05828068512833524,0.05906670758970628,0.014112453811231537,0.5112504360213166
1987-06-30,0.002406870303461482,0.002763966155653122,0.014726390478068146,0.5132619720153563
1987-07-31,0.04620210168006561,0.0468984387808785,0.009447688821955999,0.5149278477788676
1987-08-31,0.06036660382306494,0.06097979540368152,0.0018337788147706063,0.5435157248356477
1987-09-30,0.04955218855669901,0.04997184640150504,-0.013113548435997824,0.5437142804246409
1987-10-31,-0.3072187264403263,-0.30643172075453506,-0.09454121964596139,0.3874957256788275
1987-11-30,0.044621679034345725,0.046190922396988424,-0.03749843497516343,0.3862095715742686
1987-12-31,-0.01801543187821413,-0.017817368801106948,0.02329760754432046,0.3841401305479965
1988-01-31,-0.03233859590898785,-0.0319635665153209,0.05092376375132254,0.3836136069629048
1988-02-29,0.00957243439016827,0.010119245619155726,0.023167440597269343,0.38437142547145353
1988-03-31,-0.009314143820751505,-0.009132075406923307,-0.011866955843010965,0.38697076322951396
1988-04-30,0.0035032044399665088,0.004009266392540256,0.006856163925571826,0.3867735367279118
1988-05-31,-0.001520733532937351,-0.0011483838904969633,-0.00744306939124488,0.3910110305315365
1988-06-30,-0.01737347571322838,-0.016592599073895244,0.037309841606692346,0.38952112653057214
1988-07-31,-0.0066530481073368945,-0.0056748410354745945,-0.008037532602306524,0.39047284317223957
1988-08-31,0.004248455426063652,0.005200669468971644,-0.018824671301342674,0.39055943720873
1988-09-30,-0.022684640809008373,-0.021879041036575675,0.02499311317638675,0.38870779939238775
1988-10-31,0.0027613056173289713,0.0034944460342629957,0.005120777759817827,0.3887400401112542
1988-11-30,-0.029421771938620524,-0.02869473613136956,-0.017234387339388604,0.3906541821749339
1988-12-31,0.003731349214017839,0.00455820567940814,0.009654175242772844,0.39989002423319725
1989-01-31,0.020623064574872382,0.021292848736108677,0.04868794183396327,0.3995960762705176
1989-02-28,-0.007050643318825598,-0.006348753848805875,-0.01592042578309212,0.41954065484620356
1989-03-31,0.014582044275513795,0.015306222983868042,0.016918430367973303,0.4624899490503086
1989-04-30,0.006602744024022579,0.007188795931500043,0.025293610476947254,0.46266969951902104
1989-05-31,0.03240813112446045,0.03316442610393458,0.02813581445987816,0.46335204581221645
1989-06-30,0.04180708490284283,0.042856380530263055,0.007287887417923564,0.4661062557798573
1989-07-31,0.059095582497744534,0.059449838103349674,0.03337372497929825,0.46349144679853127
1989-08-31,-0.03976489927528603,-0.03945619147631751,0.004151091200631715,0.46725609208419944
1989-09-30,-0.014001001864989296,-0.013371136343134152,-0.006074363916144937,0.490166586849139
1989-10-31,-0.020312315008062347,-0.019561294432364203,-0.00656421077715412,0.49059435818063735
1989-11-30,0.007654310758527815,0.008595090618904226,0.015296935943050358,0.4909198262730902
1989-12-31,0.018201027579442162,0.019006011883323348,0.00929378827941059,0.4905894164066114
1990-01-31,-0.07214251554178251,-0.07142349071328846,-0.04209015424854347,0.48224050995864093
1990-02-28,-0.01997233429198317,-0.018468829382058644,-0.0007861100029436451,0.49202347869753166
1990-03-31,0.009218158592452093,0.009715379647565352,-0.010776534718589697,0.4946748194507847
1990-04-30,0.0301116781271618,0.030373860972747996,-0.026622461930679582,0.49822863362544584
1990-05-31,-0.09642822988615306,-0.09604668168784716,0.06392005381382924,0.4883178922482287
1990-06-30,0.021130924477755397,0.02245110049260647,0.0045668269735783164,0.48683339485801896
1990-07-31,0.015916337286139608,0.0160330988912113,-0.009715192062458113,0.4911402371609362
1990-08-31,-0.02592973588342118,-0.02543161275091564,-0.07462427803139127,0.4996316237856004
1990-09-30,0.09526745666644593,0.09675207070466875,-0.058073477665186654,0.4832603053770849
1990-10-31,-0.03694117757397603,-0.03660929310762555,0.030643332788372463,0.7738714812442965
1990-11-30,-0.06252076933512579,-0.061717279211026654,0.017740946882805805,0.7927493290897218
1990-12-31,-0.012706261370717816,-0.011221084877524028,0.0206884634766448,0.7961181007438005
1991-01-31,0.020081183898086545,0.02119143122294599,0.02352102982670118,0.8080827700077637
1991-02-28,-0.02344457514423275,-0.022114000314345135,0.06181811035071158,0.8086643998534129
1991-03-31,0.06546817935935828,0.06720101690101209,0.02249013226771334,0.7936801764930306
1991-04-30,0.0008485279154448117,0.0016082309738251269,0.003985713953279735,0.793929273254981
1991-05-31,0.052143820763007526,0.05343686378876689,0.018303871799827925,0.7844303439983948
1991-06-30,-0.0547423230139292,-0.05309123123250987,-0.029957141655433544,0.7786696058400052
1991-07-31,-0.04552003808089091,-0.042825943869050746,0.029186253762838014,0.7730728409131522
1991-08-31,0.05204934748552895,0.05458302104225573,0.011440498926701624,0.7637320213172937
1991-09-30,0.018439719157471772,0.020330744054460444,0.00445828698643258,0.7690482208450985
1991-10-31,0.031203376314897904,0.03229033669857714,0.008345095952296579,0.7662451069659397
1991-11-30,-0.012183127466343079,-0.011387523629877992,-0.021391724055775496,0.7776796832402829
1991-12-31,0.13177677784144745,0.1328332627702587,0.04043782452936513,0.7291561406120667
1992-01-31,-0.07512548626885011,-0.07386741230939285,0.01165862557539047,0.7132680372442235
1992-02-29,0.04917505006413125,0.05061669056819861,0.012160340808863692,0.7077860828753832
1992-03-31,-0.03689965645512354,-0.03624511901721253,-0.026043847542530064,0.703989599569232
1992-04-30,0.025702715599011893,0.027275986205064055,0.0059120223929046796,0.7025340996762536
1992-05-31,0.06856695616613553,0.06998476458617402,0.0304610656875436,0.6960783312867838
1992-06-30,0.03853114299860428,0.040080654468852256,-0.027684164256982478,0.7030777640458206
1992-07-31,0.015173009095951553,0.01677349296286842,-0.002432104623059748,0.7260608136420149
1992-08-31,0.02415476554080674,0.02617996429114734,-0.005364451615994184,0.7381100602149435
1992-09-30,-0.005644505560936004,-0.0047558408779456544,0.012231518254476516,0.7399938129199164
1992-10-31,-0.10545066221970176,-0.10445396121317649,0.01868855825997691,0.708240955344769
1992-11-30,0.0024297336467954344,0.0043604559727335014,0.021021893936512635,0.7084997859424321
1992-12-31,0.051311641321828326,0.0528678845195724,0.004756147245319953,0.7028798005925327
1993-01-31,0.0534386863223908,0.05436004421723161,0.017003181954085445,0.7328398614996268
1993-02-28,0.10313634051656492,0.1042634116114129,0.02696005092221921,0.7106862821963064
1993-03-31,-0.017368130924768615,-0.01664129719171255,0.013119908317203988,0.7083545909345264
1993-04-30,0.011921614075198157,0.01280172192741285,0.005634749788166851,0.7116950736210119
1993-05-31,0.008924225616820578,0.009662880223485475,0.01338622079297477,0.7911508942270142
1993-06-30,-0.03299766277857046,-0.03053994952908415,0.012693051721912952,0.7858634793945526
1993-07-31,0.03909394767126244,0.04208043596953306,0.01339177461453386,0.7836804579219561
1993-08-31,0.19158605926657715,0.19246572270489945,0.042297294405494595,0.705409340042779
1993-09-30,-0.0014783214291387474,-0.0002837660002097185,-0.003704103437670336,0.7523937884292413
1993-10-31,0.1485906939260145,0.14928147128109648,0.040133060279076926,0.7181602094141083
1993-11-30,-0.09712352236420942,-0.09630122727112787,-0.031154456312942183,0.6960042266964734
1993-12-31,0.08259699184572314,0.08547561378425675,0.058626942018771215,0.6861304834805182
1994-01-31,0.021148759290331564,0.02224811530142913,0.021283983028774357,0.6861514158921368
1994-02-28,-0.13398684879558656,-0.13290944473595515,-0.035827930729181286,0.6298469570756368
1994-03-31,-0.002595288086069607,-0.00028279988208412127,-0.04753527265767327,0.6327663971598464
1994-04-30,0.04391122833335645,0.04526173276276329,0.0027576814423464057,0.6309854236557998
1994-05-31,-0.0065853231477983635,-0.005844604877780114,0.0023889732532326857,0.6316776862995275
1994-06-30,0.0059770718118597735,0.006631070625803023,-0.030333218657480402,0.64090267962684
1994-07-31,-0.11347073844374979,-0.11231467331244561,0.0312213740575595,0.6061311476826287
1994-08-31,0.017137867985264718,0.019439504967269424,0.02230093255232929,0.6082959393570295
1994-09-30,-0.031208125266641032,-0.029982975237662156,-0.03908101645074653,0.6036903005825804
1994-10-31,0.04469947447538795,0.045941311442632984,0.006982174487838245,0.6011873341601858
1994-11-30,-0.07675189930262966,-0.07628350592787084,-0.022520891668844033,0.5833056743747698
1994-12-31,-0.015575587191590605,-0.013940247311593205,0.004506936909014502,0.6038526491312332
1995-01-31,-0.017160345989994198,-0.016102310036747666,-0.014168240666079126,0.6149813242136615
1995-02-28,-0.014028544535354156,-0.012494387842468513,0.02340827000940137,0.6173003576500394
1995-03-31,0.05286396214222084,0.054477294496451015,-0.005119049760651561,0.6158434952835529
1995-04-30,0.032795758928226885,0.03377779749164448,0.018654082159728164,0.6148364366236657
1995-05-31,0.20019899686383447,0.2012156382435647,0.036948077434978084,0.5419535980808511
1995-06-30,0.07230336804033692,0.07312000944010202,0.00150522725031129,0.5343962065082302
1995-07-31,0.004841597804361858,0.005145263265719985,0.03363635123293119,0.534261551884975
1995-08-31,-0.00983132288576179,-0.008912024276115166,0.017952682880774062,0.533342847165751
1995-09-30,0.036949995742525304,0.03818534178192423,0.01165609097174578,0.532414149054265
1995-10-31,0.025167812345724502,0.025618156634297555,0.0013421310286901075,0.5514133519981492
1995-11-30,0.08004656955525073,0.0804884068481913,0.029539801460020308,0.5427075346485329
1995-12-31,0.0666442896826247,0.06740343367290634,0.015024653801768772,0.5383391393962298
1996-01-31,0.10987848712646975,0.11001134045255748,0.035047916990260435,0.5214867661812648
1996-02-29,-0.04984608400262208,-0.04919457687830687,-0.012837458609914941,0.518273438183399
1996-03-31,-0.00035130974699501116,0.0007719023967419697,-0.002488582887190642,0.5195640897352974
1996-04-30,0.0972666357862794,0.09817009407679399,0.014386069928548526,0.5060423986621244
1996-05-31,0.03460294905733897,0.03483170392281346,0.002132996768281069,0.5058559528777681
1996-06-30,-0.03964160258913311,-0.03853818572748413,-0.0010164886454444274,0.5019078474259417
1996-07-31,-0.09470437150641865,-0.09364898102338191,-0.031109520869286318,0.4775067545848177
1996-08-31,-0.003594347181687967,-0.0015773472447028825,0.015310394831414064,0.500797228089634
1996-09-30,0.027679894906316303,0.029128228461189253,0.038082650359741975,0.5005601341768616
1996-10-31,0.02459424316937085,0.026354515846660636,0.012459220309439337,0.517286473352709
1996-11-30,0.1257783063862386,0.126981899950032,0.03798434519041989,0.504894933094113
1996-12-31,-0.02806549028040603,-0.02742298292947564,-0.011553302093157363,0.505733657726639
1997-01-31,0.11804845551380468,0.11908905111008421,0.017251244985872435,0.48390410757751035
1997-02-28,0.02745864007098847,0.028329691158221267,0.006975496922031768,0.5116568175881433
1997-03-31,-0.017401732381635712,-0.016948170037433822,-0.022594622141220197,0.5095508243537761
1997-04-30,-0.008905761550175154,-0.00732136659446834,0.029048336400975462,0.5086307159489273
1997-05-31,0.10672250954371293,0.10876003030916001,0.0434849123495853,0.49363833096939025
1997-06-30,0.07797987619922943,0.07831717456412976,0.024996607627275364,0.48771860814660417
1997-07-31,0.23833995984745454,0.2393209166030126,0.05966247992332594,0.43191461944318377
1997-08-31,-0.16078659916203022,-0.16000486896127813,-0.05151047484861509,0.3795248194560867
1997-09-30,0.05298163178990192,0.05452512840040245,0.03772937079055761,0.38043040539214906
1997-10-31,-0.12505804321812397,-0.12397749059536341,-0.06232181946920639,0.35041006603075764
1997-11-30,-0.006221750012190583,-0.004990601232459146,0.01290686175159866,0.35553942939684824
1997-12-31,0.04260362097776679,0.04361289497851974,0.015203131534692622,0.3557916766745174
1998-01-31,0.04949350441716144,0.0501423537438319,0.016569845682687333,0.3558614072015856
1998-02-28,0.022237298476845156,0.022620116126114236,0.04530089592860957,0.35716717127468556
1998-03-31,0.057728540540402995,0.058410163579493225,0.019901619526136477,0.3553586225717849
1998-04-30,0.003755777955920203,0.004067813271755925,-0.009752892612892916,0.35483877016991155
1998-05-31,-0.010134855071017206,-0.009570392192376612,-0.011928619632898135,0.367915010348703
1998-06-30,0.0476418302737776,0.049012473046234926,0.01359412334087581,0.3679732925621491
1998-07-31,-0.009726576721375344,-0.00917121769135082,-0.005411696760811577,0.3670759540044695
1998-08-31,-0.08612642330438317,-0.0848594480968795,-0.07411331219161248,0.3522191978768328
1998-09-30,0.03852050225557733,0.04030474826285814,0.021343401405184023,0.3514919776935678
1998-10-31,-0.04962009096820543,-0.04894491094332737,0.046662134368603864,0.34530563270284304
1998-11-30,-0.019665541806372127,-0.018797937537866106,0.04301890715081058,0.3457033735870388
1998-12-31,0.03921400967907549,0.03984208277649918,0.008373953777337656,0.34596506653893294
1999-01-31,0.019139135166336342,0.019808226332094583,0.023285335132862055,0.35107408923715994
1999-02-28,-0.03672188153507897,-0.03605920178987081,-0.019778523133619177,0.35066647760641867
1999-03-31,0.007841934554310256,0.008673879508860241,0.0352734311123594,0.3508385277221398
1999-04-30,0.05905120106963145,0.059837854308138816,0.0483334995047002,0.3518404718075046
1999-05-31,-0.041064535206958214,-0.040431664235103505,-0.03509919758552612,0.348231984033026
1999-06-30,0.03913620473694322,0.03952278386983867,0.037239902674855226,0.3490456030847206
1999-07-31,-0.01456984275424635,-0.013838663062154626,-0.01471873042339706,0.35726782348794434
1999-08-31,-0.00872445278037989,-0.007843375094519073,0.0037551120740166462,0.35690714946760477
1999-09-30,-0.035657401004401415,-0.034856688928741865,-0.013486142288237826,0.35365787736391213
1999-10-31,0.014691637783196827,0.015824739564362738,0.026683959314882703,0.3537072550538739
1999-11-30,0.07988391160321599,0.08097413831936487,0.043865442456610074,0.35500299118327194
1999-12-31,0.13565262962450175,0.13598558345665263,0.05198241193243371,0.3354964508357258
2000-01-31,-0.027984630684992795,-0.027721133269240545,-0.025474331562890074,0.3393764442198674
2000-02-29,-0.0011138387281612444,-0.0005474730322975437,0.03998276290515234,0.33926227920541996
2000-03-31,-0.02135111396347621,-0.020538142670751672,0.024716317279903838,0.3385329248362472
2000-04-30,-0.048499765985183144,-0.047640623475476915,-0.04305029976653053,0.33407073509654256
2000-05-31,-0.02148524033584967,-0.020582702339259514,-0.029214863628494826,0.33864409414041385
2000-06-30,-0.01632301476345995,-0.01564475347875735,0.03703028444572129,0.34124437656375517
2000-07-31,-0.0028790830016701434,-0.001885326153762171,-0.0065623228834003145,0.3892860710969839
2000-08-31,0.01639190246115604,0.017231339410899722,0.03562938473682102,0.43093933761456266
2000-09-30,-0.06305733004839492,-0.06165259202453334,-0.039942405007900014,0.42915330968958526
2000-10-31,0.03436133508408918,0.03585310815668957,-0.010402651515079067,0.4713519867974011
2000-11-30,0.04549987072561652,0.04637635607952613,-0.03823131573056447,0.46897591799178523
2000-12-31,0.03381188446480403,0.03483457298412923,-0.003837338093795337,0.47240077618537707
2001-01-31,-0.04028751352879074,-0.03965598785229831,0.026335074912739315,0.47506545697208546
2001-02-28,0.05781150082799162,0.05889722843277713,-0.045960677254961266,0.4706547552821191
2001-03-31,0.07357183743583379,0.07461874665761235,-0.04453729551839668,0.47131257232930535
2001-04-30,-0.15252888169236303,-0.15161298041415275,0.03827056756831189,0.4287231424791236
2001-05-31,0.0027845779358820887,0.004602082305783282,-0.0033861253635096757,0.4290621197561342
2001-06-30,0.030124599579646485,0.030740856122949033,-0.00540209516755688,0.43318886654572003
2001-07-31,0.0025454386723337526,0.0030461391784016726,-0.020965729254986316,0.43348706472424076
2001-08-31,0.093376964622812,0.09486400951530323,-0.038672880795284824,0.439025898451158
2001-09-30,0.19721581750023748,0.19780020812640475,-0.06050753056099283,0.38665468470461406
2001-10-31,-0.01472705635480322,-0.014398074140589055,0.04067991337684425,0.39267444654414896
2001-11-30,-0.110367421707092,-0.1097438744999358,0.03418694203026057,0.37186810590739316
2001-12-31,0.005076915261373369,0.006283528536271081,-0.0032968778965400403,0.37379665841451604
2002-01-31,0.023270780086743877,0.02379938271266494,-0.010164494472402984,0.37368239985429613
2002-02-28,-0.0027113194901368463,-0.0018867671356097003,-0.00805234777924771,0.3770460800190338
2002-03-31,-0.09031328356046604,-0.08951252763965355,0.015259223186836651,0.3627134034544461
2002-04-30,-0.0750901388603187,-0.07293493730498006,-0.006667265210148737,0.35878425432959776
2002-05-31,0.01580673230882247,0.017600207149625485,-0.006653041841292015,0.3614794157580419
2002-06-30,0.06634569169749963,0.06716665347182381,-0.042410540809582474,0.35749875029110306
2002-07-31,0.14006723383512065,0.14151741873578014,-0.0375611466902156,0.3330330801130222
2002-08-31,0.05002805199557801,0.050398359103008925,0.005511023435295748,0.33098001774445257
2002-09-30,0.13693286497841906,0.13727784617104258,-0.05553476254516796,0.3130955407453024
2002-10-31,-0.08342829307103956,-0.08288417209154533,0.02859703567910743,0.30160889871404684
2002-11-30,-0.03686167436372049,-0.03607343743637796,0.028561731799641832,0.3036408058477766
2002-12-31,0.050000763123595186,0.05018944818090407,-0.033835414696505264,0.3177273504697655
2003-01-31,0.019586718892883832,0.01995467972041874,-0.02418743548138316,0.31898072890678414
2003-02-28,0.03231426707368731,0.03286782687356971,-0.002797364619314154,0.3182267920607144
2003-03-31,-0.0008861295956091063,-0.0001444252223671397,-0.013141092927710698,0.31918556549198424
2003-04-30,-0.037924229504037475,-0.03713319579516035,0.04112444457765998,0.3202563079508143
2003-05-31,0.04298386874319644,0.043632244780936365,0.03742993081501751,0.3199202868847288
2003-06-30,-0.021816745536635724,-0.021322989816233394,0.013299291932575681,0.31940399002032666
2003-07-31,-0.019563106248854937,-0.01874413222332685,0.010609526639646462,0.31844590045049254
2003-08-31,0.016521111197883274,0.017384318869808648,0.026997788601382598,0.31839643743036583
2003-09-30,0.001457649514582062,0.0023096793746357844,-0.00017118157658001218,0.3227362917067219
2003-10-31,0.04788035548920219,0.04884673906754087,0.03248860407196411,0.3211832281293411
2003-11-30,0.00578667868533078,0.006627594452125512,0.005198002952446691,0.3216761315892138
2003-12-31,0.09287258204909549,0.09358304054228142,0.04170993890023529,0.31316120703029615
2004-01-31,0.025717820894173373,0.02636522207406161,0.01847669801143479,0.31514476740029124
2004-02-29,0.0602044718957434,0.06123750500363291,0.027943262215042744,0.3130649391938584
2004-03-31,0.04948308550395428,0.049740118251221606,0.01541611999060577,0.31305514897898906
2004-04-30,-0.14306338154133527,-0.14255365894282043,-0.039302387191391217,0.2987846401151654
2004-05-31,0.0023710374602361377,0.003998706565908098,0.007883541320087423,0.2988046745709009
2004-06-30,-0.003662685368432221,-0.0028173529430803017,0.0005605900828435997,0.2985650706081947
2004-07-31,-0.023502183029372275,-0.022565919511824305,0.013628285177684232,0.29714207925661845
2004-08-31,0.01111517060339106,0.012284144441040461,0.007409483950106301,0.3008808137592456
2004-09-30,0.024214155230868877,0.024904786286347153,0.026448909469253573,0.3234599655569358
2004-10-31,0.027107773847271862,0.028329177131823938,0.014584860027558585,0.32353394797425455
2004-11-30,0.060740533418784964,0.06185183520457742,0.021160217444299564,0.33499535343631565
2004-12-31,0.016335214852266154,0.017111238150060274,0.0018777047749036074,0.3350891110897592
2005-01-31,-0.030162903020332886,-0.029582747947055232,0.0009745699819251538,0.3325136037367917
2005-02-28,0.022369652968939856,0.02315628386804255,0.018682106220681338,0.3326900889710344
2005-03-31,-0.019219689994433097,-0.01837053079031416,-0.0077088386312248736,0.34416388048570173
2005-04-30,-0.04681802305782694,-0.045959730856527464,-0.01252107868346259,0.34933163998006084
2005-05-31,-0.020201055658792315,-0.018802699561091055,0.02518628517465217,0.3475144974040471
2005-06-30,0.035056134562488545,0.036777892685668806,0.017476261173573537,0.3504876078457533
2005-07-31,0.029341685126924,0.03020491678221364,0.02347454826151872,0.376226139481106
2005-08-31,-0.003412131601407681,-0.0017231659506279726,0.011206313951126298,0.37921191968513274
2005-09-30,0.04713862525122828,0.04855796620126002,0.023269795177552344,0.41714872465025093
2005-10-31,-0.0359883058732556,-0.03427571968982563,-0.01920009982715014,0.44160677478306215
2005-11-30,0.10440987364921865,0.10559639848454525,0.034408642946892415,0.4343944991368116
2005-12-31,0.0733792416476319,0.07481603537464017,0.02731691904491778,0.4337531918350062
2006-01-31,0.11758294490079052,0.11843222869306616,0.036520318543767805,0.416074163412001
2006-02-28,-0.03123006275758772,-0.030152228059275657,-0.006278225142893314,0.4133775251990239
2006-03-31,0.08728501015700188,0.08844556231924404,0.031864497020084814,0.4050918320750944
2006-04-30,0.17445129656341982,0.17550626538611716,0.04622418137485062,0.37526890721934614
2006-05-31,-0.09985141689865468,-0.09911543019319294,-0.02414090604305237,0.35560622052496316
2006-06-30,-0.02019254006504859,-0.0188203094201039,-0.009459502882256755,0.35617931055815716
2006-07-31,0.00880512348425568,0.009540384573119268,0.010353901538828925,0.358370883203397
2006-08-31,-0.012804894464543566,-0.011608285431114838,0.01571475044225907,0.3570560840144512
2006-09-30,0.015372794229491796,0.01664955152419956,-0.007502745479276901,0.3573949298001954
2006-10-31,0.08418142633011089,0.08516050326281241,0.015234148442279112,0.35259212696229136
2006-11-30,0.048710124559152385,0.04927775551866318,0.021419828571737444,0.35140690754369175
2006-12-31,0.008630499315672365,0.009900761554519404,-0.005879559408065764,0.3624582243228757
2007-01-31,0.052700903956694446,0.054932691742191044,-0.0007822229315710726,0.36057579770125714
2007-02-28,-0.04121968296629758,-0.04078474681276245,0.012847251980927066,0.3599675135805086
2007-03-31,0.013319032018226352,0.014779760774940916,0.011302482041354133,0.3628438209292114
2007-04-30,0.11148158501904365,0.11329044117242976,0.023175652915428755,0.4077872812424438
2007-05-31,0.03966161421546989,0.04162261584487663,0.0012963203101805983,0.40793293191971014
2007-06-30,0.04326544224660557,0.045378534052861616,0.0030660655599072397,0.40881713194577457
2007-07-31,-0.05532542063830796,-0.05426228912719691,0.011481338320624333,0.4032917564651746
2007-08-31,0.024864047823792063,0.027391854551325284,-0.004001631058339937,0.4034305799215882
2007-09-30,0.13175258873267703,0.13332424492841127,0.04284342811214911,0.3853579576077969
2007-10-31,0.1681608732885551,0.16953505346338957,0.03162658208018305,0.3565117835611769
2007-11-30,-0.013452685424029985,-0.012615656617749556,-0.02118414888257078,0.3565195317136484
2007-12-31,-0.00450086333842171,-0.0030765902002320407,0.003163037939416852,0.35530571891414453
2008-01-31,0.050747190436782115,0.052353277514263025,-0.01962075928639992,0.35961742080270326
2008-02-29,0.1161418677975612,0.11809293538971315,0.026041423431314065,0.34823042925243947
2008-03-31,0.0626292116779672,0.06325108935015622,-0.019168769487753524,0.3505522889717009
2008-04-30,-0.18726155962403915,-0.1866820184998505,0.023985395844436125,0.3012939310339134
2008-05-31,-0.005307757697895348,-0.002989701725658795,0.004253249663586053,0.3024815707134275
2008-06-30,0.025697356530248922,0.026194857187288836,-0.015447121738623228,0.30254104607685395
2008-07-31,-0.005744228391972591,-0.0043737430760032205,-0.012551007369897092,0.3014563215990229
2008-08-31,-0.012307051316263537,-0.010821821461593772,-0.027078725052716017,0.30072415256310364
2008-09-30,0.13422854108138998,0.13556840379448684,-0.06347192977827987,0.28634879784017664
2008-10-31,0.36507673804166485,0.3657359727478656,-0.12835817427875987,0.20573760689959938
2008-11-30,0.10316003165745385,0.1040255743960797,-0.009874904725649811,0.20107330395226758
2008-12-31,0.03570633917908924,0.036012398364068096,0.018942692826322015,0.20105310917849534
2009-01-31,-0.003799394578683692,-0.0033645644504785733,-0.03531765296661491,0.20102500031220352
2009-02-28,0.0417397704400757,0.04229740356918142,-0.025886377279311118,0.20222696869354517
2009-03-31,-0.06521304602764157,-0.06503629096418462,0.0478104141949382,0.19572952690618411
2009-04-30,-0.05335652731386321,-0.05295305308374902,0.03920567666011069,0.19450295998275444
2009-05-31,0.01261009139187857,0.013321931192579864,0.06773437433035581,0.1988704766883467
2009-06-30,-0.006987469208098927,-0.0064647064073247535,-0.0025001108537048783,0.19907891331441843
2009-07-31,0.019913836251244762,0.020211762549011608,0.045666306938812996,0.19931001228279333
2009-08-31,0.013140836914613086,0.013514414631624564,0.019838179741886258,0.19995585478064934
2009-09-30,0.029516443429031553,0.0298504988137274,0.028278477497445758,0.20007615661985786
2009-10-31,-0.006639599287711788,-0.006291708422988355,0.0016581521299650018,0.199904060338234
2009-11-30,0.04417651893373405,0.04451999471894934,0.031171546018451197,0.19950143394742656
2009-12-31,-0.0509891161233588,-0.050506998565918594,0.0012132283118943786,0.19542011425578618
2010-01-31,-0.05558157236852361,-0.05449062825267482,-0.028330881441253015,0.1911295485125019
2010-02-28,0.01669664447747926,0.017535049736894,0.017923055053307723,0.19243046337444308
2010-03-31,0.026484507915860243,0.026714444539743795,0.03079036377195176,0.19248193684983103
2010-04-30,-0.00028374647436752945,8.24094164582343e-05,0.008006981664110051,0.1936501738614758
2010-05-31,-0.020337702135509908,-0.019879130510970924,-0.036099686256701166,0.1925295930969323
2010-06-30,0.013797740468928798,0.014405660273051759,-0.002927570696521146,0.19254734626123982
2010-07-31,-0.03219949745637915,-0.03185934346727381,0.028922421085604652,0.19208198093716256
2010-08-31,0.0173666981094257,0.017830731283164286,-0.0038199177793272255,0.19208745773106492
2010-09-30,-0.012434207766303286,-0.012075339506234602,0.050552403930030555,0.19341363166513087
2010-10-31,0.030783599945463064,0.03134796503285897,0.021181473034883207,0.19752994116992045
2010-11-30,-0.017193073077328133,-0.017026595691795286,0.010153910817633085,0.1971090791860783
2010-12-31,0.036282954924688166,0.03685914066093949,0.031881058646157874,0.1968248356635914
2011-01-31,-0.0062916796753434015,-0.005918560706140395,-0.0037497700481924972,0.19672500787630448
2011-02-28,0.02249582812310938,0.022931791358543063,0.02826887760232547,0.19898363392157636
2011-03-31,0.003913592629622051,0.0043800603710664,0.004139979282038009,0.1994719589047403
2011-04-30,0.045475188304216436,0.04582661399353276,0.03832386482163009,0.21174303270419673
2011-05-31,-0.028632151022952464,-0.028021875356972273,-0.02054913617954201,0.21031249078634345
2011-06-30,-0.013190822646097526,-0.012775432150984483,-0.01717485167692951,0.20964283761391275
2011-07-31,0.018143558631776587,0.018527045613198182,0.017245992317577626,0.20990827438752097
2011-08-31,0.046776036084774,0.04735114400260847,-0.020173171911349912,0.20949080770822007
2011-09-30,0.00863510978272996,0.00893810486309212,-0.06112454111259141,0.21532652093805432
2011-10-31,-0.09202170549047993,-0.09142990395235862,0.06508226036591569,0.3101846407898881
2011-11-30,0.01387851923723073,0.014515194331082093,-0.014626577919248328,0.34657472922192667
2011-12-31,0.02710598157555119,0.02823665002359745,-0.014335351806640554,0.3510030101782762
2012-01-31,-0.03482213817248284,-0.03416764717800906,0.049200760833845315,0.3492202358304052
2012-02-29,-0.02257061755627355,-0.02201526174735873,0.023972155027444816,0.35701161593122005
2012-03-31,-0.0003673346693460148,0.0008243202061333898,-0.00969234414878789,0.37889728216858165
2012-04-30,-0.03313799575407253,-0.0320703064431056,0.0015244447804453338,0.39588350633145303
2012-05-31,-0.01968344599705988,-0.018347084365959977,-0.05252589739965369,0.3961364124352273
2012-06-30,-0.056520233656033966,-0.05443752704607517,0.014049992173805993,0.39126116791478416
2012-07-31,0.011615762115756038,0.013347039733560774,0.012746227221504747,0.3935771978436298
2012-08-31,-0.027570785407734475,-0.026580209751801056,0.020687769204128945,0.3936805351260397
2012-09-30,0.005151059331328849,0.006419524337182794,0.021706107967748765,0.39993592420900687
2012-10-31,-0.026643752847976786,-0.025568082613572504,-0.013403822633542738,0.39921937458096063
2012-11-30,0.015179582108338908,0.01654677354997122,0.011430218730091575,0.4140866510430023
2012-12-31,0.04812139317138403,0.049655284530909644,0.003300473421770807,0.42816288702999883
2013-01-31,0.1249923882926771,0.12647631740227117,0.018583525989317475,0.42709503644792945
2013-02-28,-0.010525236665066431,-0.009305558851720463,-0.010475676459305213,0.42885538107931676
2013-03-31,0.033318912710441295,0.035408261411429345,0.00551986259683597,0.43275542059290145
2013-04-30,0.07811727325910214,0.07882593790030844,-0.0015247767711392974,0.42299645701768335
2013-05-31,-0.013148970616308556,-0.011490990811840887,-0.012314341682075645,0.4269578356456383
2013-06-30,0.03480463179573739,0.037448677747371165,-0.030723348967386266,0.42639853967775626
2013-07-31,0.006289594762060516,0.007134753905447617,0.02687678262179404,0.4381456182340642
2013-08-31,-0.04184561731988594,-0.04015291937462114,0.011744027180255578,0.4357488341524436
2013-09-30,-0.014385115521207442,-0.01268684636025794,0.012285703349937019,0.4372563250563988
2013-10-31,0.06308828536204675,0.06537511560510756,0.010531398619846836,0.43851172955571466
2013-11-30,0.05611605995354645,0.0568808438634619,-0.0037349525257985247,0.4382047157578327
2013-12-31,0.07911557151364008,0.08064233859436395,0.004960092732754267,0.43855377231313303
2014-01-31,-0.17009250221913738,-0.1688798279008189,-0.011454102885996315,0.3901108764950584
2014-02-28,-0.012185108871836202,-0.009205131783134543,0.028289661293302355,0.3926743964539759
2014-03-31,-0.030920839975300114,-0.02909671432003585,-0.015042805986544892,0.39100622102742166
2014-04-30,0.005736567094546461,0.007482987913946775,-2.6288857188484327e-06,0.40476620188698137
2014-05-31,0.0017991782759971037,0.0030540545532969205,0.012295786494388441,0.4100166233395505
2014-06-30,-0.018652032831933795,-0.01672916772145933,0.01634264703108003,0.41067057438588983
2014-07-31,-0.04055379849645864,-0.03919986411203701,-0.0034686298494106104,0.41003299351116107
2014-08-31,0.026909129531308685,0.029741647631192625,0.0025880410160822025,0.4244529390808461
2014-09-30,0.04669554381803047,0.04882180287887806,-0.02958776816584066,0.42060149279682973
2014-10-31,0.05462324805293921,0.05644264521880942,-0.0001489022860592631,0.48730650957429056
2014-11-30,0.14563969645314542,0.14878315280950838,-0.007170482024189025,0.45094367593615237
2014-12-31,0.07403233039771392,0.07535698234545847,-0.013140073764146016,0.4441746251397146
2015-01-31,0.22940108841022303,0.23083320177259994,0.015267648231457978,0.3787054618270341
2015-02-28,-0.02316599719736692,-0.02146200375671094,0.014858292514064,0.3790013981603285
2015-03-31,0.05883613526753023,0.060383378886795645,-0.0031007012720473673,0.37619637918328486
2015-04-30,-0.0936391931192523,-0.0925479350118554,0.021849552618730665,0.3617968776974161
2015-05-31,0.02554016519699308,0.02786566229120752,0.0008217580972126768,0.3631148496849985
2015-06-30,-0.09835623339204964,-0.096882041992783,-0.024017183538481323,0.35083538307638146
2015-07-31,0.018510790663461767,0.02108731148701274,-0.01572631633368594,0.3507669437082956
2015-08-31,-0.1334918318302456,-0.13174788763421694,-0.027779555042759984,0.324643687077753
2015-09-30,0.05514710964246705,0.05791875671208236,-0.02005344459816286,0.3216752468279076
2015-10-31,-0.13843527435933325,-0.13769790479831473,0.03639075816297165,0.2962420880870476
2015-11-30,0.04994069862553052,0.051599571330403424,-0.021629082063855855,0.2939100199291952
2015-12-31,-0.03315169283337437,-0.03176956174986157,-0.01160719117777069,0.2928836228085987
2016-01-31,0.008210240838961286,0.00917770853579095,-0.022982468514346228,0.30140081464012475
2016-02-29,0.04641824721994288,0.04819986186685524,0.0031085470559628053,0.29927685714534685
2016-03-31,-0.10089700383461732,-0.09988776293471992,0.034307213143985285,0.2866319632471568
2016-04-30,0.027348382919196407,0.028960829829337644,0.028421179125786428,0.28883514432784557
2016-05-31,-0.05389466327021883,-0.05313480454250088,-0.0031632297114397244,0.2853118030166629
2016-06-30,0.015713251931935374,0.016945907961377238,0.013545671652113338,0.2857121224771479
2016-07-31,-0.006487703254354478,-0.004346005107974252,0.01955216704478794,0.28570517955304287
2016-08-31,-0.01719134362128807,-0.015911418318203703,-0.0011630102950717035,0.28624982691618406
2016-09-30,0.006017938061530096,0.006895065294842283,0.009826103732422375,0.2863103387737758
2016-10-31,-0.0294888568410465,-0.028655863666538647,-0.015948281139653974,0.2875382689224943
2016-11-30,-0.023742434896440155,-0.022370957107144946,-0.00037180997386584763,0.2888963303339481
2016-12-31,0.04462583862462976,0.04586651403270587,0.007884022908408216,0.28984376914319726
2017-01-31,-0.022048518761005595,-0.02159215025707031,0.020272442516689564,0.30559958266490855
2017-02-28,0.03179049865623136,0.0326454490319393,0.016830508975639404,0.30430946816569854
2017-03-31,0.003673999474185224,0.004728676040611575,-8.706916616787151e-05,0.3050320927707612
2017-04-30,-6.972338103153623e-05,0.0012366946525853581,0.0033291658027423455,0.3050562545160802
2017-05-31,0.019960000834782284,0.02090618955855706,0.008426521541718659,0.30457673737440377
2017-06-30,-0.01490899556045461,-0.013649630401597185,-0.005318790193011544,0.3045288739205554
2017-07-31,0.0373771422331509,0.03873940275183155,0.01707059280305225,0.3041844417399231
2017-08-31,0.022363943659419596,0.023424782898395183,0.009367278125274197,0.30411739854928
2017-09-30,-0.028260706945243165,-0.027825322914866335,0.002086624195128506,0.30421391122465424
2017-10-31,0.034179883060929714,0.0358961680827191,0.017954702349222397,0.3046815788050464
2017-11-30,0.02677046228074271,0.027891645654381885,0.007846422028707438,0.3153137131517389
2017-12-31,0.016883715566273542,0.017965099467039416,0.01721258621652258,0.31871206388548057
2018-01-31,0.10627699657348227,0.10726294309577382,0.01858555449054765,0.3433039692123671
2018-02-28,-0.07206967747626784,-0.07095027748264066,-0.0255888575484584,0.3371277155145125
2018-03-31,-0.02474163652967819,-0.023417491160507717,-0.006132794419109867,0.34171686385610445
2018-04-30,-0.05220151126289338,-0.050754063747785655,0.011108550727205136,0.3478995809469046
2018-05-31,-0.01522411218133028,-0.012909882491448253,0.002535169088849863,0.3494309037584734
2018-06-30,0.014588577869919036,0.016620654972829003,-0.002830577044916528,0.36094744407185536
2018-07-31,0.03605257023954593,0.03782823380844902,-0.004086586523057834,0.3593073103534286
2018-08-31,0.025894085716530863,0.0269315809910272,-0.005557801501111594,0.3891681819645563
2018-09-30,0.011833437286688285,0.0137946561573697,0.0033057429328633976,0.39697956157710523
2018-10-31,-0.03835452126268884,-0.036389970045664626,-0.04276131409957298,0.45547957895644164
2018-11-30,-0.02090864277939435,-0.018390721193054193,-0.005392789890052855,0.4663868459243474
2018-12-31,-0.04586135560206228,-0.04405492205014972,-0.017807224385411203,0.4676342586397129
2019-01-31,-0.20816539313636903,-0.20482014481152913,0.04440215167772148,0.4020558073201301
2019-02-28,-0.041320974756584965,-0.03862631838328816,0.015149270585208615,0.40860026025590146
2019-03-31,0.03373393660079661,0.035858314691906194,0.008650193803239675,0.4394920087837936
2019-04-30,0.021464300743002488,0.023303617350260507,0.013918009854626878,0.44239993109482856
2019-05-31,-0.0804859051042758,-0.07903878902988182,-0.029186325690251147,0.4430916376091367
2019-06-30,-0.008526246069502919,-0.006045542853517239,0.03711400405319952,0.44472321022055744
2019-07-31,0.01316427485928397,0.01582098240990108,0.004022976570390603,0.44405811574522897
2019-08-31,0.14389566433755102,0.14649920518176543,0.0016192888420119137,0.408747247737178
2019-09-30,-0.06956785076831544,-0.0680389163019467,-0.0006988319439167653,0.4008693187033959
2019-10-31,-0.008103195822933468,-0.006394166125392715,0.017025620077989502,0.4035951892220697
2019-11-30,-0.0019117771890690299,0.00028271761550052607,0.00280419980297471,0.4054155107932116
2019-12-31,0.03010825572112707,0.032759129333494175,0.020509626926262847,0.4107488743093658
2020-01-31,-0.04861693343763435,-0.04727976254470846,-0.007877620912341761,0.408464746711891
2020-02-29,-0.03467483151101414,-0.0314605930216573,-0.03370005787576139,0.41033919538160857
2020-03-31,0.2788759979946663,0.2808078263171005,-0.08916841546989787,0.3177936515360296
2020-04-30,-0.1437860773523111,-0.1418975126244339,0.0834752990400521,0.29276489265480643
2020-05-31,-0.02436629679890855,-0.023236796057540483,0.07813559697298765,0.2926237603002611
2020-06-30,0.003594291845771194,0.0047272233346291525,0.029549249079982413,0.29278290690370573
2020-07-31,0.09646240076975146,0.09712497196047594,0.04015892345720854,0.28324051349807383
2020-08-31,0.04853563372879203,0.04970677651861414,0.0312483006676495,0.2809562464005001
2020-09-30,-0.07354518837347031,-0.07274206893322155,-0.029778929496494005,0.2753986863364234
2020-10-31,-0.01762985491487815,-0.0168455998816056,-0.01736705140697967,0.27631667578440583
2020-11-30,0.01365013189607061,0.015075415278111994,0.06610691074732088,0.2768271497811277
2020-12-31,0.06803598999014576,0.06939833254514881,0.032644469637063356,0.27153301185782214
2021-01-31,-0.004122901913912364,-0.0036422235536989144,0.001959984413775244,0.2819944996489896
2021-02-28,0.07076779535709311,0.07170448227324316,0.015915090412083003,0.2797776661057861
2021-03-31,0.024452043049262778,0.025281717051097267,-0.006188666910680963,0.27967736917800134
2021-04-30,0.0069294535236337496,0.007919496251254037,0.030729426085215936,0.28209205322460784
2021-05-31,0.02823719499460064,0.029453217262392313,0.01769878285174674,0.2816181712868318
2021-06-30,-0.05502961300453074,-0.05435541422616151,0.0008513593880932248,0.27767050133057686
2021-07-31,-0.008559383363713442,-0.0073360048903361105,0.0014664631794306967,0.2783842544724058
2021-08-31,0.007824433145170836,0.008647489156162065,-0.00281888050541987,0.27875654245591336
2021-09-30,0.01745565683519171,0.018445415230321876,-0.019836958549739304,0.27850725937805254
2021-10-31,-0.0028651572280088767,-0.0021081142060996854,0.029712696346452266,0.2794189776856117
2021-11-30,-0.020383189560171794,-0.01928247019100062,-0.02626775256631829,0.27907637813066516
2021-12-31,-0.006279067415159169,-0.005010674448176415,0.022547709683166776,0.2800260006866762
2022-01-31,-0.022323783353176155,-0.021103019359673625,-0.015416622000538107,0.3007396668452107
2022-02-28,0.010091596676025919,0.01173071516747915,0.0028345084078417,0.30237874054534175
2022-03-31,0.1092243117037308,0.10999260536344631,0.008012147690183142,0.29026540968500847
2022-04-30,0.13349764175126771,0.13421150399230414,-0.041675570622348425,0.27309396482382087
2022-05-31,-0.036318678804865744,-0.0356449948483328,0.001711190590216793,0.27478404728968164
2022-06-30,0.06332114081858825,0.064296715637014,-0.048528237149128094,0.27211965171250013
2022-07-31,-0.06443677266015321,-0.06343105167867152,0.01592441892745121,0.2655336033075598
2022-08-31,0.05460631735401393,0.05589320195583931,-0.03285911612500376,0.2699957042751678
2022-09-30,0.16260732190212332,0.16360181286195877,-0.052190626003677874,0.25049569120365245
2022-10-31,-0.009990011768875711,-0.009556897689852531,0.011630406829723413,0.2502280039091171
2022-11-30,-0.1526840925185442,-0.1521911795441851,0.056122565341548664,0.22528349168683431
2022-12-31,-0.010057129960952775,-0.008753183737757715,-0.0030281624158827345,0.22501743841766347
2023-01-31,-0.008042863223659203,-0.007324093437222079,0.0449385932864929,0.22596681820843714
2023-02-28,-0.03554116340362349,-0.034834897346875456,-0.028726866757629234,0.2247646277478194
2023-03-31,-0.04091171076063111,-0.039866021935358806,0.027541453982534117,0.2462090202172092
2023-04-30,0.014223962167874872,0.015565937078734396,0.00596895540164796,0.261707418589058
2023-05-31,-0.01600868457408809,-0.01539784237417579,-0.022963226253754267,0.26202918125246305
2023-06-30,0.026500039191585306,0.027959449287286726,0.014614798464053261,0.261650389518794
2023-07-31,0.016127593119449134,0.017307031444847753,0.030496876679780908,0.2687437647456971
2023-08-31,-0.013461898578724957,-0.01292639350236462,-0.02063030123415891,0.27019425386908436
2023-09-30,0.010123534314320129,0.010580150560135056,-0.026750401577253807,0.2773164422087484
2023-10-31,0.007001964428995734,0.008132984618810806,-0.018761921422557885,0.27810338345743507
2023-11-30,-0.07503203369906526,-0.07444958619588654,0.042649891299804975,0.2704245144354312
2023-12-31,0.010004920863601415,0.011762799412285696,0.018168421995626804,0.27496954891978714
2024-01-31,-0.00983256520671325,-0.009018710525122473,-0.0022994062775907073,0.2748285942668643
2024-02-29,0.0389194225339544,0.04032450842148735,0.012057604754864766,0.278429404345241
2024-03-31,0.033316068605561314,0.033997982660325235,0.026608616474391392,0.27789463599892245
2024-04-30,0.00502835138748921,0.0058097138544585,-0.0018487645747181773,0.27790739646435597
2024-05-31,0.02108472994573761,0.021827791239527515,0.019398181066113674,0.27827305560604426
2024-06-30,-0.0013999429171325623,-0.0007385004521943041,0.004261346317925013,0.2824031795776756
2024-07-31,-0.023489859121110065,-0.022682567749265616,0.005335285571219834,0.28165348147762514
2024-08-31,0.020837990992178406,0.022131021892015035,0.009984415910867102,0.2813270283511706
2024-09-30,0.0486043314026186,0.04981258649875018,0.024271442798076148,0.2792231419367152
2024-10-31,-0.09409832521528784,-0.09375049006202116,-0.012218391755921328,0.2682829632611562
2024-11-30,-0.01887989299835471,-0.017417287209718288,-0.0006564758921186262,0.26833746275867115
2024-12-31,-0.01789306991004333,-0.016408938544289268,-0.008947013018820244,0.26796217578859627
2025-01-31,0.008515797883587313,0.009866338691038215,0.02815129601657848,0.2685793806136659
2025-02-28,-0.025592129681784065,-0.024754770445830476,0.008756946510346987,0.26770594180491264
2025-03-31,0.014848003162120827,0.015783592073057986,0.006036590155569967,0.2785400920520767
2025-04-30,0.010502982922049847,0.011463122378010178,-0.00918181002942306,0.30077865114946833
2025-05-31,-0.009495030272959223,-0.008182786136175835,0.022071606143283747,0.30252934173224577
2025-06-30,0.048115006160051155,0.049228999411483995,0.02953201695022137,0.30605308460885944
2025-07-31,-0.04422561163834113,-0.04329079352506418,0.001413753521888402,0.31021636911634753
2025-08-31,0.03320374712088483,0.03492249890367045,0.015997301843455193,0.31450657172658136
2025-09-30,0.0831797422631052,0.08452902264890853,0.029593054427455977,0.3648807538270864
2025-10-31,0.08591944419114694,0.08694146508303095,0.01779023394168196,0.3525152889667329
2025-11-30,0.03208984764986023,0.03310986219040295,0.0072759752043299935,0.44964788475730455
2025-12-31,0.061289978164880396,0.06255887922813225,0.019755018607925705,0.44454752095089556
2026-01-31,0.08189890655309529,0.08371679296181718,0.03487450479029475,0.4349517403931128
2026-02-28,0.09313364189480039,0.0944605589836141,0.029793236704019725,0.43364391752337095
2026-03-31,-0.24329460856870683,-0.24112349892460663,-0.030589480777566052,0.3564706272013083
2026-04-30,-0.03950733421523869,-0.03571289182275726,0.03580761612689222,0.3541248413843401
2026-05-31,0.050402685421320814,0.05213240862880482,0.010796229343002683,0.35220050916404744
2026-06-30,-0.011903487273533842,-0.010751352433002358,-0.035353681394278406,0.3531125884248649
